opis_id,name,address,city,state,rack_id,price_per_gallon,latitude,longitude,geocode_source
7,WOODSHED OF BIG CABIN,"I-44, EXIT 283 & US-69",Big Cabin,OK,307,3.007,36.607931,-95.274736,city_centroid
9,KWIK TRIP #796,"I-94, EXIT 143 & US-12 & SR-21",Tomah,WI,420,3.287,43.994833,-90.491704,city_centroid
20,PILOT TRAVEL CENTER #1243,"I-8, EXIT 119 & SR-85",Gila Bend,AZ,930,3.899,32.93059,-112.746832,city_centroid
28,LITTLEFIELD EXPRESS #2,"I-540, EXIT 12 & US-71",Fort Smith,AR,645,3.399,35.365272,-94.411035,city_centroid
35,ACI TRUCK STOP,US-46,Columbia,NJ,90,3.079,40.938805,-75.054983,city_centroid
36,SHENANDOAH TRUCK CENTER,"I-81, EXIT 273 & SR-703/SR-292",Mount Jackson,VA,60,2.899,38.768819,-78.676655,city_centroid
44,CIRCLE K #2612042,"I-35,  EXIT 271",Jarrell,TX,595,2.919,30.748406,-97.600833,city_centroid
46,PETRO STOPPING CENTER #348,"I-85,  EXIT 22 & CR-138",Shorter,AL,720,3.154,32.383585,-85.91616,city_centroid
49,TA SEYMOUR TRAVEL CENTER,"I-65, EXIT 50 & US-50 & US-31",Seymour,IN,415,3.959,38.957133,-85.882477,city_centroid
50,TA COUNCIL BLUFFS TRAVEL CENTER,"I-29 & I-80, EXIT 3",Council Bluffs,IA,319,3.726,41.252954,-95.880992,city_centroid
56,TOPS TRUCK STOP,"I-94, EXIT 182 & US-83",Sterling,ND,390,3.516,46.843583,-100.274392,city_centroid
75,Good 2 Go #709,US-50,Montrose,CO,810,3.424,38.46783,-107.875182,city_centroid
77,OASIS TRAVEL PLAZA,US-13,Laurel,DE,243,3.229,38.553695,-75.563052,city_centroid
79,DELAWARE TRUCK PLAZA,US-13 & US-40,New Castle,DE,243,3.249,39.67703,-75.589938,city_centroid
81,One9 #89,"I-75, EXIT 224",Ellenton,FL,225,3.439,27.53818,-82.5006,city_centroid
85,DOWNIEVILLE FUEL STOP,"I-70, EXIT 234",Dumont,CO,800,3.459,39.764722,-105.599722,city_centroid
91,MOLLYS FOOD & FUEL,"I-20 & ST 22, EXIT 55",Crawfordville,GA,135,3.499,33.570801,-82.887234,city_centroid
105,TA SAGINAW I 75 TRAVEL CENTER,"I-75, EXIT 144-B",Bridgeport,MI,260,3.269,43.355309,-83.854906,city_centroid
118,Lupton Truck Stop #567,"I-40, EXIT 359",Lupton,AZ,580,3.299,35.4086,-109.07,city_centroid
121,PETRO STOPPING CENTER #306,"I-10, EXIT 200",Eloy,AZ,930,3.474,32.750929,-111.583275,city_centroid
127,CIRCLE K #4700095,US-41,Henderson,KY,340,3.609,37.836111,-87.59,city_centroid
128,THE EFFINGHAM CHROME SHOP,"I-57 & I-70, EXIT 159",Effingham,IL,510,3.349,39.121727,-88.561105,city_centroid
135,LOVES TRAVEL STOP #766,"I-80, EXIT 27",Atkinson,IL,290,3.389,41.41619,-90.022482,city_centroid
147,SPEEDWAY #8039,"I-69, EXIT 234 & SR-67",Daleville,IN,375,3.624,40.125738,-85.511016,city_centroid
149,RAYS TRUCK WASH,"I-69, EXIT 309 & US-30",Fort Wayne,IN,370,3.592,41.0716,-85.1367,city_centroid
151,CUBBYS #2101,"I-80, EXIT 211 & SR-47",Gothenburg,NE,475,3.132,40.940035,-100.154707,city_centroid
159,PILOT TRAVEL CENTER #87,"I-10, EXIT 343",Jacksonville,FL,75,3.859,30.0759,-81.5803,city_centroid
160,PILOT TRAVEL CENTERS #79,"I-12, EXIT 10 AT MILE 10",Denham Springs,LA,600,3.232,30.5821,-90.9341,city_centroid
164,FLYING J TRAVEL PLAZA #650,"I-94, EXIT 15 B",Lake Station,IN,365,3.809,41.568629,-87.262209,city_centroid
167,FLYING J TRAVEL PLAZA #653,RT 2 & I-65 EXIT 240,Hebron,IN,365,3.436,41.315537,-87.208791,city_centroid
174,Hop-In Food Stores,US-59 & SR-224,Nacogdoches,TX,618,2.859,31.618534,-94.651093,city_centroid
184,SAPP BROS TRAVEL CENTER,"I-29 & I-80, EXIT 1B",Council Bluffs,IA,486,3.719,41.252954,-95.880992,city_centroid
186,COFFEE CUP FUEL STOP #5,"I-90, EXIT 154 & US-16",Moorcroft,WY,822,3.239,44.299932,-104.905904,city_centroid
187,DUDLEYS CORNER,"I-35, EXIT 165 & SR-3",Latimer,IA,433,3.232,42.759783,-93.351798,city_centroid
191,KUM & GO #0302,"I-35, EXIT 193 & SR 106",Clear Lake,IA,433,3.186,43.140607,-93.384978,city_centroid
192,Brew Stuart Truckstop,"I-80, EXIT 93",Stuart,IA,320,3.099,41.518643,-94.304563,city_centroid
195,PETRO STOPPING CENTER #311,"I-40 & I-55, EXIT 280",West Memphis,AR,435,3.367,35.148442,-90.17792,city_centroid
198,SINCLAIR,"I-76, EXIT 115",Atwood,CO,800,3.299,40.517432,-103.039301,city_centroid
199,PETRO STOPPING CENTER #366,"I-70, EXIT 252",Salina,KS,523,3.806,38.823802,-97.608787,city_centroid
203,PILOT TRAVEL CENTERS #31,"I-80/94, EXIT 2",Highland,IN,365,3.799,41.55005,-87.456911,city_centroid
207,MARATHON,SR-32,Sardinia,OH,300,3.566,38.983232,-83.796649,city_centroid
216,CIRCLE K #2721593,"I-10, EXIT 50",Ocean Springs,MS,715,3.416,30.440433,-88.780099,city_centroid
217,NORTH 9TH 24/7,"I-70, EXIT 252",Salina,KS,523,3.026,38.823802,-97.608787,city_centroid
231,DERBY CITYS TRUCK PLAZA,"I-75, EXIT 62 & US-25",Mount Vernon,KY,410,2.999,37.336609,-84.354882,city_centroid
235,PILOT TRAVEL CENTERS #92,"I-75, EXIT 358",Ocala,FL,225,3.359,29.1981,-82.0974,city_centroid
240,LA 1 SOUTH TRUCKSTOP,"I-10, EXIT 153 & SR-1",Port Allen,LA,600,3.039,30.471983,-91.254088,city_centroid
243,SAVE,US-41 & SR-10,Lake Village,IN,399,3.179,41.138741,-87.445422,city_centroid
244,BIG D TRUCK TRAVEL PLAZA,"I-10, EXIT 92 & SR-95",Duson,LA,725,2.982,30.191216,-92.152455,city_centroid
248,Mardi Gras Truck Stop,"I-10, EXIT 236",New Orleans,LA,725,3.729,29.960484,-90.075301,city_centroid
250,GOLDEN OX TRUCK STOP,"I-70/US-40, EXIT 159 & US-183",Hays,KS,523,3.499,38.878046,-99.320134,city_centroid
253,LOVES TRAVEL STOP #450,"I-40, EXIT 280 & I-55, EXIT 4",West Memphis,AR,435,3.326,35.148442,-90.17792,city_centroid
256,BFS FOODS #66,"I-68/US-40, EXIT 22 & US-219",Grantsville,MD,165,3.899,39.684436,-79.151665,city_centroid
257,PILOT TRAVEL CENTER #917- TOWN PUMP,I-15 & 31ST STREET EXIT 277,Great Falls,MT,815,3.636,47.509812,-111.273397,city_centroid
263,CASEYS #3956,I-94 EXIT 16,Bridgman,MI,465,3.559,41.936199,-86.554334,city_centroid
267,CORNER MARKET #117,SR-154 & SR-129,Dodge City,KS,357,3.399,37.756882,-100.024074,city_centroid
269,PILOT TRAVEL CENTERS #24,"I-75, EXIT 15",Monroe,MI,325,3.249,41.92751,-83.404848,city_centroid
278,CARLISLE PLAZA,US-41,Carlisle,IN,510,3.499,38.976297,-87.366738,city_centroid
281,CIRCLE K #4700065,"I-65, EXIT 76 & US-31",Taylorsville,IN,375,3.399,39.295833,-85.950833,city_centroid
289,LOVES TRAVEL STOP #173,"I-70, MM 209",Lawrence,KS,553,3.229,38.964402,-95.241789,city_centroid
292,PETES #56,US-169 & CR-5000,Cherryvale,KS,307,3.232,37.266828,-95.559019,city_centroid
293,LOVES TRAVEL STOP #176,"I-35, MILE MARKER 97",Matfield Green,KS,336,3.256,38.144768,-96.554105,city_centroid
304,FL Roberts,"I-91, EXIT 4",Springfield,MA,100,3.599,42.106,-72.5977,city_centroid
309,QUIKTRIP #231,"I-635, EXIT 3",Kansas City,KS,400,3.199,39.115733,-94.627139,city_centroid
323,SAPP BROS TRAVEL CENTER,"I-80, EXIT 126",Ogallala,NE,475,3.466,41.127505,-101.710742,city_centroid
326,FLYING J TRAVEL PLAZA #748,"I-15, EXIT 357",Willard,UT,835,3.749,41.398944,-112.031653,city_centroid
341,TA JACKSONVILLE SOUTH TRAVEL CENTER,"I-95, EXIT 329",Saint Johns,FL,75,3.469,30.095578,-81.621701,city_centroid
347,7-ELEVEN #40514,I-90/80-IN TOLL RD MM 22E,Portage,IN,365,3.991,41.567201,-87.175689,city_centroid
358,TA BINGHAMTON TRAVELCENTER,"I-81N, EXIT 2W & I-81S, EXIT 3",Binghamton,NY,32,3.689,42.146307,-75.886517,city_centroid
361,CIRCLE K #2726293,"I-295, EXIT 25",Jacksonville,FL,75,3.316,30.0759,-81.5803,city_centroid
368,WILTON TRAVEL PLAZA,"I-87, EXIT 16",Gansevoort,NY,12,3.749,43.180343,-73.705267,city_centroid
372,GAS DEPOT,"I-94, EXIT 5",Hammond,IN,365,3.999,41.609929,-87.507911,city_centroid
381,7-Eleven #41830,US-69 & US-135,Jacksonville,TX,630,2.916,31.96177,-95.270328,city_centroid
387,Circle K #2709664,"I-8, EXIT 12",Yuma,AZ,930,3.489,32.701507,-114.642362,city_centroid
388,Pilot Travel Centers #14,"I-71, EXIT 131",Sunbury,OH,315,3.719,40.265499,-82.851051,city_centroid
391,PILOT TRAVEL CENTERS #13,"I-71, EXIT 209",Seville,OH,305,3.699,41.022731,-81.856199,city_centroid
403,TRUCKOMAT OF HEBRON,"I-70, EXIT 126 & SR-37",Hebron,OH,315,3.429,39.953464,-82.491868,city_centroid
407,FUEL MART #641,"I-80 & I-280, EXIT 71",Perrysburg,OH,550,3.499,41.542926,-83.592727,city_centroid
421,PETRO STOPPING CENTER #316,"I-40 & I-35, EXIT 127",Oklahoma City,OK,483,3.302,35.473,-97.5177,city_centroid
424,E EXPRESS,"I-40, EXIT 166",Choctaw,OK,483,2.899,35.471758,-97.272564,city_centroid
425,Neighbors Express,"I-16, EXIT 51",Dublin,GA,85,3.299,32.547794,-82.90368,city_centroid
442,WESTERN COOP,US-385 & SR-2,Alliance,NE,795,3.324,42.114943,-102.888045,city_centroid
455,MR FUEL #753,"I-95, EXIT 104 & SR-207",Ruther Glen,VA,180,3.266,37.945059,-77.47135,city_centroid
456,THE COUNTRY OASIS,US-24,Woodburn,IN,370,3.399,41.136102,-84.892871,city_centroid
458,HAPPY HILLS GAS & COFFEE,I-29 EXIT 110,Rock Port,MO,400,3.399,40.430581,-95.527403,city_centroid
460,TRUCK STOP 44,I-20 EXIT 44,Gilbert,SC,135,3.079,33.95805,-81.39136,city_centroid
461,SPINX #271,"I-26, EXIT 145 & US-601",Orangeburg,SC,42,3.262,33.502545,-80.859282,city_centroid
469,LOAF N JUG #750010,US-160 & SR-17,Alamosa,CO,803,3.259,37.470274,-105.878602,city_centroid
474,KEWANEE 1 STOP,"I-20, EXIT 169 & US-80",Toomsuba,MS,705,3.299,32.429583,-88.489225,city_centroid
478,GASTRAK OF PEMBINA,"I-29, EXIT 215",Pembina,ND,355,3.299,48.936124,-97.275611,city_centroid
483,ALLSUPS #2387,US-54/SR-136/SR-3 & US-64,Guymon,OK,585,2.976,36.696052,-101.47778,city_centroid
486,LA NORIA CONV STORES,"I-35 N, EXIT 4",Laredo,TX,693,3.299,27.515538,-99.498579,city_centroid
489,EDDIES CORNER,US-87 & US-191,Moore,MT,815,3.749,46.989811,-109.653838,city_centroid
491,One9 #403,"I-75, EXIT 117",Heiskell,TN,405,2.999,36.115027,-84.043826,city_centroid
496,PILOT TRAVEL CENTERS #270,"I-40 & I-75, EXIT 374",Knoxville,TN,405,3.439,35.9609,-83.9189,city_centroid
509,LOVES TRAVEL STOPS #256,"I-10, EXIT 140B",Van Horn,TX,640,3.649,31.042879,-104.832249,city_centroid
522,GO MART FOOD STORE #57,"I-70 & ST-285, EXIT 186",Lore City,OH,430,3.179,40.045854,-81.447853,city_centroid
523,CIRCLE K #2723322,"I-985, EXIT 20 & SR-60",Gainesville,GA,18,3.266,34.307269,-83.825596,city_centroid
525,FASTBREAK,US-45 ALT,West Point,MS,705,3.059,33.626496,-88.68226,city_centroid
546,PLAZA 30,US-30,Wanatah,IN,365,3.499,41.384477,-86.876439,city_centroid
557,SAPP BROS TRAVEL CENTER,"I-80, EXIT 73",Peru,IL,290,3.289,41.333021,-89.126478,city_centroid
559,SHELL MORGAN ROAD TRUCK STOP,"I-40, EXIT 142",Maumelle,AR,695,3.207,34.849085,-92.405892,city_centroid
566,TA GARY TRAVEL CENTER,"I-80/I-94, EXIT 6",Gary,IN,365,3.831,41.593333,-87.346389,city_centroid
567,TA ELOY TRAVEL CENTER,"I-10 & I-8, EXIT 203",Eloy,AZ,930,3.459,32.750929,-111.583275,city_centroid
572,PILOT TRAVEL CENTERS #881,"I-69, EXIT 309A",Fort Wayne,IN,370,3.879,41.0716,-85.1367,city_centroid
576,PETRO STOPPING CENTER #343,"I-10, EXIT 76",Egan,LA,600,3.624,30.250966,-92.500226,city_centroid
578,LOVES TRAVEL STOP #449,"I-84, EXIT 17",Troutdale,OR,935,3.779,45.525398,-122.373866,city_centroid
579,FLYING J TRAVEL PLAZA #764,"I-80, EXIT 104 & US-191",Rock Springs,WY,835,3.671,41.605957,-109.230047,city_centroid
586,AMERISTAR TRAVEL PLAZA #120,"I-82, EXIT 80",Prosser,WA,925,4.399,46.223183,-119.771014,city_centroid
588,TA TUSCALOOSA TRAVEL CENTER,"I-20/I-59, EXIT 77",Cottondale,AL,615,2.964,33.176667,-87.387051,city_centroid
591,TA Concordia Travel Plaza,"I-70, EXIT 58 & SR-23",Concordia,MO,400,3.226,38.977553,-93.581205,city_centroid
599,Sapp Bros Travel Center,"I-80, EXIT 59 & SR-17J",Sidney,NE,475,3.501,41.142778,-102.9775,city_centroid
602,JIFFY MART EXIT 18 TRUCK STOP,"I-89/SR-120, EXIT 18 & SR-120",Lebanon,NH,12,3.599,43.642222,-72.252222,city_centroid
614,TA MAYBROOK TRAVEL CENTER,"I-84, EXIT 5",Montgomery,NY,120,4.359,41.53332,-74.253417,city_centroid
628,KWIK FILL #227,"I-90,  EXIT 218",Geneva,OH,305,3.152,41.802864,-80.947363,city_centroid
636,UNION 76,"I-5, EXIT 233 E",Albany,OR,935,3.379,44.627722,-123.094409,city_centroid
651,ONE9 #1366,"I-40, EXIT 126 & US-641",Holladay,TN,460,2.986,35.895143,-88.091183,city_centroid
652,TA KNOXVILLE EAST TRAVEL CENTER,"I-40 & I-75, EXIT 374",Knoxville,TN,405,3.426,35.9609,-83.9189,city_centroid
669,PETRO STOPPING CENTER #350,"I-10,  EXIT 4",Canutillo,TX,640,3.499,31.934379,-106.592888,city_centroid
672,CROWN POINT TRUCK STOP,"I-295/US-130,EXIT 22",Thorofare,NJ,150,3.549,39.859178,-75.176698,city_centroid
680,TA EXPRESS SUMMIT,"I-29, EXIT 207 & US-12",Summit,SD,566,3.206,45.352128,-97.042654,city_centroid
684,7-ELEVEN #35101,"I-86/SR-17, EXIT 16",Randolph,NY,38,4.499,42.163143,-78.960034,city_centroid
689,FLYING EAGLE,"I-235, EXIT 4",Wichita,KS,570,3.499,37.6898,-97.3415,city_centroid
692,BP,US-63,Ottumwa,IA,489,3.399,41.015099,-92.413428,city_centroid
739,Arco #364420,US-23,Greenup,KY,255,3.649,38.547969,-82.868396,city_centroid
748,QUIKTRIP #4231,US-85,Evans,CO,800,3.172,40.380255,-104.697095,city_centroid
769,AYERCO #26,US-61/US-136,Alexandria,MO,345,3.016,40.344514,-91.515437,city_centroid
815,Kwik Trip #1508,"US-18/SR-151, EXIT 58",Barneveld,WI,420,3.489,43.015797,-89.904229,city_centroid
855,SPEEDWAY #7459,US-41 & SR-137,North Chicago,IL,293,3.289,42.318901,-87.847819,city_centroid
863,Ocean Fuel,US-301/SR-73,Sylvania,GA,195,3.499,32.77627,-81.633394,city_centroid
906,PILOT TRAVEL CENTER #429,"I-40, EXIT 280",West Memphis,AR,435,3.291,35.148442,-90.17792,city_centroid
908,CIRCLE K #2704888,"I-65, EXIT 246 & SR-119",Pelham,AL,615,3.466,33.31046,-86.806176,city_centroid
912,PETRO STOPPING CENTER #319,"I-20/59,  EXIT 100",Mc Calla,AL,615,3.126,33.284546,-87.102379,city_centroid
936,CASEYS #4254,"I-40, EXIT 129",Conway,AR,695,3.032,35.084199,-92.423574,city_centroid
970,CIRCLE K #2702885,"I-17/SR-60, EXIT 199A",Phoenix,AZ,930,3.392,33.451,-112.0685,city_centroid
977,PILOT TRAVEL CENTER #328,"I-10, EXIT 17",Quartzsite,AZ,930,3.959,33.5675,-114.2731,city_centroid
981,STINKER #85,"I-15, EXIT 93",Blackfoot,ID,825,3.532,43.194327,-112.361545,city_centroid
982,CIRCLE K #2701948,"I-8, EXIT 7 & SR-195",Yuma,AZ,900,3.566,32.701507,-114.642362,city_centroid
1028,FOUR STATES TRUCK STOP,"I-495, EXIT 4 & SR-9",New Castle,DE,243,3.399,39.67703,-75.589938,city_centroid
1042,Union 76,US-441 & SR-100A,Lake City,FL,75,3.562,30.0949,-82.7117,city_centroid
1043,SHELL DBA ONE9 #1401,I-75 EXIT 414  & US-41,Lake City,FL,75,3.244,30.0949,-82.7117,city_centroid
1047,TA MARIANNA TRAVEL CENTER,"I-10/SR-8, EXIT 142 & SR-71",Marianna,FL,20,3.607,30.758587,-85.229367,city_centroid
1075,PILOT TRAVEL CENTERS #68,"I-16 /SR-404, EXIT 51 & US-441",Dublin,GA,85,3.399,32.547794,-82.90368,city_centroid
1106,CIRCLE K #2705367,"I-20, EXIT 172",Thomson,GA,16,3.399,33.477363,-82.494204,city_centroid
1112,BC AMPRIDE TRUCK PLAZA,US-59/SR-141,Denison,IA,527,3.399,42.019626,-95.363572,city_centroid
1115,KWIK STAR #704,SR-57/SR-14,Parkersburg,IA,565,3.582,42.571377,-92.768763,city_centroid
1121,TRAVELERS OASIS,"I-84, EXIT 182",Eden,ID,787,3.799,42.580374,-114.162762,city_centroid
1128,TA CHICAGO NORTH TRAVEL CENTER,"I-94/US-41, EXIT 1",Wadsworth,IL,444,3.769,42.446032,-87.904048,city_centroid
1132,SPEEDWAY #7423,"I-57, EXIT 83",Ina,IL,293,3.249,38.152743,-88.889362,city_centroid
1136,PILOT TRAVEL CENTER #171,"I-74, EXIT 206",Oakwood,IL,280,3.399,40.116656,-87.7825,city_centroid
1140,CIRCLE K #4701398,"I-55, EXIT 82 & SR-104",Divernon,IL,280,3.499,39.567684,-89.654654,city_centroid
1149,PILOT TRAVEL CENTER #30,"I-70, EXIT 96",Greenfield,IN,375,3.959,39.790204,-85.814102,city_centroid
1151,SPEEDWAY #8061,"I-70, EXIT 115 & SR-109",Knightstown,IN,375,3.759,39.806029,-85.526148,city_centroid
1154,CIRCLE K #2704691,SR-71 & CR-214,Cedar Creek,TX,595,3.199,30.096636,-97.497602,city_centroid
1156,CIRCLE K #4700028,"I-74/US-421, EXIT 116 & SR-44",Shelbyville,IN,375,3.599,39.50434,-85.787515,city_centroid
1157,One9 #297,"I-70, EXIT 11 & SR-46",Terre Haute,IN,510,3.436,39.4666,-87.4138,city_centroid
1158,PILOT TRAVEL CENTER #36,US-30  & SR-49,Valparaiso,IN,365,3.859,41.475661,-87.075866,city_centroid
1163,SHORT STOP #13,US-54,Emporia,KS,553,2.839,38.418405,-96.187145,city_centroid
1176,PILOT TRAVEL CENTERS #353,"I-75, EXIT 129",Georgetown,KY,410,3.206,38.211712,-84.556179,city_centroid
1179,PILOT TRAVEL CENTERS #399,"I-65, EXIT 105",Lebanon Junction,KY,415,3.609,37.851054,-85.724641,city_centroid
1196,SOUTHERN BELLE TRUCK STOP,US-61 & SR-964,Saint Francisville,LA,725,3.384,30.858658,-91.392266,city_centroid
1199,ALLTOWN MARKETS #306,"I-190, EXIT 7",Leominster,MA,178,3.682,42.52744,-71.756308,city_centroid
1202,ONE9 #290,"I-95, EXIT 93 & SR-222",Perryville,MD,22,3.599,39.564894,-76.059227,city_centroid
1204,PETRO STOPPING CENTER #321,"I-70 & I-57, EXIT 159",Effingham,IL,574,3.349,39.121727,-88.561105,city_centroid
1208,D AVENUE FUEL PLAZA,US-131,Kalamazoo,MI,465,3.099,42.273565,-85.545653,city_centroid
1210,ROADHAWK TRAVEL CENTER,"I-94, EXIT 56 & SR-51",Paw Paw,MI,465,3.559,42.234931,-85.900488,city_centroid
1217,KWIK TRIP #250,"I-90, EXIT 179",Austin,MN,515,3.374,43.669538,-92.978374,city_centroid
1218,CASEYS #3658,SR-210,Pillager,MN,522,3.299,46.398395,-94.392287,city_centroid
1225,AYERCO #35,US-61 & US-61 BUS,Bowling Green,MO,494,3.016,39.334639,-91.196232,city_centroid
1234,Lamar Travel Plaza,US-71 & US-160,Lamar,MO,416,3.199,37.500221,-94.270253,city_centroid
1236,AYERCO #44,US-36 & US-24,Palmyra,MO,494,3.016,39.791309,-91.536817,city_centroid
1240,TEMP STOP #103,US-65,Sedalia,MO,400,3.199,38.696076,-93.232268,city_centroid
1247,SNAPPY MART #11,US-63 & SR-14,West Plains,MO,535,3.299,36.728418,-91.871681,city_centroid
1251,MAPCO #3009,US-72,Corinth,MS,435,3.154,34.93236,-88.543884,city_centroid
1256,DOUBLE QUICK #89,US-82/US-278,Greenville,MS,655,3.256,33.378737,-91.046793,city_centroid
1265,JOE JOES TRAVEL CENTER,US-78 & RED BANKS RD S,Red Banks,MS,435,2.972,34.875039,-89.519839,city_centroid
1304,LOVES TRAVEL STOP #667,"I-85, EXIT 152",Mebane,NC,65,3.947,36.097862,-79.271895,city_centroid
1315,CIRCLE K #2720218,US-421 BUS & US-15/US-501/US-1,Sanford,NC,177,3.082,35.464148,-79.176446,city_centroid
1325,SCOTCHMAN #3303,US-421 & US-74,Wilmington,NC,245,3.629,34.225304,-77.937856,city_centroid
1326,SPEEDWAY #7949,US-301/US-264 ALT & CR-1674,Wilson,NC,205,3.199,35.727022,-77.922733,city_centroid
1333,PUMP & PANTRY #15,US-30,Grand Island,NE,330,3.307,40.921858,-98.341062,city_centroid
1340,BORDENTOWN VALERO,"NJ TNPK, EXIT 7 & US-206",Bordentown,NJ,230,3.499,40.143141,-74.703249,city_centroid
1342,Delta,"I-80, EXIT 47B",Fairfield,NJ,115,3.202,40.882178,-74.296027,city_centroid
1344,BOLLA TRUCK STOP #193,US-202 & SR-17,Mahwah,NJ,115,3.532,41.074473,-74.155974,city_centroid
1348,GLOBAL,SR-73,Palmyra,NJ,150,3.359,40.003654,-75.025685,city_centroid
1356,LOVES TRAVEL STOP #257,"I-40 & HORIZON, EXIT 79",Milan,NM,580,3.591,35.169722,-107.890278,city_centroid
1364,7- ELEVEN #40507,"I-80/I-90, MM 56 WB",Rolling Prairie,IN,465,3.982,41.72286,-86.584092,city_centroid
1372,PILOT TRAVEL CENTER #469,"I-77, EXIT 101 & SR-627",Canton,OH,249,3.622,40.7962,-81.3768,city_centroid
1376,FUEL MART #782,"I-75, EXIT 118",Lima,OH,411,3.086,40.675926,-84.144049,city_centroid
1379,TA LODI TRAVEL CENTER,"I-71, EXIT 209 & I-76/US-224, EXIT 1",Seville,OH,305,3.739,41.022731,-81.856199,city_centroid
1384,SUNOCO,"I-80/I-90, EXIT 13 & US-20ALT/SR-15",Montpelier,OH,550,3.416,41.59821,-84.614703,city_centroid
1391,ONCUE EXPRESS #2045,"I-35, EXIT 203 & SR-15",Billings,OK,500,3.216,36.524609,-97.418889,city_centroid
1395,DOMINO FOOD AND FUEL #1,"I-40, EXIT 66",Clinton,OK,483,3.099,35.511543,-98.979533,city_centroid
1404,ONE9 #339,"I-74, EXIT 4 & SR-63",Covington,IN,375,3.262,40.132618,-87.381876,city_centroid
1414,SAC SHOP #507,"I-70, EXIT 12/161",Breezewood,PA,14,4.099,39.990521,-78.245271,city_centroid
1424,GETTYSBURG TRAVEL PLAZA,US-15 & SR-394,Gettysburg,PA,70,3.899,39.832044,-77.222313,city_centroid
1428,CIRCLE K #4702408,"I-65, EXIT 168 & SR-38/SR-25",Lafayette,IN,375,3.432,40.417743,-86.888358,city_centroid
1432,KWIK FILL #259,"I-81, EXIT 57",Mechanicsburg,PA,70,4.049,40.214167,-77.008889,city_centroid
1444,PILOT TRAVEL CENTERS #346,"I-20, EXIT 92 & US-601",Lugoff,SC,135,3.432,34.22961,-80.714712,city_centroid
1445,PILOT TRAVEL CENTERS #402,"I-80, EXIT 367",Cheyenne,WY,795,3.709,41.143719,-104.796234,city_centroid
1447,HOT SPOT #3005,US-221,Chesnee,SC,210,3.199,35.115398,-81.867827,city_centroid
1453,EXPRESS STOP,US-278/SR-101/SR-6 & SR-113,Rockmart,GA,193,3.319,33.997912,-85.05937,city_centroid
1455,PETRO FLORENCE,"I-95, EXIT 169",Florence,SC,46,3.326,34.18375,-79.772786,city_centroid
1461,CIRCLE K #2705370,"I-26, EXIT 15 & US-176",Inman,SC,210,3.099,35.052795,-82.054013,city_centroid
1464,CIRCLE K #2723254,"I-20, EXIT 55 & SR-6",Lexington,SC,135,3.199,33.981389,-81.236389,city_centroid
1470,CIRCLE K #2705348,US-1,Beech Island,SC,135,3.159,33.427222,-81.891111,city_centroid
1479,TA SPARTANBURG TRAVEL CENTER,"I-85, EXIT 63 & SR-290",Duncan,SC,210,3.432,34.917645,-82.125821,city_centroid
1487,ROADRUNNER MARKET #6019,"I-81, EXIT 36 NORTH",Greeneville,TN,405,3.499,36.160807,-82.833136,city_centroid
1492,MAPCO #3538,"I-24, EXIT 174",Chattanooga,TN,285,2.899,35.0455,-85.3081,city_centroid
1507,CIRCLE K #4703941,"I-55, EXIT 5A",Memphis,TN,435,3.189,35.0337,-89.9343,city_centroid
1516,LOVES TRAVEL STOP #261,I-27 EXIT 116,Amarillo,TX,585,3.232,35.166332,-101.886764,city_centroid
1531,CircleK #4702365,"I-74, EXIT 112 & SR-9",Shelbyville,IN,375,3.509,39.50434,-85.787515,city_centroid
1533,YESWAY #1157,US-62,Brownfield,TX,700,2.992,33.169801,-102.276157,city_centroid
1546,SHELL,"I-35, EXIT 86 & SR-85",Dilley,TX,740,3.099,28.678201,-99.174684,city_centroid
1548,TOOT N TOTUM #107,US-287,Dumas,TX,585,3.032,35.882315,-101.967984,city_centroid
1552,STRIPES #40911,US-59 & SR-16,Freer,TX,625,3.099,27.879984,-98.606129,city_centroid
1555,SEIBERT TRAVEL PLAZA,"I-70, EXIT 405 & SR-59",Seibert,CO,800,3.499,39.318329,-102.882184,city_centroid
1560,CATTREZ,US-20 & SR-5,Irving,NY,38,2.899,42.573866,-79.059634,city_centroid
1562,I MART #108,"I-40, EXIT 108",Wildersville,TN,435,3.099,35.769772,-88.438794,city_centroid
1567,KUM & GO #4110,"I-235, EXIT 11",Des Moines,IA,320,3.027,41.6005,-93.6088,city_centroid
1579,FLYING J TRAVEL PLAZA #924- TOWN PUMP,"I-15, EXIT 122 & I-90 MM220",Butte,MT,816,3.566,45.991579,-112.517807,city_centroid
1582,LOVES TRAVEL STOP #250,I-40 EXIT 60,Amarillo,TX,585,3.314,35.166332,-101.886764,city_centroid
1585,Stripes 7Fleet #42498,US-385 & CR-1910,Andrews,TX,710,3.369,32.320125,-102.540926,city_centroid
1590,ROAD RANGER #240,"I-80 & I-94, EXIT 15-A",Lake Station,IN,365,3.559,41.568629,-87.262209,city_centroid
1596,FLYING J #305,"I-40, EXIT 39",Jamestown,NM,580,3.442,35.421667,-108.308333,city_centroid
1597,7-ELEVEN #36156,"I-70 & SR-519, EXIT 25/333",Eighty Four,PA,165,4.999,40.186821,-80.062695,city_centroid
1599,ONVO TRAVEL PLAZA,"I-81, EXIT 10",Mc Graw,NY,220,3.439,42.594758,-76.081958,city_centroid
1602,CIRCLE K #2723387,US-98,Beaumont,MS,620,3.566,31.136763,-88.905492,city_centroid
1606,DONNAS TRAVEL PLAZA,"I-5, EXIT 202",Marysville,WA,962,4.559,48.065639,-122.156168,city_centroid
1610,TA BALTIMORE TRAVEL CENTER,"I-95, EXIT 57",Baltimore,MD,22,4.759,39.29463,-76.625203,city_centroid
1618,GO MART FOOD STORE #33,US-33,Ripley,WV,44,3.499,38.809042,-81.701987,city_centroid
1621,CIRCLE K #2709337,"I-65, EXIT 262B",Birmingham,AL,615,3.489,33.401559,-86.705511,city_centroid
1622,RACEWAY #6973,US-380 & SR-114/SR-101,Bridgeport,TX,630,2.782,33.187027,-97.78098,city_centroid
1623,SAPP BROS TRAVEL CENTER,"I-70 & I-270, EXIT 278",Commerce City,CO,800,3.389,39.825875,-104.911349,city_centroid
1625,PILOT TRAVEL CENTERS #60,"I-26, EXIT 159",Bowman,SC,42,3.432,33.347466,-80.670868,city_centroid
1632,PILOT TRAVEL CENTERS #266,"I-10, EXIT 139 & SR-292",Las Cruces,NM,640,3.191,32.321641,-106.746034,city_centroid
1633,7-ELEVEN #36302,"I-35, EXIT 144",Von Ormy,TX,740,3.109,29.274979,-98.667741,city_centroid
1634,PILOT TRAVEL CENTERS #40,"I-94, EXIT 322",Oak Creek,WI,444,3.889,42.88916,-87.902661,city_centroid
1644,ALLSUPS CONVENIENCE STORE #2414,"I-20, EXIT 235",Roscoe,TX,575,2.929,32.427558,-100.539088,city_centroid
1646,SPEEDWAY #8310,US-6  & US-31,Plymouth,IN,465,3.609,41.333897,-86.324087,city_centroid
1647,SPEEDWAY #8305,US-41 & SR-312,Hammond,IN,290,3.766,41.609929,-87.507911,city_centroid
1653,ROAD RANGER #187,"I-55, EXIT 289",Chicago,IL,520,3.569,41.885847,-87.618123,city_centroid
1654,CEFCO #3,US-77/US190/SR-36,Cameron,TX,670,2.989,30.852713,-96.976562,city_centroid
1661,CHEVRON,"I-20, EXIT 101 & SR-151",Calhoun,LA,590,3.159,32.524791,-92.329929,city_centroid
1669,BETTY BEAVERS TRUCKSTOP,"I-90, EXIT 28",Fultonville,NY,12,3.149,42.903601,-74.359765,city_centroid
1670,Petro Stopping Center #54,"I-44, EXIT 4 & SR-3",Joplin,MO,277,3.449,37.096858,-94.505144,city_centroid
1671,LOVES TRAVEL STOP #412,"I-95, EXIT 77",Dunn,NC,205,3.699,35.316511,-78.615079,city_centroid
1672,HANA TRAVEL PLAZA,"I-40,  EXIT 77",Amarillo,TX,585,2.899,35.166332,-101.886764,city_centroid
1699,ALLENS FOOD MART280,US-280/US-231/SR-53/SR-38 & CR-8/CR-34,Sylacauga,AL,615,3.799,33.171675,-86.271257,city_centroid
1700,TOPPS FUEL STOPS,US-259/SR-49,Daingerfield,TX,723,3.109,33.031263,-94.735899,city_centroid
1720,TOOT N TOTUM #120,US-54 & S WESTERN AVE,Liberal,KS,585,3.016,37.043789,-100.92857,city_centroid
1749,HIGHWAY 96 FUEL STOP,US-96 & SR-62/FM-1004,Buna,TX,610,3.149,30.413209,-93.991263,city_centroid
1753,PWI #169,"I-35/US-77, EXIT 359 & CR-1304",Abbott,TX,765,2.899,31.891642,-97.067146,city_centroid
1773,M-46 AUTO TRUCK PLAZA,"US-131, EXIT 120 & SR-46",Howard City,MI,344,3.099,43.408326,-85.485609,city_centroid
1791,PILOT TRAVEL CENTERS #257,"I-20, EXIT 126 & FM-1788",Midland,TX,710,3.566,31.989636,-102.06261,city_centroid
1807,LOVES TRAVEL STOP #229,I-40 EXIT 96 & SR-207,Panhandle,TX,585,3.314,35.380841,-101.43037,city_centroid
1810,KENT KWIK #804,US-83,Perryton,TX,585,2.999,36.374825,-100.815558,city_centroid
1829,PILOT TRAVEL CENTER #96,"SR- 60 & FL TURNPIKE, EXIT 193",Okeechobee,FL,143,3.699,27.311532,-80.847853,city_centroid
1832,CORNER FUEL CENTER,US-49,Hattiesburg,MS,620,3.299,31.314553,-89.306471,city_centroid
1834,PUMP N PANTRY #15,"I-20, EXIT 617 & US-59",Marshall,TX,766,2.899,32.53378,-94.36191,city_centroid
1849,Stripes #42457,US-67/US-277,San Angelo,TX,740,3.244,31.478165,-100.481752,city_centroid
1855,EXIT 76 AUTO TRUCK PLAZA,US-131,Byron Center,MI,344,3.499,42.801614,-85.713602,city_centroid
1858,FLYING J TRAVEL PLAZA #737,"I-10, EXIT 583",San Antonio,TX,740,3.224,29.644226,-98.312774,city_centroid
1859,GO MART FOOD STORE #44,"I-79, EXIT 67 & US-19/SR-4",Sutton,WV,44,3.559,38.673855,-80.681072,city_centroid
1860,MR FUEL #278,"I-75/71, EXIT 175 & SR-338",Walton,KY,300,3.019,38.887491,-84.63277,city_centroid
1861,PETRO STOPPING CENTER #315,"I-40, EXIT 66",Kingman,AZ,910,3.899,35.258379,-114.05689,city_centroid
1866,PRI MART FUEL CENTER,"I-94, EXIT 29",Benton Harbor,MI,465,3.499,42.108594,-86.423417,city_centroid
1873,JDS TRUCKSTOP,"US-12 & US-31, EXIT 3",Niles,MI,465,3.749,41.820168,-86.236789,city_centroid
1874,CIRCLE K #2744529,US-175,Seagoville,TX,630,2.951,32.652522,-96.557967,city_centroid
1879,HOLIDAY STATIONSTORE #3552,"I-35, EXIT 81 & SR-70",Lakeville,MN,448,3.549,44.674865,-93.257802,city_centroid
1888,STRIPES 7FLEET #42449,US-87,Sterling City,TX,710,3.281,31.835063,-101.001729,city_centroid
1889,TOOT N TOTUM #105,US-54 & US-287,Stratford,TX,585,2.966,36.33349,-101.988568,city_centroid
1893,MIKE MCDONALD TRUCK STOP,"I-20, EXIT 509",Terrell,TX,637,2.871,32.714292,-96.251342,city_centroid
1894,CIRCLE K #2741544,"I-37 & SR-72, EXIT 69",Three Rivers,TX,747,3.066,28.475646,-98.178162,city_centroid
1897,YESWAY #1077,"I-20/US-84, EXIT 278",Tye,TX,575,2.876,32.447728,-99.868434,city_centroid
1905,LUCKY TRUCK STOP,US-82,Whitesboro,TX,630,2.886,33.659021,-96.878984,city_centroid
1909,RALLYSTOP #1,"I-15, EXIT 62",Cedar City,UT,791,3.459,37.689544,-113.074513,city_centroid
1914,LOVES TRAVEL STOP #792,"I-70, EXIT 160",Green River,UT,835,3.709,39.000243,-110.159817,city_centroid
1921,BELL TRUCK STOP,"I-80, EXIT 146",Park City,UT,835,3.452,40.695724,-111.528021,city_centroid
1923,SCENIC QUIK STOP,"I-70, EXIT 54 & US-89",Salina,UT,835,3.459,38.956028,-111.881072,city_centroid
1930,CASEYS #3058,"I-35, EXIT 19 & US-160 E",Wellington,KS,570,3.299,37.27783,-97.390976,city_centroid
1931,RBS ONE STOP,"I-15, EXIT 320",Woods Cross,UT,835,3.459,40.887447,-111.902712,city_centroid
1934,CIRCLE K #2723710,"I-77, EXIT 24",Austinville,VA,185,3.241,36.819461,-80.858322,city_centroid
1936,QUICK STOP MARKET #36,"I-81, EXIT 10 & US-11",Bristol,VA,185,3.399,36.6445,-82.1597,city_centroid
1940,7-ELEVEN #40063,"I-81, EXIT 98 & SR-100",Dublin,VA,65,3.199,37.098879,-80.669696,city_centroid
1944,LOVES TRAVEL STOPS #399,"I-77, EXIT 1 & SR-620",Lambsburg,VA,65,3.589,36.577483,-80.760133,city_centroid
1950,7-ELEVEN #34515,"I-81, EXIT 205",King George,VA,180,3.399,38.281142,-77.126023,city_centroid
1951,CIRCLE K #2723713,"I-81, EXIT 205",Staunton,VA,185,3.386,38.145104,-79.07519,city_centroid
1953,FAS MART #3555,"I-64, EXIT 136 & US-15",Gordonsville,VA,180,3.699,38.107261,-78.195195,city_centroid
1954,Joe's Kwik Mart #8409,US-58 & CR-645,Suffolk,VA,130,3.032,36.866823,-76.559811,city_centroid
1956,PILOT TRAVEL CENTER #4642,"I-81, EXIT 291",Toms Brook,VA,60,3.659,38.97016,-78.403757,city_centroid
1958,SPEEDWAY #4618,"I-81 & I-77, EXIT 77",Wytheville,VA,185,3.412,36.940669,-81.094082,city_centroid
1960,MAPLEWOOD IRVING,"I-89, EXIT 7",Montpelier,VT,170,3.699,44.2574,-72.5698,city_centroid
1962,SUPER QUIK,"I-64, EXIT 172 & SR-1/SR-7",Grayson,KY,255,3.799,38.328037,-82.965087,city_centroid
1976,One9 #963,"I-90, EXIT 276",Spokane,WA,970,3.959,47.666485,-117.436527,city_centroid
1977,GEE CEES TRUCK STOP,"I-5, EXIT 57",Toledo,WA,977,3.839,46.439552,-122.826559,city_centroid
1983,KWIK TRIP #427,"US-53, EXIT 110 & SR-40",Bloomer,WI,295,3.416,45.102477,-91.489974,city_centroid
1985,Camp Douglas BP,"I-90 & I-94, EXIT 55",Camp Douglas,WI,420,3.154,43.936705,-90.268861,city_centroid
2000,RIVER CITY TRAVEL PLAZA,US-41,Marinette,WI,360,3.399,45.087403,-87.669684,city_centroid
2002,KWIK TRIP #222,US-53/US-2,Superior,WI,334,3.339,46.701552,-92.091174,city_centroid
2009,KWIK TRIP #139,"I-43, EXIT 120 & CR-V/CR-OK",Sheboygan,WI,444,3.291,43.740981,-87.724667,city_centroid
2020,BFS FOODS #72,"I-68, EXIT 23 & SR-26",Bruceton Mills,WV,165,3.499,39.645394,-79.615941,city_centroid
2021,GO MART FOOD STORE #59,"I-64, EXIT 15 & US-60",Huntington,WV,255,3.499,38.384943,-82.503646,city_centroid
2022,GO MART FOOD STORE #86,"I-79, EXIT 40 & SR-16",Ivydale,WV,44,3.599,38.530476,-81.033506,city_centroid
2029,HOMAX SERVICE,"I-25, EXIT 188",Mills,WY,790,3.169,42.840556,-106.365278,city_centroid
2030,GHOST TOWN FUEL STOP,US-26/US-20,Casper,WY,790,3.429,42.845763,-106.316571,city_centroid
2034,TA CHEYENNE TRAVEL CENTER,"I-80, EXIT 377 & SR-217/CR-140",Cheyenne,WY,795,3.699,41.143719,-104.796234,city_centroid
2040,Fast Stop Travel Centers #1133,"I-25, EXIT 126 & US-18/20",Douglas,WY,790,3.499,42.762558,-105.385484,city_centroid
2041,PINE BLUFFS SINCLAIR,"I-80, EXIT 401 & US-30",Pine Bluffs,WY,795,3.699,41.178799,-104.066591,city_centroid
2044,One9 #1251,"I-80, EXIT 173",Wamsutter,WY,795,3.499,41.658278,-108.151674,city_centroid
2074,STRIPES #40522,"I-10, EXIT 550",San Antonio,TX,740,3.059,29.644226,-98.312774,city_centroid
2076,ALLSUPS CONVENIENCE STORE #2159,US-283 BUS/US-277 BUS & SR-422,Seymour,TX,770,3.299,33.591445,-99.258727,city_centroid
2078,ALLSUPS CONVENIENCE STORE #2366,US-84 & CR-3300,Slaton,TX,700,2.969,33.436795,-101.65192,city_centroid
2084,Main Street Market #112,"I-20, EXIT 73",Wickett,TX,710,2.879,31.57,-103.000556,city_centroid
2087,LWS TRUCK STOP,SR-30,Logan,UT,835,3.426,41.747025,-111.822613,city_centroid
2088,FLYING J TRAVEL PLAZA #773,"I-70, EXIT 40",Richfield,UT,835,3.699,38.757075,-112.062253,city_centroid
2089,FLYING J TRAVEL PLAZA #774,"I-84, EXIT 7",Snowville,UT,835,3.749,41.840321,-112.353391,city_centroid
2115,KWIK TRIP #838,SR-23/SR-33,Reedsburg,WI,420,3.194,43.5325,-90.0025,city_centroid
2125,BIG D #44,"I-80, EXIT 311 & SR-130",Laramie,WY,795,3.249,41.312907,-105.581146,city_centroid
2144,Mountain View Truck Stop,US-15,Thurmont,MD,60,4.099,39.606576,-77.405114,city_centroid
2152,SPEEDWAY #4709,"I-90, EXIT 102",Fairmont,MN,425,3.299,43.637592,-94.45095,city_centroid
2167,PILOT TRAVEL CENTERS #134,"I-94, EXIT 171 (CR 75)",Saint Cloud,MN,451,3.287,45.540972,-94.181857,city_centroid
2182,PILOT TRAVEL CENTER #4649,"I-64 & I-81, EXIT 205",Raphine,VA,185,3.659,37.937353,-79.221903,city_centroid
2192,GO MART FOOD STORE #51,US-19/SR-129,Mount Nebo,WV,44,3.599,38.197064,-80.820204,city_centroid
2194,A AND A TRUCKSTOP,US-35 & CR-41,Jackson,OH,315,3.799,39.042821,-82.647209,city_centroid
2196,Certified Oil #400410,I-76 EXIT 43,Ravenna,OH,249,3.316,41.164886,-81.233656,city_centroid
2204,NATURAL BRIDGE SHELL,US-278 & SR-5,Lynn,AL,615,3.682,34.052984,-87.539814,city_centroid
2209,Roadrunner #471,"I-40/US-65, EXIT 142 & SR-365",North Little Rock,AR,695,3.032,34.766974,-92.265376,city_centroid
2219,PILOT TRAVEL CENTER #66,"I-85, EXIT 129",Braselton,GA,16,3.272,34.138941,-83.781162,city_centroid
2223,PO JOS GAS N GO,"I-16 SR-404, EXIT 116 & US-301/SR-73",Register,GA,195,3.232,32.338235,-81.872828,city_centroid
2227,SPEEDWAY #7448,SR-59,Naperville,IL,293,3.299,41.704022,-88.195248,city_centroid
2231,QUIKTRIP #605,"I-270, EXIT 33",Saint Louis,MO,540,2.899,38.634616,-90.191313,city_centroid
2255,S&G #36,"I-280, EXIT 2 & SR-795",Millbury,OH,550,3.492,41.56106,-83.438083,city_centroid
2267,Circle K #4703917,"I-65, EXIT 112 & SR-25",Cross Plains,TN,460,2.949,36.553068,-86.676088,city_centroid
2283,CIRCLE K #2707321,SR-60,Bartow,FL,225,3.522,27.895664,-81.812684,city_centroid
2287,SAC SHOP #511,"I-76/I-70, EXIT 146 & I-99/US-220 EXIT 1",Bedford,PA,14,4.099,39.990838,-78.526071,city_centroid
2306,SCOTCHMAN #3894,"I-77, EXIT 73 & SR-901",Rock Hill,SC,210,3.079,34.915068,-81.012904,city_centroid
2310,MAPCO #3686,"I-24, EXIT 175",Chattanooga,TN,285,2.889,35.0455,-85.3081,city_centroid
2311,SHELL,"I-24 & EPPS MILL RD, EXIT 89",Christiana,TN,460,3.132,35.740877,-86.407932,city_centroid
2331,PINNERS POINT,SR-135,Portsmouth,VA,130,3.499,36.808902,-76.36714,city_centroid
2336,FLYING J TRAVEL PLAZA #754,"I-77 & I-81, EXIT 77",Wytheville,VA,185,3.549,36.940669,-81.094082,city_centroid
2340,RSTORE #4478,SR-8 & SR-13,Prentice,WI,395,3.039,45.548201,-90.294217,city_centroid
2557,PWI #106,"I-30, EXIT 77B",Royse City,TX,630,2.899,32.962778,-96.36484,city_centroid
2602,PILOT TRAVEL CENTERS #9,"I-75, EXIT 36",Franklin,OH,407,3.352,39.547839,-84.305881,city_centroid
2623,TA JANESVILLE TRAVEL CENTER,"I-90/I-39, EXIT 171B & US-14",Janesville,WI,420,3.299,42.691542,-89.033124,city_centroid
2626,WEST END SINCLAIR,"I-80, EXIT 211",Rawlins,WY,838,3.319,41.795131,-107.234883,city_centroid
2629,PILOT TRAVEL CENTERS #253,"I-295 & NJ TRNPK,  EXIT 2B",Penns Grove,NJ,243,3.989,39.717938,-75.465623,city_centroid
2635,FLYING J #584,"I-5, EXIT 278",Aurora,OR,935,3.859,45.228432,-122.803881,city_centroid
2638,PIT STOP TRAVEL CENTER,US-789,Riverton,WY,790,4.399,43.045786,-108.411335,city_centroid
2640,LITTLE NASHVILLE,"I-64, EXIT 50 & SR-127",Nashville,IL,540,3.299,38.335208,-89.384058,city_centroid
2644,FREDERICKS TRAVEL CENTER,"I-25/US-87, EXIT 235 & SR-52",Erie,CO,800,3.499,40.059746,-105.068583,city_centroid
2756,PAR MAR FOOD STORE #89,"I-77/SR-2, EXIT 170 & SR-14 E",Mineral Wells,WV,430,3.499,39.21,-81.5305,city_centroid
2761,PONY EXPRESS SERVICE CENTER,US-36 & SR-148,Hanover,KS,316,2.956,39.89266,-96.868947,city_centroid
2764,LOVES TRAVEL STOP #046,US-64/54 & SR-94,Hooker,OK,585,3.562,36.847981,-101.190683,city_centroid
2765,LOVES TRAVEL STOP #023,US-50 & US-287,Lamar,CO,525,3.462,38.084136,-102.619195,city_centroid
2772,PILOT TRAVEL CENTERS #29,"I- 80, EXIT 144; I-69, EXIT 357",Fremont,IN,465,3.899,41.733125,-84.945247,city_centroid
2779,Stinker #121,I-84 & EXIT 208,Heyburn,ID,787,3.561,42.559922,-113.770885,city_centroid
2788,JIFFY MART #451,"I-91, EXIT 17 & SR-302",Wells River,VT,39,3.569,44.152438,-72.052958,city_centroid
2805,Fast Stop Travel Centers #1145,"I-15,  EXIT 31",Downey,ID,825,3.799,42.418127,-112.109019,city_centroid
2807,SUDDEN SERVICE #25,"I-24, EXIT 11",Clarksville,TN,460,3.307,36.522014,-87.348997,city_centroid
2811,KWIK FILL #22,"I-90, EXIT 40 & SR-34/SR-31",Weedsport,NY,220,3.899,43.048882,-76.542502,city_centroid
2817,Chevron #382354,"I-5/US-12, EXIT 72",Chehalis,WA,977,4.299,46.638193,-122.965764,city_centroid
2848,TA TONOPAH TRAVEL CENTER,"I-10, EXIT 103",Tonopah,AZ,930,3.939,33.422797,-112.952785,city_centroid
2851,SPEEDWAY #2958,"I-8, EXIT 12",Yuma,AZ,900,3.479,32.701507,-114.642362,city_centroid
2862,TA TALLULAH TRAVEL CENTER,"I-20, EXIT 171 & US-65",Tallulah,LA,760,3.209,32.402127,-91.190066,city_centroid
2864,KUM & GO #0493,I-49 BUS/SR-59,Neosho,MO,535,3.059,36.870634,-94.386218,city_centroid
2875,CIRCLE K #2744138,"I-25, EXIT 101 & US-50/SR-47",Pueblo,CO,803,3.399,38.287876,-104.584828,city_centroid
2883,PILOT TRAVEL CENTERS #293,"I-75, EXIT 341 & CR-484",Ocala,FL,140,3.359,29.1981,-82.0974,city_centroid
2885,SP Truckstop & Travel Center,US-84/SR-38,Bainbridge,GA,20,3.599,30.9355,-84.5809,city_centroid
2889,MOULTON COWBOYS,SR-157,Moulton,AL,615,3.099,34.505836,-87.222385,city_centroid
2891,PETRO STOPPING CENTER #338,"I-80, EXIT 21",Sparks,NV,966,3.949,39.547254,-119.755588,city_centroid
2895,EAGLE TRUCK STOP,I-77 EXIT 81,New Philadelphia,OH,249,3.316,40.484539,-81.435827,city_centroid
2896,NORTH LEWISTON DYNAMART,US-12 & SR 128,Lewiston,ID,970,3.669,46.389457,-116.987714,city_centroid
2897,GAS N GO #15,"I-80, EXIT 41",Lyman,WY,827,3.466,41.329136,-110.292629,city_centroid
2910,FLYING J TRAVEL PLAZA #685,"I-29 & I- 94, EXIT 349",Fargo,ND,341,3.569,46.900878,-96.793577,city_centroid
2913,ONE9#226,"I-40, EXIT 417 & SR-92",Dandridge,TN,405,3.259,36.001798,-83.404435,city_centroid
2915,TP TRUCK STOP,"I-15, EXIT 80",Fort Hall,ID,825,3.519,42.988717,-112.459854,city_centroid
2917,GOLDYS TRUCK PLAZA,US-29,Rustburg,VA,185,3.519,37.25454,-79.121507,city_centroid
2922,LOVES TRAVEL STOP #210,"I-40, EXIT 158",Albuquerque,NM,580,3.521,35.0936,-106.6423,city_centroid
2923,LOVES TRAVEL STOPS #435,"I-95, EXIT 104 & SR-207",Ruther Glen,VA,180,3.589,37.945059,-77.47135,city_centroid
2924,HWY 190 FUEL STOP,US-190,Jasper,TX,610,3.132,30.925348,-94.021481,city_centroid
2926,EXIT 77 TRAVEL PLAZA,"I-81, EXIT 77 & SR-39",Harrisburg,PA,70,3.499,40.261767,-76.883079,city_centroid
2929,TA EXPRESS STEELE,"I-94, EXIT 200 & SR- 3",Steele,ND,390,3.599,46.852357,-99.933559,city_centroid
2935,CIRCLE K #2726163,"I-295, EXIT 22",Jacksonville,FL,75,3.299,30.0759,-81.5803,city_centroid
2937,FLYING J TRAVEL PLAZA #664,"I-75, EXIT 171",Walton,KY,300,3.086,38.887491,-84.63277,city_centroid
2956,PILOT TRAVEL CENTERS #275,"I-85, EXIT 39 I-77, EXIT 13",Charlotte,NC,46,3.552,35.2269,-80.8433,city_centroid
2963,SUPERPUMPER #26,"I-94, EXIT 258 & US-281",Jamestown,ND,390,3.629,46.905899,-98.706127,city_centroid
2967,PETRO STOPPING CENTER #317,"I-57, EXIT 71",Perrysburg,OH,550,3.786,41.542926,-83.592727,city_centroid
2968,E-Z MART #4460,"I-20,  EXIT 124",Monroe,LA,719,3.129,32.528551,-92.106104,city_centroid
2977,DISCOUNT FUEL,"I-90, EXIT 150 & SR-73",Kadoka,SD,506,3.229,43.84457,-101.552272,city_centroid
2982,CIRCLE K #2723726,"I-59/I-20, EXIT 52 & US-11/US-43/SR-7",Knoxville,AL,705,3.089,32.982423,-87.791855,city_centroid
3003,CHEVRON,"I-20, EXIT 186",Delta,LA,760,2.994,32.325556,-90.926944,city_centroid
3008,BUSY BEE,"I-10, EXIT 283 & US-129",Live Oak,FL,10,3.779,30.286622,-83.024994,city_centroid
3022,TA GREENCASTLE TRAVEL CENTER,"I-81, EXIT 5",Greencastle,PA,70,3.959,39.781827,-77.746956,city_centroid
3030,Mr Ts Riverside,US-412,Cardwell,MO,435,3.199,36.04345,-90.290696,city_centroid
3064,PORTS TO PLAINS TRAVEL PLAZA,US-50 & US-287,Lamar,CO,800,3.399,38.084136,-102.619195,city_centroid
3086,SPEEDWAY #4638,US-29,Madison Heights,VA,185,3.496,37.453102,-79.114089,city_centroid
3093,RSTORE #4488,US-51,Merrill,WI,395,3.241,45.180924,-89.690696,city_centroid
3096,HOBO PANTRY #6,US-431/SR-210,Dothan,AL,20,3.959,31.202888,-85.418036,city_centroid
3118,MOBIL,"I-87, EXIT 42 & US-11",Champlain,NY,39,3.799,44.977292,-73.446603,city_centroid
3128,TA ATLANTA SOUTH TRAVEL CENTER,"I-75, EXIT 201 & SR-36",Jackson,GA,18,3.334,33.282006,-83.978391,city_centroid
3138,TA EXPRESS #6264,"I-70, EXIT 26 & US-50",Grand Junction,CO,800,4.049,39.078326,-108.545692,city_centroid
3139,CHEROKEE TRAVEL MART,"I-40,  EXIT 108",Calumet,OK,483,3.106,35.594819,-98.189991,city_centroid
3148,YESWAY #1038,US-60 & SR-86,Neosho,MO,307,3.059,36.870634,-94.386218,city_centroid
3155,QUIK MART #18,US-72/SR-157,Tuscumbia,AL,615,3.007,34.687432,-87.683259,city_centroid
3163,QUIKTRIP #71,"I-44, EXIT 238",Tulsa,OK,560,3.039,36.1504,-95.9953,city_centroid
3164,QUIKTRIP #102,"I-44, EXIT 222A",Tulsa,OK,560,3.039,36.1504,-95.9953,city_centroid
3165,LOVES TRAVEL STOP #213,"I-35, EXIT 211",Tonkawa,OK,500,3.584,36.68062,-97.30634,city_centroid
3167,JASPER FOOD MART,US-78,Jasper,AL,615,3.229,33.871672,-87.249144,city_centroid
3171,One9 #265,"I-40, EXIT 287 & SR-136",Cookeville,TN,405,3.084,36.174261,-85.49531,city_centroid
3176,BP,US-6 & SR-15,New Paris,IN,365,3.657,41.491652,-85.83383,city_centroid
3178,ERNIES FUEL STOP #1605,SR-167,Kent,WA,977,4.599,47.3695,-122.1949,city_centroid
3179,MR FUEL #1020,"I-80 & I-94, EXIT 15B",Lake Station,IN,365,3.566,41.568629,-87.262209,city_centroid
3191,BUSY CORNER TRUCK STOP AND MARKET,"I-24, EXIT 105 & US-41/SR-2",Manchester,TN,460,3.049,35.481667,-86.088611,city_centroid
3205,CROSSROADS TRUCK STOP STATION,"I-29 & SR 34, MM 109",Colman,SD,530,3.159,43.955761,-96.818882,city_centroid
3206,PERHAM OASIS,US-10 & SR-78,Perham,MN,250,3.499,46.603106,-95.581763,city_centroid
3215,SHELL TRUCKSTOP,"I-4, EXIT 44",Polk City,FL,225,3.449,28.19867,-81.808282,city_centroid
3216,MAXS #124,"I-24, EXIT 86 & US-41",Oak Grove,KY,460,3.042,36.665225,-87.425514,city_centroid
3221,Southern Travel Plaza,"US-67, EXIT 55 & US-64/US-167 & SR-367",Bald Knob,AR,695,3.391,35.311331,-91.550197,city_centroid
3222,POMPANO TRUCK STOP,"I-95, EXIT 36B",Pompano Beach,FL,95,3.759,26.231529,-80.12346,city_centroid
3226,ONE9 #245,"I-81, EXIT 77 & SR-39",Harrisburg,PA,70,3.609,40.261767,-76.883079,city_centroid
3227,ONE9 MR FUEL #64,"I-26 & US-17, EXIT 199",Summerville,SC,42,3.219,33.028045,-80.173852,city_centroid
3230,STRIPES #40815,US-281 & US-285,Falfurrias,TX,625,3.299,27.22416,-98.140844,city_centroid
3264,TA WEST MEMPHIS TRAVEL CENTER,"I-40/US-63, EXIT 260 & SR-149",Earle,AR,435,3.367,35.27989,-90.450261,city_centroid
3280,OUTPOST TRUCK STOP,US-85 & US-18/US-20,Lusk,WY,790,3.689,42.765953,-104.465076,city_centroid
3281,AMERICAN TRUCK PLAZA,I-80 EXIT 215 & SR-254,Milton,PA,138,3.799,41.01681,-76.839817,city_centroid
3284,CASEYS #4390,"I-49/US-71, EXIT 77 & US-160",Lamar,MO,416,3.199,37.500221,-94.270253,city_centroid
3297,SAPP BROS TRAVEL CENTER,"I-80, EXIT 370",Cheyenne,WY,795,3.701,41.143719,-104.796234,city_centroid
3316,TRUCKOMAT OF N LITTLE ROCK,"I-40, EXIT 161 & SR-391",North Little Rock,AR,695,3.249,34.766974,-92.265376,city_centroid
3326,MIRABITO #61,"I-81, EXIT 32",Central Square,NY,12,4.299,43.308986,-76.184852,city_centroid
3330,TA # 211 GREENLAND TRAVEL CENTER,"I-95, EXIT 3A & US-101",Greenland,NH,34,3.759,43.035294,-70.847476,city_centroid
3349,QUEEN CITY TRUCK STOP,"I-20 & I-59, EXIT150",Meridian,MS,705,2.939,32.357441,-88.655973,city_centroid
3383,E-Express at Central Truck Stop,"I-35, EXIT 137",Oklahoma City,OK,483,2.879,35.473,-97.5177,city_centroid
3386,LONGMONT TRUCK STOP,"I-25/US-87, EXIT 240 & SR-119",Longmont,CO,800,3.239,40.130615,-104.950446,city_centroid
3401,POPS Mart #333,"I-77, EXIT 48 & SR-200",Winnsboro,SC,46,3.091,34.381008,-81.10899,city_centroid
3413,COUNTRY GIRL TRUCK STOP,US-167 & SR-156,Winnfield,LA,590,3.319,31.921389,-92.636646,city_centroid
3415,JAYS EL CHEAPO FUEL STOP,"I-16, EXIT 104",Metter,GA,195,3.249,32.401034,-82.060722,city_centroid
3418,Par Mar Store #164,"I-79, EXIT 105 & CR-7",Jane Lew,WV,165,3.999,39.109989,-80.431059,city_centroid
3421,ERNIES TRUCK STOP,"I-5, EXIT 142",Federal Way,WA,977,4.599,47.3203,-122.311726,city_centroid
3422,PWI #167,"I-10, EXIT 601",Seguin,TX,740,2.889,29.561316,-97.962801,city_centroid
3427,JOHNNYS MARKET,"I-69, EXIT 357",Fremont,IN,465,3.699,41.733125,-84.945247,city_centroid
3432,PILOT TRAVEL CENTERS #34,"I-65, EXIT 201 & US-231",Remington,IN,365,3.659,40.766653,-87.15994,city_centroid
3435,PWI #168,"I-35, EXIT 266 & SR-195",Georgetown,TX,740,2.799,30.633038,-97.670704,city_centroid
3444,Acme Truck Stop,US-441/SR-500,Orlando,FL,140,3.449,28.539882,-81.372668,city_centroid
3460,CHROME TRUCK STOP,US-18 & US-169,Algona,IA,433,3.499,43.065976,-94.230638,city_centroid
3464,BOISE PETROLEUM LLC,"I-84,  EXIT 71",Boise,ID,785,3.379,43.6154,-116.2161,city_centroid
3471,ONE9 MR FUEL #72,"I-16, EXIT 160",Savannah,GA,195,3.119,32.067631,-81.102394,city_centroid
3475,PILOT TRAVEL CENTERS #56,"I-85, EXIT 63",Kannapolis,NC,46,3.499,35.502016,-80.635875,city_centroid
3477,CIRCLE K #4707404,"I-91, EXIT 7",Springfield,VT,170,3.699,43.303433,-72.477769,city_centroid
3479,FAST MARKET #4550,"I-75/SR-401, EXIT 136 & US-341",Perry,GA,85,3.099,32.46051,-83.728258,city_centroid
3493,CIRCLE K #2723675,"I-75, EXIT 290 & SR-20",Cartersville,GA,18,3.086,34.186975,-84.820401,city_centroid
3519,PILOT TRAVEL CENTERS #431,"I-10, EXIT 873",Orange,TX,610,3.309,30.125167,-93.771883,city_centroid
3522,SUNMART #308,US-59,Livingston,TX,610,2.859,30.718018,-94.935278,city_centroid
3526,JOE STOP 99,"I-75, EXIT 99 & SR-119",Anna,OH,411,3.064,40.405105,-84.210344,city_centroid
3530,SPARKYS ONE STOP #22,"I-35, EXIT 111B & US-30",Jefferson,IA,320,3.232,42.009325,-94.388768,city_centroid
3536,PETRO STOPPING CENTER #307,I-40 EAST & S LAKESIDE Dr,Amarillo,TX,585,3.279,35.166332,-101.886764,city_centroid
3539,Bigs 211,"I-10, EXIT 620 & SR-123",Seguin,TX,740,3.099,29.561316,-97.962801,city_centroid
3545,STOCKMENS TRUCK PLAZA,"I-494, EXIT 64A",South Saint Paul,MN,450,3.499,44.888128,-93.046013,city_centroid
3580,STINKER I 80 TRAVEL PLAZA,"I-80, EXIT 221 & SR-76",Sinclair,WY,838,3.759,41.779741,-107.109083,city_centroid
3585,CHEVRON,"I-80, EXIT 129",Lovelock,NV,966,3.499,40.1819,-118.468915,city_centroid
3588,BINGO TRUCK STOP,"I-10, EXIT 829 & SR-124",Winnie,TX,610,2.999,29.815676,-94.339499,city_centroid
3592,TA BRIDGER TRAVEL CENTER #188,"I-80, EXIT 30 & CR-202",Fort Bridger,WY,835,3.716,41.28282,-110.347428,city_centroid
3593,TA Parowan Travel Center,"I-15, EXIT 78",Parowan,UT,910,3.706,37.844861,-112.832251,city_centroid
3605,SPEEDYS #6,"I-35, EXIT 33",Saint Joseph,MO,400,3.169,39.768755,-94.838488,city_centroid
3608,FUEL MART #787,"I-57, EXIT 212 & US-36",Tuscola,IL,280,3.199,39.799509,-88.281585,city_centroid
3614,PILOT TRAVEL CENTERS #35,"I-80/90, EXIT 72 & US-31",South Bend,IN,465,3.799,41.672699,-86.253489,city_centroid
3616,PILOT TRAVEL CENTERS #15,"I-75, EXIT 210",Toledo,OH,550,3.772,41.642,-83.5438,city_centroid
3619,ROAD RANGER #141,"I-70, EXIT 23",Brazil,IN,375,3.659,39.521041,-87.127767,city_centroid
3620,One9 #16,"I-71 & US-68, EXIT 50",Wilmington,OH,315,3.142,39.448788,-83.841653,city_centroid
3645,SNOW SHOE TRAVEL PLAZA,"I-80, EXIT 147 & SR-144",Snow Shoe,PA,14,3.469,41.037581,-77.95228,city_centroid
3678,TIMES MARKET #299,US-281 BUS,Alice,TX,625,3.099,27.743171,-98.083622,city_centroid
3688,SPEEDWAY #2314,"I-94, EXIT 243 & SR-29",New Baltimore,MI,342,3.559,42.675344,-82.780102,city_centroid
3692,CHARLOTTE TRAVEL PLAZA,"I-77,  EXIT 16B",Charlotte,NC,46,3.532,35.2269,-80.8433,city_centroid
3699,WARREN TRAVEL PLAZA,"I-69, EXIT 278 & SR-5",Warren,IN,375,3.399,40.688646,-85.418337,city_centroid
3702,BEARS DEN TRADING POST #101,ST 37 11 MI E OF MASSENA,Hogansburg,NY,39,3.649,44.982511,-74.662649,city_centroid
3707,SPEEDWAY #4704,"I-90, EXIT 154",Albert Lea,MN,425,3.299,43.653678,-93.370672,city_centroid
3718,SPEEDWAY #4706,"I-90, EXIT 265",Chamberlain,SD,455,3.299,43.795295,-99.311819,city_centroid
3719,KEYSTONE TRUCK STOP,US-22 & SR-164,Loretto,PA,14,3.999,40.510484,-78.629357,city_centroid
3725,GENEVA TRUCK STOP,"I-79, EXIT 35/141",Cochranton,PA,240,3.816,41.520487,-80.057269,city_centroid
3728,PLAZA 23 TRUCK STOP,"I-787, EXIT 2",Albany,NY,12,3.799,42.6525,-73.7566,city_centroid
3737,JORDAN'S KWIK STOP #70,US-49,West Helena,AR,435,3.399,34.549635,-90.654531,city_centroid
3745,PILOT TRAVEL CENTER #906-TOWN PUMP,"I-90, EXIT 408 & SR-78",Columbus,MT,780,3.581,45.626171,-109.257126,city_centroid
3759,EXXON,US-67 & SR-18,Newport,AR,695,4.132,35.598823,-91.257064,city_centroid
3767,SIMMONS TRAVEL CENTER,"I-95, EXIT 8 & US-301",Emporia,VA,180,3.099,36.685689,-77.562953,city_centroid
3772,Brake Time Corner Market,"I-25, EXIT 240",Burlington,CO,800,3.499,39.310649,-102.258281,city_centroid
3774,SINCLAIR,"I-70, EXIT 438",Burlington,CO,796,3.889,39.310649,-102.258281,city_centroid
3781,REATTA TRAVEL STOP,"I-76, EXIT 149 & SR-55/CR-81",Crook,CO,475,3.382,40.874743,-102.847174,city_centroid
3783,CIRCLE K #2744095,"I-25, EXIT 215",Denver,CO,800,3.299,39.746931,-105.062036,city_centroid
3794,SPEEDWAY #4701,"I-90, EXIT 73",Jackson,MN,425,3.299,43.645732,-94.993827,city_centroid
3817,FAST MARKET,"I-25, EXIT 158",Colorado Springs,CO,803,3.159,38.8335,-104.8206,city_centroid
3843,ONCUE EXPRESS #61,"I-35, EXIT 185 & US-77",Perry,OK,500,3.216,36.287468,-97.284175,city_centroid
3868,SHORE STOP #279,US-13,Greenwood,DE,194,3.239,38.817519,-75.593547,city_centroid
3888,Fics Plaza,"I-90, EXIT 184",Deer Lodge,MT,816,3.519,46.38807,-112.747589,city_centroid
3889,CIRCLE K #2701686,"I-75, EXIT 220",Bradenton,FL,225,3.439,27.502778,-82.513889,city_centroid
3907,SUNOCO,US-46 & SR-93,Palisades Park,NJ,105,3.279,40.846238,-73.995436,city_centroid
3908,SEMINOLE TRUCK STOP,"I-75, EXIT 354",Fort Lauderdale,FL,95,3.699,26.121561,-80.128778,city_centroid
3927,MICCOSUKEE SERVICE PLAZA,"I-75, EXIT 49 & SR-84",Fort Lauderdale,FL,95,3.666,26.121561,-80.128778,city_centroid
3936,Uncle Petes Truck  Stop,"I-40, EXIT 239 & US-70/SR-26",Lebanon,TN,460,2.989,36.209792,-86.302367,city_centroid
3946,Fast Lane,US-24 & US-63,Moberly,MO,310,3.469,39.420239,-92.435793,city_centroid
3949,SUNSTOP #337,"I-10/SR-8, EXIT 303 & US-441",Lake City,FL,75,3.699,30.0949,-82.7117,city_centroid
3956,CIRCLE K #2707451,US-27/SR-25 & SR-70,Lake Placid,FL,225,3.399,27.294474,-81.364918,city_centroid
3964,SPEEDWAY #6604,"I-94, EXIT 66",Mattawan,MI,465,3.489,42.245069,-85.794281,city_centroid
3970,EXXON - Pilot #1293,"I-30, EXIT 61",Garland,TX,630,2.842,32.922744,-96.624804,city_centroid
3973,LOVES TRAVEL STOP #205,"I-35 & I-44, EXIT 137",Oklahoma City,OK,483,3.319,35.473,-97.5177,city_centroid
3974,LOVES TRAVEL STOP #201,I-40 EXIT 41,Elk City,OK,483,3.126,35.410359,-99.421086,city_centroid
3975,SUNSTOP #334,"I-10, EXIT 335 & SR-121",Macclenny,FL,75,3.459,30.273671,-82.132475,city_centroid
3979,PETRO GARY 369,"I-80 & I-94, EXIT 9",Gary,IN,365,3.831,41.593333,-87.346389,city_centroid
4006,MISSILE MART #1,US-167 & SR-7,El Dorado,AR,635,3.499,33.20735,-92.662856,city_centroid
4008,BALDWIN TRAVEL PLAZA,"I-94, EXIT 19 & US HWY 63",Baldwin,WI,295,3.503,44.9657,-92.365498,city_centroid
4025,BP,"I-85, EXIT 21  & US-178",Anderson,SC,30,2.909,34.526051,-82.630436,city_centroid
4035,PILOT TRAVEL CENTER #430,"I-40,  EXIT 84",Russellville,AR,695,3.375,35.284208,-93.131476,city_centroid
4062,DUDLEYS TRUCK STOP RESTAURANT,US-220,Rocky Mount,VA,185,3.299,36.989101,-79.883959,city_centroid
4063,STUCKEY'S,"I-59, EXIT 67 & US-49",Hattiesburg,MS,620,2.999,31.314553,-89.306471,city_centroid
4080,SHELL DBA PILOT DEALER #874,US-41,Miami,FL,176,3.699,25.779,-80.1982,city_centroid
4101,E-Z MART #4411,HIGHWAY 69 & COBBLESTONE DR,Pryor,OK,560,3.099,36.292112,-95.312942,city_centroid
4113,ASAP GENERAL STORE #330,US-412/SR-15,Enid,OK,500,3.082,36.402842,-97.862257,city_centroid
4115,QUIKTRIP #707,"I-85 , EXIT 96",Atlanta,GA,18,3.341,33.7564,-84.3918,city_centroid
4119,JET FOOD STORE #82,US-441 & CR-13,Douglas,GA,10,3.441,31.497287,-82.846468,city_centroid
4156,PETRO STOPPING CENTER #305,"I-10, EXIT 582",San Antonio,TX,740,3.207,29.644226,-98.312774,city_centroid
4161,EL CHEAPO,I-95 & EXIT 76,Midway,GA,195,3.526,31.801803,-81.390897,city_centroid
4164,CIRCLE K #2723897,"I-75, EXIT 138",Thomasville,GA,20,3.236,30.8665,-83.9233,city_centroid
4169,TA KINGMAN TRAVEL CENTER,"I-40, EXIT 48 & US-93",Kingman,AZ,910,3.899,35.258379,-114.05689,city_centroid
4171,PETRO SERVE USA #11,US-2 & US-71,Bemidji,MN,355,3.499,47.488071,-94.848809,city_centroid
4172,FLYING J TRAVEL PLAZA #639,"I-90, EXIT 2",Post Falls,ID,970,3.762,47.720475,-116.935349,city_centroid
4179,CIRCLE K #2705352,"I-95/SR-405, EXIT 109 & SR-30/SR-21",Port Wentworth,GA,195,3.099,32.149092,-81.1631681,manual
4187,FLYING J TRAVEL PLAZA #632,"I-75, EXIT 320",Resaca,GA,285,3.296,34.591996,-84.916251,city_centroid
4193,TIGER MART #63,"I-20, EXIT 454",Grand Prairie,TX,630,3.599,32.76488,-97.01121,city_centroid
4199,PWI #574,"I-70, EXIT 193/US-40",Bunker Hill,KS,357,2.959,38.835704,-98.678285,city_centroid
4204,PILOT TRAVEL CENTER #415,"I-59, EXIT 4",Rising Fawn,GA,285,3.819,34.853491,-85.471078,city_centroid
4211,FLYING J #513,"I-15, EXIT 1",Jean,NV,910,3.732,35.854839,-115.469154,city_centroid
4220,KENNETT TRUCK STOP,"I-275, EXIT 16",Lawrenceburg,IN,300,3.424,39.140123,-84.865819,city_centroid
4222,Circle K #4703906,"I-24, EXIT 24 & SR-49",Pleasant View,TN,460,2.899,36.378281,-87.03948,city_centroid
4223,TA PEMBROKE TRAVEL CENTER,"I-90, EXIT 48A",Corfu,NY,38,3.829,42.977734,-78.392906,city_centroid
4227,LOVES TRAVEL STOP #203,"I-40, EXIT 140",Oklahoma City,OK,483,3.356,35.473,-97.5177,city_centroid
4233,QUIKTRIP #7220,"I-20, EXIT 8",Shreveport,LA,745,2.892,32.503743,-93.748696,city_centroid
4239,SPEEDWAY #8256,"I-64, EXIT 94 & SR-1958 & US-60",Winchester,KY,410,2.922,37.987161,-84.178894,city_centroid
4241,EXXON,"I-285, EXIT 53",Conley,GA,18,3.999,33.644722,-84.325833,city_centroid
4267,CONOCO,US-30 & SR-41,Gap,PA,160,3.799,40.002018,-75.997801,city_centroid
4292,KUM & GO #0032,"I-80/US-6, EXIT 155 & SR-117",Colfax,IA,320,3.082,41.678785,-93.258816,city_centroid
4301,TIGER DISCOUNT TRUCKSTOP,"I-94, EXIT 64 & I-94 BUS",Dickinson,ND,807,3.516,46.887289,-102.787595,city_centroid
4311,Saveway Truck Plaza,"I-65, EXIT 164 & US-31",Hope Hull,AL,720,3.139,32.224256,-86.393189,city_centroid
4331,KWIK STOP C STORES,US-61/US-151,Dubuque,IA,335,3.559,42.514977,-90.681914,city_centroid
4332,PILOT TRAVEL CENTER #468,"I-57, EXIT 283 & US-24",Gilman,IL,280,3.399,40.767987,-87.993336,city_centroid
4335,HIGHWAY 20  AUTO TRUCK PLAZA,US-20,Peosta,IA,335,3.489,42.443535,-90.809372,city_centroid
4339,ROAD RANGER #273,I-69E/US-77 & SR-107,Combes,TX,639,3.049,26.248333,-97.733611,city_centroid
4349,ROAD RANGER #144,"I-380, EXIT 68US-20, EXIT 68",Evansdale,IA,565,3.729,42.475453,-92.281158,city_centroid
4363,EL CHEAPO #4,"I-95, EXIT 87",Richmond Hill,GA,195,3.096,31.896152,-81.294026,city_centroid
4368,HOODS SERVICE CENTER,"I-44, EXIT 61",Bois D Arc,MO,535,3.074,37.221417,-93.544722,city_centroid
4372,GRADYS TRUCKSTOP,"I-16, EXIT 111",Pulaski,GA,195,3.466,32.39,-81.956944,city_centroid
4373,KUM & GO #0043,"I-35, EXIT 43 & SR-207/CRG76",New Virginia,IA,320,3.114,41.160063,-93.711312,city_centroid
4389,TAYLOR QUIK-PIK,"I-29, EXIT 75 & US-30",Missouri Valley,IA,486,3.399,41.564399,-95.891346,city_centroid
4395,BREAK TIME #3147,"I-55, EXIT 67 & US-62",Sikeston,MO,275,3.499,36.891111,-89.58197,city_centroid
4417,TA MORIARITY TRAVEL CENTER,"I-40, EXIT 194",Moriarty,NM,580,3.217,34.988878,-106.060871,city_centroid
4419,CASEYS #3081,"I-35, EXIT 92 & US-136",Bethany,MO,400,3.061,40.260055,-94.018863,city_centroid
4427,CASEYS #2654,"I-80/US-6, EXIT 93 & CR-P28",Stuart,IA,320,3.099,41.518643,-94.304563,city_centroid
4431,CASEYS #2653,"US-63 & US-30, EXIT 202",Toledo,IA,320,3.349,42.007696,-92.566206,city_centroid
4437,UNDERWOOD TRUCK STOP I 80,"I-80, EXIT 17",Underwood,IA,319,3.001,41.360294,-95.626997,city_centroid
4441,PILOT TRAVEL CENTERS #51,"I-81 BAILEYTON RD, EXIT 36",Greeneville,TN,405,3.562,36.160807,-82.833136,city_centroid
4442,Minuteman Food Mart #58,US-74/US-76,Delco,NC,245,3.507,34.327419,-78.19169,city_centroid
4445,TA Rogers,"I-94/US-52, EXIT 207 & SR-101",Rogers,MN,448,3.274,45.171484,-93.581445,city_centroid
4446,LOVES TRAVEL STOP #200,I-40 EXIT 74,Amarillo,TX,585,3.209,35.166332,-101.886764,city_centroid
4451,PRAIRIE JUNCTION TRUCK STOP,"I-29, EXIT 109 & SR-34",Colman,SD,530,3.099,43.955761,-96.818882,city_centroid
4452,CASEYS #2867,US-63 & US-20,Waterloo,IA,380,3.499,42.477784,-92.366099,city_centroid
4458,KUM & GO #1443,"I-80, EXIT 216",Williamsburg,IA,380,3.131,41.639308,-92.024011,city_centroid
4460,EXIT 62 TRUCKSTOP,"I-71, EXIT 62 & US-127",Glencoe,KY,415,3.166,38.722946,-84.811552,city_centroid
4463,QUIKTRIP #7901,"I-20, EXIT 556 & US-69",Lindale,TX,710,2.807,32.517152,-95.429932,city_centroid
4482,FLYING J FUEL STOP #777,"I-84, EXIT 54(FEDERAL WAY)",Boise,ID,785,3.766,43.6154,-116.2161,city_centroid
4492,3 MILE CORNER TRUCK STOP,US-2 & US-95,Bonners Ferry,ID,970,3.734,48.730642,-116.332178,city_centroid
4525,STINKER #42,US-12/US-95 & SR-128,Lewiston,ID,970,3.697,46.389457,-116.987714,city_centroid
4528,WENATCHEE VALLEY TRUCK STOP,US-97 ALT,Wenatchee,WA,920,4.089,47.425269,-120.327345,city_centroid
4533,SPEEDWAY #1449,"I-65, EXIT 262B",Birmingham,AL,615,2.976,33.401559,-86.705511,city_centroid
4544,BIG CHARLIES TRUCK PLAZA,"I-64, EXIT 282 & US-13",Virginia Beach,VA,130,3.489,36.8527,-75.9783,city_centroid
4555,PILOT TRAVEL CENTERS #406,"I-65, EXIT 22 & US-31A/SR-11",Cornersville,TN,460,3.799,35.34088,-86.82862,city_centroid
4560,FAST STOP TRAVEL CENTERS #1109,"I-15, EXIT 392",Plymouth,UT,835,3.582,41.875556,-112.143333,city_centroid
4563,PILOT TRAVEL CENTERS #299,"I-55/I-74/US-51, EXIT 160 & US-150/SR-9",Bloomington,IL,280,3.399,40.478295,-88.989318,city_centroid
4568,ONVO TRAVEL PLAZA,"I-90, EXIT 28",Fultonville,NY,12,3.159,42.903601,-74.359765,city_centroid
4569,METROPOLIS TRUCK STOP,"I-24, EXIT 37 & US-45",Metropolis,IL,490,3.599,37.175348,-88.725179,city_centroid
4574,Circle K #4701432,"I-74, EXIT 174",Mahomet,IL,280,3.669,40.196437,-88.39283,city_centroid
4582,BIG CHIEF TRUCK STOP,"I-94/US-52, EXIT 61 & US-59/CR-82",Fergus Falls,MN,250,3.236,46.289723,-96.064338,city_centroid
4605,PILOT DEALER #898 SADLERS TRUCK STOP,"I-95, EXIT 11B & US-58",Emporia,VA,180,3.799,36.685689,-77.562953,city_centroid
4618,OUTPOST TRAVEL CENTER,"I-20, EXIT 5 & US-80",Greenwood,LA,745,2.899,32.424025,-93.969252,city_centroid
4620,PILOT TRAVEL CENTERS #95,"I-75, EXIT 329 & SR-44",Wildwood,FL,225,3.226,28.845353,-82.03473,city_centroid
4622,TA LEE HI TRAVEL PLAZA,"I-81,  EXIT 195",Lexington,VA,185,3.659,37.788463,-79.458111,city_centroid
4628,QUARLES #4601,US-29/US-17/US-15,Warrenton,VA,60,3.322,38.7063,-77.8159,city_centroid
4637,THORNTONS #369 DBA PILOT TRAVEL CENTER #514,"I-55, EXIT 126 & SR-10",Lincoln,IL,318,3.399,40.14508,-89.368376,city_centroid
4642,MARSHAL JUNCTION,"I-70, EXIT 147 & SR-1",Marshall,IL,510,3.199,39.421999,-87.692261,city_centroid
4644,CIRCLE K #4706703,"I-80, EXIT 145A",Mokena,IL,290,3.339,41.53421,-87.891121,city_centroid
4654,7-ELEVEN #35087,"I-490, EXIT 2 & SR-33 & SR-19",Bergen,NY,190,4.029,43.086937,-77.96033,city_centroid
4655,QUICKLEES TRAVEL CENTER,"I-86, EXIT 30 & CR-20",Belmont,NY,190,3.999,42.233409,-78.01103,city_centroid
4690,PWI #401,"I-20 & I-30, EXIT 1B",Aledo,TX,630,2.799,32.700351,-97.603885,city_centroid
4700,A C TRUCKSTOP,"I-80, EXIT 290",Laramie,WY,795,3.079,41.312907,-105.581146,city_centroid
4704,THE RIDGE,"I-68/US-219, EXIT 14 & US-40",Accident,MD,165,4.199,39.635504,-79.308467,city_centroid
4707,SMITHTON TRUCKSTOP,"I-70, EXIT 39 & SR-3059",Smithton,PA,165,3.899,40.144267,-79.731277,city_centroid
4729,MINIT MART #600244,"I-70, EXIT 131",Straughn,IN,457,3.859,39.831946,-85.272406,city_centroid
4742,FLYING J TRAVEL PLAZA #684,"I-94, EXIT 1 & SR-16",Beach,ND,807,3.966,46.932381,-103.98429,city_centroid
4750,BROOKE TRAVEL PLAZA,"I-80, EXIT 259",West Liberty,IA,380,2.987,41.570055,-91.266847,city_centroid
4762,TA MONROE TRAVEL CENTER,"I-75, EXIT 15",Monroe,MI,325,3.249,41.92751,-83.404848,city_centroid
4806,TRACK AND TRAVEL,"I-20, EXIT 406",Weatherford,TX,630,2.917,32.8435,-97.7047,city_centroid
4818,PILOT TRAVEL CENTERS #350,"I-84 & US-20, EXIT 95",Mountain Home,ID,785,3.759,43.139223,-115.696334,city_centroid
4819,Alta Convenience #6333,"I-25, EXIT 11",Trinidad,CO,803,3.399,37.175475,-104.500715,city_centroid
4826,I-20 Truck Stop,"I-20, EXIT 165",Lincoln,AL,615,2.999,33.605913,-86.111152,city_centroid
4827,PETRO BEAUMONT #304,"I-10, EXIT 848",Beaumont,TX,610,3.331,30.068805,-94.103896,city_centroid
4837,SHELL,US-10 & SR-210,Motley,MN,522,3.399,46.321568,-94.628086,city_centroid
4856,PILOT TRAVEL CENTER #910- TOWN PUMP,"I-90, EXIT 274 & US-287",Three Forks,MT,786,3.597,45.881068,-111.543643,city_centroid
4858,PILOT TRAVEL CENTER #1346,"I-135, EXIT 31",Newton,KS,570,3.312,38.045067,-97.343457,city_centroid
4860,PILOT TRAVEL CENTER #476,"I-74, EXIT 32 & SR-17",Woodhull,IL,270,3.899,41.184887,-90.283282,city_centroid
4872,TA COMMERCE TRAVEL CENTER,"I-85, EXIT 149 & US-441",Commerce,GA,16,3.216,34.213413,-83.448011,city_centroid
4874,PWI #110,"I-20, EXIT 112 & FM-1936",Odessa,TX,710,3.049,31.8465,-102.3663,city_centroid
4878,SHELL DBA ONE9 #1426,"I-84, EXIT 35",Nampa,ID,785,3.374,43.58342,-116.584818,city_centroid
4881,PETRO STOPPING CENTER #14,"I-295, EXIT 56",Bordentown,NJ,230,4.029,40.143141,-74.703249,city_centroid
4885,LOVES TRAVEL STOP #384,"I-70, EXIT 45",Greenville,IL,540,3.689,38.893338,-89.405185,city_centroid
4887,SUNOCO,"I-80 & I-90, EXIT 3",Wauseon,OH,550,3.699,41.566796,-84.153745,city_centroid
4894,CLOVERDALE TRAVEL PLAZA,"I-70, EXIT 41 & US-231",Cloverdale,IN,375,3.699,39.543442,-86.814021,city_centroid
4905,HY-MILER #2204,SR-250,Sandusky,OH,550,3.532,41.434878,-82.70633,city_centroid
4909,CIRCLE K #2723916,US-441/US-301/US/27/SR-500,Ocala,FL,140,3.459,29.1981,-82.0974,city_centroid
4910,PILOT TRAVEL CENTER #892,"I-70 EXIT 164, & US-50",Green River,UT,835,3.686,39.000243,-110.159817,city_centroid
4918,PILOT TRAVEL CENTERS #219,"I-40, EXIT 398",Knoxville,TN,405,3.699,35.9609,-83.9189,city_centroid
4920,TA LAPLACE,"I-10, EXIT 209 & US-5",La Place,LA,600,3.227,30.077718,-90.489544,city_centroid
4921,PILOT TRAVEL CENTERS #231,"I-75, EXIT 29",Corbin,KY,410,3.609,36.934429,-84.10208,city_centroid
4927,CIRCLE K #2704886,"I-65, EXIT 205 & US-31/SR-22",Clanton,AL,720,3.207,32.835532,-86.642472,city_centroid
4933,VILLAGE TRUCK STOP,"I-81, EXIT 18",Rural Retreat,VA,185,3.299,36.883616,-81.287872,city_centroid
4977,KWIK TRIP #331,SR-54,Wisconsin Rapids,WI,395,3.262,44.375803,-89.806229,city_centroid
4981,JOHNNYS MARKET,"I-94, EXIT 110 & US-27",Marshall,MI,385,3.499,42.272047,-84.95828,city_centroid
4983,KWIK TRIP #603,"I-94, EXIT 28 & SR-128",Wilson,WI,451,3.549,44.94658,-92.196538,city_centroid
4996,ZIP TRIP #54,"I-90, EXIT 452",Billings,MT,780,3.591,45.774489,-108.500452,city_centroid
5003,TRAILWAY TRUCK STOP,US-301/SR-304,Centreville,MD,22,3.259,39.056423,-76.044975,city_centroid
5006,SUNOCO,US-1/US-9,Linden,NJ,79,3.799,40.635366,-74.255567,city_centroid
5024,I 55 MOTOR PLAZA,"I-55,  EXIT 180",Pevely,MO,540,2.991,38.279911,-90.411075,city_centroid
5030,YESWAY #1030,US-63 & E MARY ST,Ottumwa,IA,320,3.399,41.015099,-92.413428,city_centroid
5044,TA MOUNT VERNON TRAVEL CENTER,"I-44, EXIT 46 & SR-39/SR265",Mount Vernon,MO,535,3.409,37.104466,-93.797632,city_centroid
5050,ROCK PORT TRUCK PLAZA,"I-29 & US-136, EXIT 110",Rock Port,MO,400,3.099,40.430581,-95.527403,city_centroid
5056,TREX MART #16,"I-35, EXIT, 61 & US-69",Winston,MO,276,3.119,39.84995,-94.148747,city_centroid
5057,PHILLIPS 66,"I-35, EXIT 54 & I-35 BUS/US-36",Cameron,MO,276,3.099,39.730892,-94.243723,city_centroid
5060,CRAZY FREDS TRUCK SHOP,"I-40, EXIT 44 & US-66",Kingman,AZ,910,3.539,35.258379,-114.05689,city_centroid
5064,CLARK OIL #44,"I-59, EXIT 97",Laurel,MS,620,2.879,31.705444,-89.131155,city_centroid
5079,FASTLANE TAYLOR 63,US-61 & SR-6,Taylor,MO,494,3.016,39.914486,-91.527834,city_centroid
5085,K AN T TRUCKSTOP,"I-79, EXIT 137 & SR-310",Fairmont,WV,165,3.399,39.472677,-80.146041,city_centroid
5111,CIRCLE K #2723385,"I-59, EXIT 67 & US-49/SR-42",Hattiesburg,MS,620,3.149,31.314553,-89.306471,city_centroid
5117,CIRCLE K #4702361,"I-65, EXIT 130 & SR-334",Whitestown,IN,375,3.292,40.00002,-86.350716,city_centroid
5128,CASEYS #2769,"I-80, EXIT 220 & SR-149",Williamsburg,IA,380,3.142,41.639308,-92.024011,city_centroid
5131,TRAILS END TRUCK STOP,"I-29, EXIT 110 & US-136",Rock Port,MO,486,3.406,40.430581,-95.527403,city_centroid
5132,Travel Centers of America,"I-44, EXIT 208 & SR-19",Cuba,MO,574,3.266,38.092553,-91.40814,city_centroid
5160,FUEL MART #727,"I-70, EXIT 193",Quaker City,OH,249,3.166,39.986576,-81.289883,city_centroid
5163,Blue Sky #733,"US-78, EXIT 81 & SR-178",Belden,MS,742,2.939,34.278663,-88.816011,city_centroid
5165,ONE9 #046,"I-65, EXIT 6 & SR-100",Franklin,KY,415,3.086,36.725353,-86.570043,city_centroid
5167,SPEEDWAY #7575,"I-65, EXIT 255",Hobart,IN,290,3.632,41.526281,-87.252499,city_centroid
5170,FLYING J #516,"I-76, EXIT 161 & I-70",Breezewood,PA,14,5.099,39.990521,-78.245271,city_centroid
5183,PETRO STOPPING CENTER #74,I-95 & EXIT 106,Kenly,NC,205,3.709,35.607742,-78.138227,city_centroid
5191,NORTH POINT PLAZA,"I-90 & I-94, EXIT 115",Poynette,WI,420,3.172,43.401342,-89.418857,city_centroid
5202,Chevron #306185,US-30,Montpelier,ID,825,3.699,42.35199,-111.31946,city_centroid
5203,OASIS TRAVEL CENTER,"I-10, EXIT 53",Robertsdale,AL,715,3.469,30.561608,-87.637268,city_centroid
5207,JJ TRAVEL PLAZA,"I-70, EXIT 70 & US-83",Oakley,KS,525,3.616,39.112102,-100.858048,city_centroid
5227,PILOT TRAVEL CENTERS #900,"I-95, EXIT 75",Dunn,NC,205,3.709,35.316511,-78.615079,city_centroid
5230,ONE9 #496,"I-80, EXIT 265",Atalissa,IA,270,3.016,41.561443,-91.174764,city_centroid
5232,CM EUNICE,US-190,Eunice,LA,730,3.399,30.51158,-92.398474,city_centroid
5234,SINCLAIR,SR-37,Monett,MO,277,3.291,36.921242,-93.925766,city_centroid
5236,FLYING J #875,"I-95,  EXIT 109",Elkton,MD,243,4.199,39.626434,-75.84584,city_centroid
5245,CASEYS #3842,US-36 & US-283,Norton,KS,357,3.157,39.840706,-99.887832,city_centroid
5247,EDGERTON TRAVEL PLAZA,"I-90, EXIT 160 & US-51",Edgerton,WI,420,3.199,42.838605,-89.064157,city_centroid
5249,Taylor's Stateline Travel Center,US-67 & SR-278,Neelyville,MO,275,2.999,36.571005,-90.499491,city_centroid
5254,TA CANDLER TRAVEL CENTER,"I-40, EXIT 37",Candler,NC,210,3.799,35.537626,-82.700081,city_centroid
5255,7-ELEVEN #35788,"I-35, EXIT 215",Olathe,KS,400,3.339,38.8822,-94.8178,city_centroid
5258,PT TRUCK STOP,"I-12, EXIT 42",Hammond,LA,623,3.249,30.51908,-90.487856,city_centroid
5282,CASEYS #3548,US-54 & US-61,Pratt,KS,357,3.141,37.650219,-98.73003,city_centroid
5285,TULLO TRUCK STOP,"I-95, EXIT 15E & US-1/US-9",Kearny,NJ,79,3.799,40.76466,-74.147108,city_centroid
5297,ERNIES TRUCK STOP,"I-90,  EXIT 179 & I-90 BUS/SR-17",Moses Lake,WA,920,3.949,47.137363,-119.289149,city_centroid
5299,Sudden Service #62,"I-65, EXIT 6 & SR-100",Franklin,KY,460,3.084,36.725353,-86.570043,city_centroid
5302,ONE9 #258,"I-81, EXIT 150 & US-220 ALT & US-11",Troutville,VA,185,3.032,37.401855,-79.878636,city_centroid
5306,PILOT TRAVEL CENTERS #11,"I-76, EXIT 232",North Lima,OH,573,3.799,40.964866,-80.654911,city_centroid
5309,NEWBORN TRUCK STOP,I-20 EXIT 5,Tallapoosa,GA,48,3.407,33.760174,-85.300047,city_centroid
5310,FLYING J #576,"I-35, EXIT 69",Northfield,MN,515,3.859,44.458724,-93.166826,city_centroid
5324,HY-MILER #2245,SR-53,Fremont,OH,550,3.382,41.349792,-83.118095,city_centroid
5341,KWIK STAR #1160,"US-75, EXIT 118 & SR-3",Le Mars,IA,408,3.299,42.79623,-96.170386,city_centroid
5349,JET FOOD STORE #17,US-1/SR=4/SR-540 & US-220/SR-47,Wrens,GA,135,3.416,33.210397,-82.380962,city_centroid
5363,SPEEDWAY #6767,"I-75, EXIT 20",Manheim,PA,70,4.499,40.170229,-76.416794,city_centroid
5389,FLYING J TRAVEL PLAZA #744,"I-15, EXIT 343",Ogden,UT,835,3.749,41.2443,-112.0072,city_centroid
5391,PWI #605,"I-10, EXIT 378",San Simon,AZ,640,2.959,32.208167,-109.367152,city_centroid
5399,FLYING J TRAVEL PLAZA #750,"I-81 & I-77, EXIT 80",Max Meadows,VA,185,3.549,36.91708,-80.921391,city_centroid
5407,CASEYS #4535,US 81,Concordia,KS,570,2.912,39.559427,-97.662735,city_centroid
5414,One9 #1216,"I-10 ,EXIT 200 & SR-84",Eloy,AZ,930,3.199,32.750929,-111.583275,city_centroid
5419,USA TRAVEL CENTER,"I-40, EXIT 48 & US-93",Kingman,AZ,910,3.399,35.258379,-114.05689,city_centroid
5422,K AND H TRUCK PLAZA,"I-57, EXIT 283 & US-24",Gilman,IL,290,3.099,40.767987,-87.993336,city_centroid
5424,WK TRUCK STOP,"US-231 & SR-9001, EXIT 75",Beaver Dam,KY,340,3.399,37.386958,-86.872932,city_centroid
5435,MEADE AUTO AND TRUCK PLAZA,US-54,Meade,KS,525,3.799,37.282137,-100.336378,city_centroid
5436,PARKWAY MARATHON,"US-79, EXIT 94",Caneyville,KY,415,3.732,37.422168,-86.470207,city_centroid
5446,PETRO STOPPING CENTER #308,"I-20, EXIT 8 & SR-526",Shreveport,LA,745,3.176,32.503743,-93.748696,city_centroid
5462,BOOZER KWIK STOP,"I-15, EXIT 118",Idaho Falls,ID,825,3.447,43.517679,-111.990626,city_centroid
5464,PILOT TRAVEL CENTERS #48,"I-65, EXIT 86",Glendale,KY,415,3.609,37.603398,-85.892101,city_centroid
5474,One9 #88,"I-95/SR-9, EXIT 201 & SR-520",Cocoa,FL,143,3.376,28.367183,-80.746455,city_centroid
5477,CHEVRON #383766,"I-5, EXIT 216",Halsey,OR,935,3.099,44.386151,-123.125103,city_centroid
5479,PILOT TRAVEL CENTERS #94,"I-75, EXIT 161",Punta Gorda,FL,225,3.799,26.915163,-82.053166,city_centroid
5491,49ER FUEL CENTER,"I-75, EXIT 49",East Bernstadt,KY,410,2.999,37.190779,-84.145676,city_centroid
5492,BFS FOODS #68,"I-70, EXIT 3",Hancock,MD,22,4.129,39.699083,-78.176246,city_centroid
5522,ONE9 #301,"I-55,  EXIT 40",Marston,MO,275,3.109,36.508448,-89.628819,city_centroid
5523,TA LIMON TRAVEL CENTER,"I-70, EXIT 359 & US-24",Limon,CO,800,3.921,39.263889,-103.691667,city_centroid
5529,FLYING J #549,"I-77, EXIT 100 & 101",Mount Airy,NC,65,3.599,36.500739,-80.611871,city_centroid
5537,HUCKS TRAVEL CENTER #51 DBA FLYING J #889,"I-57/I-64, EXIT 95 & SR-15",Mount Vernon,IL,574,3.359,38.317014,-88.910525,city_centroid
5554,Southfork TRUCK STOP,"I-30, EXIT 63 & SR-53",Gurdon,AR,635,3.459,33.912493,-93.141691,city_centroid
5560,MIDWAY TRAVEL PLAZA,I-70 EXIT 121 & US-40,Columbia,MO,310,3.539,38.938176,-92.304865,city_centroid
5569,TA EXPRESS NORWOOD #0450,US-60,Norwood,MO,535,3.449,37.068696,-92.408209,city_centroid
5570,PETRO STOPPING CENTER #310,"I-12, EXIT 40 & US-51 BUS",Hammond,LA,725,3.249,30.51908,-90.487856,city_centroid
5579,SAPP BROS TRAVEL CENTER,US-30,Columbus,NE,486,3.219,41.437225,-97.356469,city_centroid
5592,TA COLUMBIA NORTH,"I-20, EXIT 71 & US-21",Columbia,SC,46,3.439,34.0004,-81.033418,city_centroid
5597,CM LAKE CHARLES FUEL STOP 36,"I-10, EXIT 36 & SR-397",Lake Charles,LA,690,3.299,30.228453,-93.187966,city_centroid
5601,BP,"I-24, EXIT 16",Paducah,KY,490,3.429,37.063377,-88.663204,city_centroid
5603,TA NORTH CANTON TRAVEL CENTER,"I-77, EXIT 111",North Canton,OH,249,3.624,40.889919,-81.413464,city_centroid
5606,FLYING J #511,"I-94, EXIT 147",Mandan,ND,273,3.952,46.830649,-100.909175,city_centroid
5607,RICE MART,"I-45 & FM 1603, EXIT 238",Rice,TX,630,3.019,32.225788,-96.460613,city_centroid
5608,SHOP A LOTT  #3,US-84 & US-171,Mansfield,LA,766,3.136,32.023863,-93.698045,city_centroid
5613,CHEVRON #381108,"I-82, EXIT 36",Yakima,WA,925,3.999,46.606991,-120.477336,city_centroid
5618,MCCLURE OIL #52,"I-65/US-52, EXIT 140 & SR-32",Lebanon,IN,375,3.584,40.044894,-86.464074,city_centroid
5649,Fast Stop,"I-10, EXIT 182 & SR-22",Sorrento,LA,623,3.699,30.185388,-90.86314,city_centroid
5651,LOVES TRAVEL STOP #303,"I-64, EXIT 43 & SR-395",Waddy,KY,415,3.749,38.105445,-85.12883,city_centroid
5659,TEX-BEST #526,US-59 & US-281,George West,TX,625,3.299,28.320388,-98.116159,city_centroid
5660,Pride Convenience Store,"I-90, EXIT 51 & I-291",Chicopee,MA,100,3.509,42.162046,-72.607962,city_centroid
5661,TA Express #287,"I-40, EXIT 288 & SR-111",Cookeville,TN,460,3.299,36.174261,-85.49531,city_centroid
5667,PILOT TRAVEL CENTERS #393,"I-40, EXIT 24 & SR-209",Waynesville,NC,210,3.759,35.488611,-82.988889,city_centroid
5669,KWIK TRIP #497,I-90 EXIT 266 & CR-12,Dakota,MN,515,3.474,43.914806,-91.39404,city_centroid
5670,TA MOUNT VERNON TRAVEL CENTER,"I-57 & I-64, EXIT 95",Mount Vernon,IL,574,3.449,38.317014,-88.910525,city_centroid
5674,TA MADISON TRAVEL CENTER,"I-20, EXIT 114 & US-441",Madison,GA,16,3.891,33.594681,-83.461781,city_centroid
5677,YESWAY #1178,CR-13,Kadoka,SD,506,3.189,43.84457,-101.552272,city_centroid
5691,Pilot Travel Center #666,"I-94, EXIT 30",Benton Harbor,MI,465,3.059,42.108594,-86.423417,city_centroid
5700,BEACON & BRIDGE #18,US-131 BUS,Big Rapids,MI,456,3.319,43.689679,-85.479705,city_centroid
5718,TOOT N TOTUM #104,US-287,Dalhart,TX,585,3.199,36.073183,-102.517658,city_centroid
5721,TA BALTIMORE SOUTH TRAVEL CENTER,"I-95, EXIT 41A & SR-175 & US-1",Jessup,MD,22,4.599,39.148399,-76.792239,city_centroid
5729,MENOMONIE FARMERS UNION,"I-94, EXIT 45 & CR-B",Menomonie,WI,295,3.649,44.87182,-91.92651,city_centroid
5730,SCOTTS QUICK STOP,SR-53 & SR-46,Marlette,MI,342,3.399,43.339882,-83.057253,city_centroid
5739,PILOT TRAVEL CENTERS #284,"I-75, EXIT 18",Monroe,MI,325,3.249,41.92751,-83.404848,city_centroid
5751,TA LAKE PARK TRAVEL CENTER,"I-75,  EXIT 2",Lake Park,GA,20,3.316,30.690615,-83.175293,city_centroid
5754,ROAD TRIP OASIS PERRY,"I-69, EXIT 105 & SR-52",Perry,MI,406,3.699,42.820012,-84.231346,city_centroid
5758,SPEEDY Q MARKET #8206,"I-94, EXIT 274",Port Huron,MI,325,3.899,42.995843,-82.459938,city_centroid
5770,Kwik Trip # 1281,"I-43, EXIT 107",Belgium,WI,444,3.256,43.499465,-87.850908,city_centroid
5771,DUNES AUTO TRUCK PLAZA,"I-94, EXIT 12",Sawyer,MI,465,3.499,41.882866,-86.588508,city_centroid
5774,PJ TRAVEL PLAZA,"I-80, EXIT 192 & SR-880",Loganton,PA,138,3.479,41.028317,-77.320397,city_centroid
5780,BILLS TRUCKSTOP,"I-85, EXIT 86",Linwood,NC,65,3.449,35.75623,-80.374895,city_centroid
5799,STAPLES OIL,"I-90, EXIT 146",Alden,MN,425,3.299,43.646586,-93.582307,city_centroid
5801,TA WYTHEVILLE TRAVEL CENTER,"I-81, EXIT 72 & I-77, EXIT 41",Wytheville,VA,185,3.519,36.940669,-81.094082,city_centroid
5821,TA PORTLAND TRAVEL CENTER,"I-5,  EXIT 278",Aurora,OR,935,4.032,45.228432,-122.803881,city_centroid
5823,ENMARKET #863,"I-95, EXIT 8 & SR-88",Hardeeville,SC,195,3.082,32.263512,-81.066865,city_centroid
5830,115 TRUCKSTOP #5001,"I-94, EXIT 115",Marshall,MI,431,3.429,42.272047,-84.95828,city_centroid
5842,PETRO STOPPING CENTER #6367,"I-57,  EXIT 335",Monee,IL,290,3.399,41.419133,-87.77484,city_centroid
5860,SPEEDWAY #4610,"I-35, EXIT 59 & SR-21",Faribault,MN,448,3.759,44.294457,-93.28179,city_centroid
5873,SOUTHERN VALLEY COOP,ST 14 BYPASS,Mankato,MN,425,3.499,44.177541,-94.031476,city_centroid
5901,ROTHSAY TRUCK STOP,"I-94, EXIT 38",Rothsay,MN,341,3.209,46.509412,-96.288726,city_centroid
5903,Circle K #2746447,I-94/US-52 EXIT 127 & US-71/SR-28,Sauk Centre,MN,250,3.189,45.728079,-94.968166,city_centroid
5907,SPEEDWAY #4035,CR-101,Shakopee,MN,448,3.599,44.7793,-93.519748,city_centroid
5909,SINCLAIR,"I-90, EXIT 233",Saint Charles,MN,515,3.529,43.958481,-92.051738,city_centroid
5927,HARRISONBURG TRAVEL CENTER,"I-81,  EXIT 243 & US-11",Harrisonburg,VA,185,2.899,38.448864,-78.871438,city_centroid
5935,WESTHAMPTON VALERO,I-295 EXIT 47A,Mount Holly,NJ,160,3.329,39.993028,-74.795522,city_centroid
5942,EXPRESS MART TRUCK STOP,"I-55, EXIT 185 & US-67/US-61",Barnhart,MO,540,2.997,38.338425,-90.41417,city_centroid
5944,LAKE MILLS TRAVEL PLAZA,"I-94, EXIT 259 & SR- 89/CR-G",Lake Mills,WI,420,3.361,43.081576,-88.913335,city_centroid
5946,PILOT TRAVEL CENTERS #918,I-90 EXIT 55,Rapid City,SD,506,3.999,44.077041,-103.200259,city_centroid
5949,EXXON,US-59 & LOOP 151,Texarkana,TX,723,3.166,33.407371,-94.118245,city_centroid
5951,ROAD RANGER #157,I-64 EXIT 41,Okawville,IL,540,3.799,38.431862,-89.523045,city_centroid
5963,OZONA ONE STOP,"I-10, EXIT 372",Ozona,TX,710,2.982,30.716369,-101.238802,city_centroid
5965,TRUCK TOWNE,I-29 EXIT 47 & SR-46,Beresford,SD,572,3.159,43.087409,-96.781256,city_centroid
5971,WACO TRAVEL CENTER,SR-19,Perry,FL,20,3.699,30.097489,-83.585021,city_centroid
5979,TA LAFAYETTE TRAVEL CENTER,"I-10 & SR-182, EXIT 101",Lafayette,LA,600,3.134,30.236141,-92.008261,city_centroid
5980,THRIFT MART TRUCK PLAZA,"I-85/US-460, EXIT 63A & US-1/US-460 BUS",Petersburg,VA,180,3.199,37.220001,-77.432594,city_centroid
5990,360 TRUCK STOP,US-360,Amelia Court House,VA,180,3.599,37.35017,-77.955177,city_centroid
5996,Fast Stop Travel Centers #1134,"I-80/US-30, EXIT 99 & US-191/SR-373",Rock Springs,WY,827,3.499,41.605957,-109.230047,city_centroid
5999,PILOT TRAVEL CENTER #492,"I-30, EXIT 78 & SR-7",Arkadelphia,AR,635,3.499,34.11525,-93.068989,city_centroid
6001,ALLSUPS #2392,US-70 & US-285,Roswell,NM,700,3.199,33.388504,-104.525857,city_centroid
6009,CASEYS #2652,US-65 & US-36,Chillicothe,MO,400,3.289,39.796569,-93.550887,city_centroid
6010,SEGOVIA TRUCK STOP,"I-10, EXIT 465",Junction,TX,739,2.999,30.47544,-99.74731,city_centroid
6018,TA BLOOMINGTON TRAVEL CENTER,"I-55, I-74 & I-39 , EXIT 160",Bloomington,IL,280,3.449,40.478295,-88.989318,city_centroid
6033,EMERY'S,US-54,Deerfield,MO,277,3.349,37.82109,-94.484845,city_centroid
6037,CRYSTAL OIL,"I-129/US-20/US-75,  EXIT 2",South Sioux City,NE,527,3.549,42.465615,-96.418161,city_centroid
6041,COCKERHAM FUEL CENTER #4,"I-77, EXIT 14 & US-58/US-221",Hillsville,VA,185,3.282,36.744225,-80.71973,city_centroid
6047,FAST LANE #26,US-61,Eolia,MO,494,3.099,39.243097,-91.009322,city_centroid
6051,CIRCLE K #2709846,"I-25, EXIT 240",Longmont,CO,800,3.057,40.130615,-104.950446,city_centroid
6057,PILOT TRAVEL CENTER #903,"I-70/US-40, EXIT 252",Salina,KS,523,3.759,38.823802,-97.608787,city_centroid
6058,MOTOR INN AUTO TRUCK STOP,I-75 EXIT 110,Mendon,OH,370,3.199,40.677737,-84.51515,city_centroid
6068,AYERCO #24,US-61 & CR MM,Hannibal,MO,494,3.099,39.70636,-91.38387,city_centroid
6082,Palmetto Truck Plaza,US-27/SR-25 & SR-826,Hialeah,FL,95,3.399,25.905,-80.3049,city_centroid
6083,BP,"I-35, EXIT 33",Holt,MO,400,3.049,39.428867,-94.368876,city_centroid
6087,BREAK TIME #3173,US-54 & CR-HH,Fulton,MO,310,3.299,38.851821,-91.96055,city_centroid
6093,ONE9 #901,"I-80 & US-183, EXIT 257",Elm Creek,NE,330,2.966,40.730079,-99.372786,city_centroid
6096,Waverly Travel Center,US-23,Waverly,OH,315,3.416,39.126445,-83.004874,city_centroid
6097,SAPP BROS TRAVEL CENTER,"I-80, EXIT 263",Elm Creek,NE,330,3.187,40.730079,-99.372786,city_centroid
6106,TA HUNTINGTON,"I-84, EXIT 353",Huntington,OR,982,3.639,44.381113,-117.309691,city_centroid
6111,HAWGS EXXON,US-167/SR-25,Batesville,AR,418,3.359,35.782614,-91.63519,city_centroid
6150,CIRCLE K #2723707,"I-81,  EXIT 150",Troutville,VA,65,3.066,37.401855,-79.878636,city_centroid
6154,TA MOBILE TRAVEL CENTER,"I-10,  EXIT 4",Grand Bay,AL,715,3.136,30.498288,-88.32825,city_centroid
6164,PILOT TRAVEL CENTER #268,"I-80/US-6, EXIT 284",Walcott,IA,270,3.859,41.645309,-90.725603,city_centroid
6165,TEMP STOP #117,I-70 & GRAIN VALLEY RD EXIT 24,Grain Valley,MO,400,2.959,39.027361,-94.20874,city_centroid
6167,PILOT TRAVEL CENTERS #167,US-71,Nevada,MO,277,3.496,37.840853,-94.357127,city_centroid
6172,SPEEDWAY #2319,"I-96, EXIT 77",Portland,MI,431,3.549,42.862414,-84.913933,city_centroid
6173,PILOT TRAVEL CENTERS #21,"I-94, EXIT 167",Dexter,MI,325,3.579,42.35832,-83.900028,city_centroid
6175,ONVO TRAVEL PLAZA - MIFFLINTOWN,US-322/US-22 & SR-35,Mifflintown,PA,138,3.479,40.572666,-77.376119,city_centroid
6179,HENDERSON TRAVEL PLAZA,"I-10, EXIT 115 & SR-347",Breaux Bridge,LA,690,3.386,30.274955,-91.905899,city_centroid
6180,Circle #4703923,"I-24, EXIT 180B & US-27",Chattanooga,TN,285,2.786,35.0455,-85.3081,city_centroid
6182,Exxon,"I-20, EXIT 205 & SR-46",Heflin,AL,587,3.016,33.611515,-85.588471,city_centroid
6188,SIGNAL FOOD STORE #112,US-65 & SR-J,Ozark,MO,535,2.999,37.016926,-93.202211,city_centroid
6198,DAVIS TRAVEL CENTER #102,"I-95/US-301, EXIT 33 & SR-602",Stony Creek,VA,180,3.066,36.936132,-77.444276,city_centroid
6200,KWIK FILL #388,"I-80, EXIT 29 & SR-8",Harrisville,PA,165,3.404,41.163087,-79.979639,city_centroid
6206,PETRO PORTAGE,"I-90 & I-94, EXIT 108-A",Portage,WI,420,3.807,43.550145,-89.47139,city_centroid
6212,MR FUEL,"I-55, EXIT 180",Pevely,MO,540,3.016,38.279911,-90.411075,city_centroid
6214,PIONEER Travel Plaza,"I-41, EXIT 60 & SR-145",Richfield,WI,444,3.216,43.273925,-88.215467,city_centroid
6215,FUEL HUB,"I-87, EXIT 21B",West Coxsackie,NY,12,3.599,42.415055,-73.817033,city_centroid
6218,LOVES TRAVEL STOP #215,"I-40, EXIT 16 & US-40 BUS/US-66",Gallup,NM,580,3.437,35.506475,-108.741352,city_centroid
6219,SCHATZ CROSSROADS,US-2 /US-52,Minot,ND,452,3.549,48.22914,-101.298476,city_centroid
6221,LOVES TRAVEL STOP #214,I-10 EXIT 37,El Paso,TX,640,3.076,31.758411,-106.478311,city_centroid
6222,QUIKTRIP #236,"I-29/US-71, EXIT 18 & SR-92",Platte City,MO,400,2.999,39.360171,-94.788972,city_centroid
6227,MARLOWS FUEL CENTER,"I-20, EXIT 479",Dallas,TX,630,3.241,32.790439,-96.80439,city_centroid
6229,FUEL MART #764,"I-70, EXIT 66 & SR- 54",South Vienna,OH,315,3.129,39.94732,-83.615704,city_centroid
6232,OASIS TRUCK STOP,"I-44 & SR-133, MM 145",Richland,MO,416,3.324,37.852752,-92.396245,city_centroid
6242,TA FORISTELL TRAVEL CENTER,"I-70, EXIT 203",Foristell,MO,540,3.019,38.762557,-90.934328,city_centroid
6243,GARDEN INN TRAVEL PLAZA,US-60/US-63,Cabool,MO,535,3.299,37.131366,-92.114409,city_centroid
6251,BREAUX BRIDGE VALERO #1408,"I-10 & SR-347, EXIT 115",Breaux Bridge,LA,730,3.499,30.274955,-91.905899,city_centroid
6252,PILOT TRAVEL CENTERS #12,I-80 & I-90 EXIT 71,Perrysburg,OH,550,3.759,41.542926,-83.592727,city_centroid
6258,CASEYS #6342,"I-29, EXIT 144 & US-169",Saint Joseph,MO,400,3.169,39.768755,-94.838488,city_centroid
6271,TA DENTON TRAVEL CENTER,"I-35, EXIT 471 & US-77",Denton,TX,630,3.254,33.22893,-97.131436,city_centroid
6275,TA SEATTLE EAST TRAVEL CENTER,"I-90, EXIT 34",North Bend,WA,962,3.859,47.475546,-121.757142,city_centroid
6284,7-ELEVEN #40513,I-90/80-IN TOLL RD MM 22W,Portage,IN,365,3.999,41.567201,-87.175689,city_centroid
6286,APPLE MARKET #526,"I-64, EXIT 94",Winchester,KY,410,2.916,37.987161,-84.178894,city_centroid
6290,FUEL KING NAPOLEON TRAVEL CENTER,"US-6/US-24/SR/CR-3, EXIT 41",Napoleon,OH,550,3.439,41.390969,-84.143271,city_centroid
6293,PETRO STOPPING CENTER #313,"I-40, EXIT 79",Milan,NM,580,3.571,35.169722,-107.890278,city_centroid
6296,GRAY TRUCK STOP,US-71/US-136,Maryville,MO,400,3.266,40.343399,-94.873479,city_centroid
6299,HWY 34 TRUCKSTOP,"US-34, EXIT 258",West Burlington,IA,345,3.374,40.832081,-91.179894,city_centroid
6305,I-95 Fuel Stop,"I-95, EXIT 126 & US-17/US-1",Fredericksburg,VA,180,3.264,38.3242,-77.4685,city_centroid
6307,QUIKTRIP #608,"I-70, MID RIVERS MALL",Saint Peters,MO,540,2.904,38.78024,-90.622765,city_centroid
6308,Pilot Travel Centers #354,"I-64, EXIT 28",Simpsonville,KY,415,3.759,38.231186,-85.354797,city_centroid
6309,WINNERS CIRCLE #1,"I-30 & US-270, EXIT 98A",Malvern,AR,695,3.352,34.355715,-92.829162,city_centroid
6310,CIRCLE K #2707515,US-27/SR-25 & US-98/US-700/SR-700/SR-66,Sebring,FL,140,3.389,27.492391,-81.435712,city_centroid
6315,AYERCO #25,US-24,Taylor,MO,494,3.016,39.914486,-91.527834,city_centroid
6318,Chisholm Corner #15,"I-35, EXIT 72 & US-19",Pauls Valley,OK,569,3.387,34.738506,-97.219501,city_centroid
6326,KANZA TRAVEL PLAZA,"I-35, EXIT 231 AND US-177",Braman,OK,500,3.027,36.933054,-97.308231,city_centroid
6327,PETRO STOPPING CENTER #312,"I-40 & I-75, EXIT 369",Knoxville,TN,405,3.426,35.9609,-83.9189,city_centroid
6330,TA EDINBURG TRAVEL CENTER,I-69C/US-281 & FM-2812,Edinburg,TX,639,3.011,26.304221,-98.156922,city_centroid
6334,231 PLAZA AND TRUCK STOP,US-231/SR-75 & SR-20,Youngstown,FL,20,3.494,30.326913,-85.516881,city_centroid
6341,TA RAWLINS TRAVEL CENTER,"I-80, EXIT 214",Rawlins,WY,795,3.722,41.795131,-107.234883,city_centroid
6346,SPEEDWAY #4710,US-71/SR-60,Windom,MN,425,3.299,43.879022,-95.151531,city_centroid
6351,FLYING J TRAVEL PLAZA #608,"I-10, EXIT 1",Ehrenberg,AZ,930,3.959,33.604167,-114.524444,city_centroid
6356,CIRCLE K #2721536,ST 6 EAST,Batesville,MS,435,3.241,34.331651,-89.91418,city_centroid
6370,TA ROCKWALL TRAVEL CENTER,"I-30/US-67, EXIT 68 & SR-205",Rockwall,TX,630,3.137,32.931111,-96.459444,city_centroid
6374,TA ELGIN WEST TRAVEL CENTER,I-90 &  US-20,Hampshire,IL,290,3.459,42.080748,-88.517033,city_centroid
6387,FLYING J FRANCHISE #966,"I-80, EXIT 229",Battle Mountain,NV,966,3.792,40.621985,-116.955439,city_centroid
6391,TOOT N TOTUM #106,US-287,Dumas,TX,585,3.006,35.882315,-101.967984,city_centroid
6393,PILOT TRAVEL CENTER #478,"I-64, EXIT 92",Leavenworth,IN,415,3.959,38.194244,-86.359862,city_centroid
6401,CIRCLE K #2723457,"I-10, EXIT 34-B",Gulfport,MS,715,2.989,30.382556,-89.097618,city_centroid
6434,AMPRIDE ALL ROUND TRUCK STOP,US-20,Fort Dodge,IA,343,3.299,42.508817,-94.180737,city_centroid
6441,GRAND OIL,"I-75, EXIT 41 & SR-80",London,KY,410,3.499,37.101605,-84.097498,city_centroid
6442,CLARK OIL #49,US-84,Laurel,MS,620,2.999,31.705444,-89.131155,city_centroid
6448,CIRCLE K #2723392,"I-59, EXIT 97 & US-84",Laurel,MS,620,2.952,31.705444,-89.131155,city_centroid
6462,ARCO #471770,US-281 & SR-5,Dunseith,ND,452,3.499,48.84801,-100.031105,city_centroid
6468,TA SAYRE TRAVEL CENTER,"I-40 & CEMETARY RD, EXIT 26",Sayre,OK,483,3.064,35.304722,-99.642928,city_centroid
6480,FLYING J #934,"I-84, EXIT 265",La Grande,OR,982,3.536,45.330435,-118.085228,city_centroid
6492,FLICKS,US-49,Richland,MS,760,2.999,32.215224,-90.156231,city_centroid
6496,SPEEDY EXPRESS #38,"I-35, EXIT 305",Mathis,TX,625,3.199,28.080208,-97.809659,city_centroid
6502,SQUAW CREEK TRAVEL PLAZA,"I-29, EXIT 79 & US-159",Forest City,MO,400,3.339,39.989708,-95.191594,city_centroid
6517,HARDYS #5,"I-80, EXIT 4   4",Wendover,UT,835,3.499,40.597396,-113.993573,city_centroid
6518,TOWN PUMP FOOD STORE #310,"I-15, EXIT 164",Boulder,MT,816,3.559,46.230647,-112.113757,city_centroid
6526,TULIP CITY TRUCK STOP,"I-196 & SR-40, EXIT 49",Holland,MI,344,3.739,42.7875,-86.108889,city_centroid
6527,ZIP TRIP #50,"I-90, EXIT 426",Park City,MT,780,3.584,45.632864,-108.929279,city_centroid
6547,FLYING J TRAVEL PLAZA #762,"I-90, EXIT 126 & SR-59",Gillette,WY,836,3.899,44.282009,-105.497442,city_centroid
6562,PILOT #1323,"I-29, EXIT 35",Faucett,MO,400,3.272,39.589124,-94.791276,city_centroid
6563,Road Ranger #282,"I-35, EXIT 500",Gainesville,TX,630,3.176,33.625943,-97.103208,city_centroid
6564,FLYING J FRANCHISE #970,US-395,Pasco,WA,925,4.599,46.249183,-119.104387,city_centroid
6565,TA Greeneville Travel Center,"I-81,  EXIT 36",Greeneville,TN,405,3.552,36.160807,-82.833136,city_centroid
6567,YELLOWSTONE TRUCK SHOP,"I-90, EXIT 330",Livingston,MT,786,3.649,45.654587,-110.560907,city_centroid
6577,AC & T TRAVEL CENTER,"I-81, EXIT 5 W",Hagerstown,MD,70,3.659,39.632022,-77.737215,city_centroid
6578,PILOT TRAVEL CENTER #909- TOWN PUMP,"I-15 & US-2, EXIT 363",Shelby,MT,815,3.636,48.503666,-111.839122,city_centroid
6588,TOWN PUMP FOOD STORE #4300,"I-90, EXIT 249",Whitehall,MT,786,3.659,45.877146,-112.124535,city_centroid
6593,LITTLE AMERICA TRAVEL CENTER,"I-40, EXIT 198",Flagstaff,AZ,930,3.539,35.185911,-111.661979,city_centroid
6607,TRANSIT TRUCK STOP,"I-97, EXIT 10",Millersville,MD,22,3.466,39.104102,-76.61902,city_centroid
6608,7-ELEVEN #35560,SR-16,Charlotte,NC,46,3.999,35.2269,-80.8433,city_centroid
6628,FLYING J TRAVEL PLAZA #682,"I-85, EXIT 150",Haw River,NC,65,3.942,36.055085,-79.334557,city_centroid
6632,TA SAVANNAH TRAVEL CENTER,"I-95/SR-405,  EXIT 87 & US-17/SR-25",Richmond Hill,GA,195,3.351,31.896152,-81.294026,city_centroid
6633,BAKER TRUCK CORRAL,"I-84, EXIT 304",Baker City,OR,982,3.426,44.780102,-117.828631,city_centroid
6640,PETRO STOPPING CENTER JOHNSTOWN,"I-25, EXIT 254",Johnstown,CO,800,3.427,40.335526,-104.923558,city_centroid
6642,TA VERO BEACH TRAVEL CENTER #197,"I-95/SR-9, EXIT 147 & SR-60",Vero Beach,FL,95,3.484,27.632985,-80.403075,city_centroid
6646,FAMILY EXPRESS #35 (DISCOUNT AVAILABLE),"I-65, EXIT 215 & SR-114",Rensselaer,IN,365,3.132,40.947731,-87.133733,city_centroid
6655,BP DBA TA ELKTON TRAVEL CENTER,"I-95,  EXIT 109B",Elkton,MD,150,4.969,39.626434,-75.84584,city_centroid
6659,GURNEE TRUCK STOP,US-41,Gurnee,IL,290,3.289,42.366906,-87.945232,city_centroid
6661,TA FRANKLIN TRAVEL CENTER,"I-65, EXIT 61",Franklin,TN,460,3.839,35.932782,-86.878833,city_centroid
6663,TA of Mocksville,"I-40, EXIT 170 & US-601",Mocksville,NC,46,3.699,35.922007,-80.536965,city_centroid
6677,ROADWAY TRAVEL CENTER,"I-29, EXIT 73",Sioux Falls,SD,530,3.199,43.6017,-96.7051,city_centroid
6693,SAPP BROS TRAVEL CENTER,US-77,Fremont,NE,486,3.346,41.441637,-96.494468,city_centroid
6701,JACKS TRUCK STOP,"I-65, EXIT 304 & SR-69",Cullman,AL,615,3.999,34.176146,-86.829777,city_centroid
6704,FL Roberts,"I-91, EXIT 24",Whately,MA,100,3.559,42.439722,-72.635278,city_centroid
6716,MARATHON,"I-29/US-81, EXIT 65 & I-94 BUS/US-10",Fargo,ND,341,3.449,46.900878,-96.793577,city_centroid
6721,STAMART 1222,"I-29, EXIT 64",Fargo,ND,341,3.386,46.900878,-96.793577,city_centroid
6725,TA EXPRESS GRAND FORKS #948,"I-29, EXIT 141 & US-2",Grand Forks,ND,355,3.539,47.901041,-97.04463,city_centroid
6734,TOMAHAWK TRUCK STOP,"I-25, EXIT 128",Fountain,CO,803,3.299,38.699563,-104.700469,city_centroid
6736,EAGLEVILLE TRAVEL CENTER,"I-35 & ROUTE N, EXIT 106",Eagleville,MO,320,2.936,40.491197,-93.995058,city_centroid
6742,Holiday #3810,"I-94/US-52, EXIT 178 & SR-24",Clearwater,MN,453,3.221,45.387694,-94.045246,city_centroid
6744,FLYING J #550,US-2/US-52,Minot,ND,273,3.936,48.22914,-101.298476,city_centroid
6745,TIGER TRUCK STOP,"I-10, EXIT 139",Grosse Tete,LA,600,3.059,30.387935,-91.43829,city_centroid
6755,PETRO STOPPING CENTER #326,"I-40, EXIT 161 & SR-391",North Little Rock,AR,695,3.207,34.766974,-92.265376,city_centroid
6760,BETTY BEAVERS TRUCKSTOP,"I-87, EXIT 32",Lewis,NY,12,3.619,44.307507,-73.549129,city_centroid
6765,CIRCLE C TRAVEL PLAZA,"I-95, EXIT 68 & SR-61",Walterboro,SC,195,3.079,32.897367,-80.679225,city_centroid
6806,Onvo Travel Plaza,"I-78/US-22, EXIT 45 & SR-863",Kutztown,PA,90,3.327,40.521354,-75.777395,city_centroid
6810,TA RICHMOND,"I-95, EXIT 89 & SR-802",Ashland,VA,180,3.606,37.73948,-77.478373,city_centroid
6811,PUMP & PANTRY #24,US-6/CR-74,Hastings,NE,330,3.399,40.587654,-98.391146,city_centroid
6823,PETRO STOPPING CENTER #301,"I-10, EXIT 37",El Paso,TX,640,3.124,31.758411,-106.478311,city_centroid
6840,PETRO DEMING,"I-10, EXIT 68",Deming,NM,640,3.386,32.231808,-107.746559,city_centroid
6842,FLYNNS TRUCK PLAZA,"US-20, EXIT 11 & SR-140",Shrewsbury,MA,175,3.616,42.284801,-71.720503,city_centroid
6845,NEBRASKALAND TIRE SHOP,"I-80, EXIT 237 & US-283",Lexington,NE,330,2.999,40.785002,-99.751515,city_centroid
6850,BROKEN WHEEL TRUCK STOP,"I-25, EXIT 135",Douglas,WY,790,3.759,42.762558,-105.385484,city_centroid
6857,TA SPARKS TRAVEL CENTER,"I-80, EXIT 19 & SR-659",Sparks,NV,966,3.899,39.547254,-119.755588,city_centroid
6859,PRIME STOP,US-81,Norfolk,NE,470,3.229,42.032914,-97.422898,city_centroid
6864,JJS TRUCK STOP,"I-30, EXIT 106",Malvern,AR,695,3.316,34.355715,-92.829162,city_centroid
6869,TA WHEELING TRAVEL CENTER,"I-70, EXIT 11 & CR-41",Valley Grove,WV,165,3.529,40.094649,-80.555059,city_centroid
6883,PILOT TRAVEL CENTERS #517,US- 22 & SR-322,Duncannon,PA,70,4.199,40.408678,-77.047254,city_centroid
6885,GO MART FOOD STORE #31,"I-77, EXIT 95 & SR-61",Charleston,WV,44,3.499,38.349,-81.630606,city_centroid
6886,PWI #535,"I-70, EXIT 47",Palisade,CO,800,3.379,39.103178,-108.367977,city_centroid
6897,Speedee Mart #2890,US-20 & US-83,Valentine,NE,475,3.329,42.806166,-100.621542,city_centroid
6901,PRIME STOP,US-275,Wisner,NE,470,3.259,41.997994,-96.916975,city_centroid
6915,FLITE LINE SUNOCO,"I-95, EXIT 3",Portsmouth,NH,34,3.696,43.066524,-70.780412,city_centroid
6927,TORCH 85 TRUCK PLAZA,"I-85, EXIT 42",Tuskegee,AL,720,3.272,32.431623,-85.68606,city_centroid
6944,CROSSROADS TRUCK STOP,"I-82, EXIT 1 & US-730",Umatilla,OR,982,3.239,45.915725,-119.313715,city_centroid
6948,PILOT #4563,"I-8I, EXIT 77",Harrisburg,PA,70,3.869,40.261767,-76.883079,city_centroid
6951,ARROWHEAD TRAVEL PLAZA,"I-84, EXIT 216 & SR 331,",Pendleton,OR,982,3.259,45.660535,-118.783104,city_centroid
6954,BOLLA MARKET #198,SR-17MAHWA,Mahwah,NJ,115,3.586,41.074473,-74.155974,city_centroid
6960,FLYING J TRAVEL PLAZA #761,"I-80 & US-189, EXIT 3",Evanston,WY,835,3.699,41.260947,-110.963067,city_centroid
6961,LITTLE AMERICA,"I-80, EXIT 358 & I-25, EXIT 9 & US-30",Cheyenne,WY,795,3.709,41.143719,-104.796234,city_centroid
6962,LITTLE AMERICA TRAVEL CENTER,"I-80, EXIT 68 & SR-374",Little America,WY,835,3.526,41.543611,-109.858333,city_centroid
6963,Atlantis Fresh Market #553,"I-84, EXIT 1",Montague,NJ,120,3.509,41.302259,-74.753956,city_centroid
6968,R STORE #4513,US-41,Fond Du Lac,WI,360,3.299,43.770446,-88.429149,city_centroid
6970,TA Twin City East Travel Center,I-94  EXIT 4 & US-12,Hudson,WI,450,3.547,44.984187,-92.727062,city_centroid
6971,KWIK TRIP #1013,"I-41, EXIT 57 & SR-167",Richfield,WI,444,3.391,43.273925,-88.215467,city_centroid
6975,TRUCKERS INN STOP,"I-90/I-94, EXIT 132 & US-51",De Forest,WI,420,3.199,43.235748,-89.329652,city_centroid
6976,MOASIS TRUCK CENTER,US-41,Little Chute,WI,444,3.199,44.284248,-88.311989,city_centroid
6980,TA MADISON TRAVEL CENTER,"I-90/I-94/I-39, EXIT 132 & US-51",De Forest,WI,420,3.839,43.235748,-89.329652,city_centroid
6981,Kwik Trip #1197,"US-151, EXIT 26",Belmont,WI,335,3.564,42.730784,-90.335881,city_centroid
6984,TA HURRICANE TRAVEL CENTER,"I-64, EXIT 39 & SR-34",Hurricane,WV,255,3.632,38.425741,-81.994329,city_centroid
6986,LOVES TRAVEL STOP #448,"I-5, EXIT 136B, SR-509",Tacoma,WA,977,4.589,47.2764,-122.7583,city_centroid
6987,One9 #965,"I-90, EXIT 109 & US-97",Ellensburg,WA,977,3.839,46.999632,-120.516274,city_centroid
6992,FLYING J #1169,"I-5, EXIT 99",Tumwater,WA,977,4.599,46.9542,-123.025,city_centroid
6994,FLYING J FRANCHISE #967,"I-90, EXIT 286",Spokane,WA,970,3.929,47.666485,-117.436527,city_centroid
6999,SIMMONS TRAVEL CENTER,"I-85, EXIT 4 & SR-93/SR-903",Bracey,VA,180,3.099,36.576295,-78.105862,city_centroid
7003,TA ASHLAND TRAVEL CENTER,"I-95, EXIT 92 & SR-54",Ashland,VA,180,3.642,37.73948,-77.478373,city_centroid
7004,FRANKS TRUCKING CENTER,"I-264, EXIT 13B",Chesapeake,VA,130,3.449,36.735246,-76.23843,city_centroid
7005,PETRO STOPPING CENTER,"I-81 & I-64, EXIT 205",Raphine,VA,185,3.659,37.937353,-79.221903,city_centroid
7007,KUM & GO #0201,"I-80, EXIT 242",Coralville,IA,380,3.294,41.693666,-91.590608,city_centroid
7013,ERNIES TRUCK PLAZA,"I-15, EXIT 112",Beaver,UT,910,3.399,38.28071,-112.629916,city_centroid
7016,TA SALT LAKE CITY TRAVEL CENTER,"I-80, EXIT 99",Tooele,UT,835,3.769,40.545445,-112.300214,city_centroid
7018,FLYING J TRAVEL PLAZA #746,"I-15 & I-80 SR 201, EXIT 305",Salt Lake City,UT,835,3.732,40.755851,-111.896657,city_centroid
7023,TA AMARILLO WEST TRAVEL CENTER,"I-40, EXIT 74",Amarillo,TX,585,3.279,35.166332,-101.886764,city_centroid
7037,SAMS TRUCK STOP,"I-10, EXIT 138",Van Horn,TX,640,3.999,31.042879,-104.832249,city_centroid
7045,BUBBLE CITY TRUCK STOP,US-64,Farmington,NM,614,3.706,36.706514,-108.199531,city_centroid
7051,PILOT #887,US-84 & US-180,Snyder,TX,575,3.246,32.715105,-100.907485,city_centroid
7056,TA SWEETWATER TRAVEL CENTER,"I-20, EXIT 242",Sweetwater,TX,575,3.152,32.472589,-100.397908,city_centroid
7058,YESWAY #1125,"I-27, EXIT 1C",Lubbock,TX,700,2.969,33.586527,-101.860634,city_centroid
7059,TA BIG SPRING TRAVEL CENTER,"I-20, EXIT 177 & US-87",Big Spring,TX,612,3.699,32.241767,-101.467517,city_centroid
7064,SPEEDWAY #9804,"I-10, EXIT 25",El Paso,TX,640,3.416,31.758411,-106.478311,city_centroid
7066,REFUEL #328,"I-35,  EXIT 204",San Marcos,TX,595,2.999,29.875359,-97.940418,city_centroid
7072,TA ANTIOCH TRAVEL CENTER,"I-24, EXIT 62",Antioch,TN,460,3.506,36.06,-86.672222,city_centroid
7077,THE TENNESSEAN TRUCKSTOP,"I-65, EXIT 22 & US-31 ALT/SR-11",Cornersville,TN,460,3.799,35.34088,-86.82862,city_centroid
7078,TA DENMARK TRAVEL CENTER,"I-40 & SR-138, EXIT 68",Denmark,TN,435,3.539,35.557059,-88.975892,city_centroid
7080,ONE9 #1422,"I-40, EXIT 197",Moriarty,NM,580,3.116,34.988878,-106.060871,city_centroid
7082,Chevron,"I-65, EXIT 6",Ardmore,TN,460,3.599,35.057445,-86.879555,city_centroid
7084,Holiday StationStore #2746500,US-12 & US-281,Aberdeen,SD,248,3.114,45.466109,-98.485642,city_centroid
7087,PILOT #599,"I-90, EXIT 192 & I-90 BUS/US-83",Murdo,SD,506,3.799,43.896115,-100.712107,city_centroid
7088,FLYING J FRANCHISE #931,"I-90, EXIT 61",Rapid City,SD,506,3.157,44.077041,-103.200259,city_centroid
7092,LOVES TRAVEL STOP #445,I-90 EXIT 399 & SR 115,Sioux Falls,SD,530,3.889,43.6017,-96.7051,city_centroid
7095,TA MANNING TRAVEL CENTER,"I-95, EXIT 119",Manning,SC,135,3.517,33.667716,-80.222078,city_centroid
7106,PILOT DEALER #1163,"I-80, EXIT 42",Emlenton,PA,165,4.036,41.202769,-79.746996,city_centroid
7112,TA HARRISBURG TRAVEL CENTER,"I-81, EXIT 77 & SR-39",Harrisburg,PA,70,3.816,40.261767,-76.883079,city_centroid
7116,TA MILESBURG TRAVEL CENTER,"I-80, EXIT 158",Milesburg,PA,14,4.049,40.941667,-77.785278,city_centroid
7121,TA BLOOMSBURG TRAVEL CENTER,"I-80, EXIT 232",Bloomsburg,PA,138,3.957,41.011528,-76.438379,city_centroid
7126,SAPP BROS TRAVEL CENTER,"I-80, EXIT 120",Clearfield,PA,14,3.899,41.02103,-78.443488,city_centroid
7128,FLYING J #518,"I-78, EXIT 10 (PA 645)",Myerstown,PA,208,3.869,40.378949,-76.314328,city_centroid
7129,TA BROOKVILLE TRAVEL CENTER,"I-80 EXIT 78, & SR-36",Brookville,PA,14,4.029,41.159986,-79.064101,city_centroid
7131,TA BREEZEWOOD TRAVEL CENTER,"I-76 & US30, EXIT 161",Breezewood,PA,14,4.299,39.990521,-78.245271,city_centroid
7132,Terrible Herbst dba/One9 #1395,"I-15, EXIT 12",Jean,NV,910,3.459,35.854839,-115.469154,city_centroid
7135,PETRO STOPPING CENTER #336,"I-81, EXIT 52 & I-76, EXIT 226",Carlisle,PA,70,4.149,40.203877,-77.199526,city_centroid
7136,TA LAMAR TRAVEL CENTER,"I-80, EXIT 173 & SR-64",Lamar,PA,14,4.036,41.016111,-77.531389,city_centroid
7137,TA BARKEYVILLE TRAVEL CENTER,"I-80, EXIT 29 & SR-8",Harrisville,PA,165,4.044,41.163087,-79.979639,city_centroid
7147,JUBITZ TRAVEL PLAZA,"I-5, EXIT 307",Portland,OR,935,3.859,45.443343,-122.775974,city_centroid
7148,TA TROUTDALE TRAVEL CENTER,"I-84, EXIT 17",Troutdale,OR,935,3.932,45.525398,-122.373866,city_centroid
7154,TA OKLAHOMA CITY WEST TRAVEL CENTER,"I-40, EXIT 140",Oklahoma City,OK,483,3.302,35.473,-97.5177,city_centroid
7156,TA OKLAHOMA CITY EAST TRAVEL CENTER,"I-40, EXIT 142",Oklahoma City,OK,483,3.301,35.473,-97.5177,city_centroid
7166,TA London Travel Center,"I-70 & US-42, EXIT 79",London,OH,315,3.492,39.900074,-83.443899,city_centroid
7169,TA YOUNGSTOWN TRAVEL CENTER,"I-80 & SR 46, EXIT 223",Youngstown,OH,573,3.444,41.0986,-80.6474,city_centroid
7170,TRUCK WORLD TRUCKSTOP,"I-80, EXIT 234",Hubbard,OH,573,3.259,41.162401,-80.576192,city_centroid
7172,TA TOLEDO EAST TRAVEL CENTER,"I-80 & I-280, EXIT 71",Perrysburg,OH,550,3.781,41.542926,-83.592727,city_centroid
7173,SPEEDWAY #9954,"SR-17, EXIT 66",Apalachin,NY,32,3.999,42.055579,-76.15194,city_centroid
7176,TA DAYTON TRAVEL CENTER,"I-70,  EXIT 10 & US-127",Eaton,OH,317,3.401,39.742572,-84.650849,city_centroid
7179,JIMS TRUCK PLAZA,"I-90, EXIT 52E",Buffalo,NY,38,3.659,42.896659,-78.884575,city_centroid
7180,TA HebronTravel Center,"I-70, EXIT 126 & SR-37",Hebron,OH,315,3.382,39.953464,-82.491868,city_centroid
7183,TA KINGSVILLE TRAVEL CENTER,"I-90, EXIT 235 & SR-193",Kingsville,OH,305,3.882,41.872311,-80.660092,city_centroid
7184,TA JEFFERSONVILLE EAST TRAVEL CENTER,"I-71, EXIT 65 & SR-435 & US-35",Jeffersonville,OH,315,3.327,39.65896,-83.56873,city_centroid
7189,S and R Truck Plaza,"I-94, EXIT 260",Jamestown,ND,390,3.586,46.905899,-98.706127,city_centroid
7190,Tower Travel Center,"I-94, EXIT 307",Tower City,ND,341,3.516,46.911873,-97.659392,city_centroid
7196,SALUDA TRUCK PLAZA,"I-26, EXIT 28",Saluda,NC,210,3.099,35.238341,-82.330595,city_centroid
7197,7-ELEVEN #35115,"I-90, EXIT 42",Phelps,NY,190,4.019,42.958178,-77.047264,city_centroid
7198,LOVES TRAVEL STOP #507,"I-85, EXIT 71",Salisbury,NC,46,3.511,35.651498,-80.488945,city_centroid
7212,ONVO TRAVEL PLAZA,"I-90 & RTE 22, EXIT B-3",Canaan,NY,12,3.399,42.413168,-73.415889,city_centroid
7213,SENECA ONE STOP,"I-90, EXIT 58",Irving,NY,38,2.899,42.573866,-79.059634,city_centroid
7215,TA FULTONVILLE TRAVEL CENTER,"I-90, EXIT 28",Fultonville,NY,12,4.039,42.903601,-74.359765,city_centroid
7216,ONVO TRAVEL PLAZA - LOUNSBERRY,"SR-17, EXIT 63",Nichols,NY,220,3.399,42.031961,-76.361039,city_centroid
7220,CUMBERLAND FARMS #001662,US-9W/SR-32,Glenmont,NY,12,3.749,42.597147,-73.795884,city_centroid
7222,TA SANTA ROSA TRAVEL CENTER,"I-40/US-54, EXIT 277 & US-84",Santa Rosa,NM,580,3.452,34.933276,-104.682155,city_centroid
7225,LOVES TRAVEL STOP #329,US-60,Clovis,NM,593,4.089,34.412585,-103.221391,city_centroid
7226,TA LAS CRUCES TRAVEL CENTER,"I-10, EXIT 139",Las Cruces,NM,640,3.141,32.321641,-106.746034,city_centroid
7227,NATIONAL TRUCK STOP,"I-10, VADO EXIT 155",Vado,NM,640,2.999,32.115,-106.663333,city_centroid
7228,MAVERIK COUNTRY STORE #638,"I-40, EXIT 159D & I-25/US-85, EXIT 227",Albuquerque,NM,580,3.207,35.0936,-106.6423,city_centroid
7229,TA GALLUP TRAVEL CENTER,"I-40, EXIT 16 & HWY 66",Gallup,NM,580,3.432,35.506475,-108.741352,city_centroid
7230,DEMING TRUCK STOP,"I-10, EXIT 81",Deming,NM,640,2.899,32.231808,-107.746559,city_centroid
7231,TA ALBUQUERQUE TRAVEL CENTER,"I-25, EXIT 227 OR 225",Albuquerque,NM,580,3.587,35.0936,-106.6423,city_centroid
7234,TA BLOOMSBURY TRAVEL CENTER,"I-78/US-22, EXIT 7 & SR-173",Bloomsbury,NJ,115,3.791,40.64366,-75.09664,city_centroid
7237,TA COLUMBIA TRAVEL CENTER,"I-80, EXIT 4 & SR-94",Columbia,NJ,115,4.099,40.938805,-75.054983,city_centroid
7239,TA PAULSBORO TRAVELCENTER,"I-295, EXIT 18A",Paulsboro,NJ,150,3.999,39.831157,-75.224233,city_centroid
7240,Pilot Travel Centers #190,"I-78, EXIT 12 & US-22",Hampton,NJ,105,3.809,40.677351,-74.962221,city_centroid
7244,TA LAS VEGAS TRAVEL CENTER,"I-15, EXIT 33",Las Vegas,NV,910,3.736,36.172082,-115.122366,city_centroid
7248,WILD WILD WEST TRAVEL PLAZA,"I-15, EXIT 37",Las Vegas,NV,910,3.767,36.172082,-115.122366,city_centroid
7263,FLYING J #904,"I-80, EXIT 107",Big Springs,NE,475,3.482,41.069621,-102.093273,city_centroid
7264,TA GRAND ISLAND WEST TRAVEL CENTER,"I-80, EXIT 305",Alda,NE,330,3.169,40.856923,-98.455135,city_centroid
7265,Fast Stop Travel Centers #1151,"I-80, EXIT 164 & CR-56C",Hershey,NE,475,3.499,41.155303,-101.001157,city_centroid
7267,TA OGALLALA TRAVEL CENTER,"I-80, EXIT 126",Ogallala,NE,475,3.466,41.127505,-101.710742,city_centroid
7268,SAPP BROS TRAVEL CENTER,"I-80, EXIT 440 & SR-50, EXIT 440",Omaha,NE,486,3.281,41.168343,-96.209633,city_centroid
7269,GRAND ISLAND TRAVEL CENTER,"I-80, EXIT 312 & US-281/US-34",Grand Island,NE,330,3.266,40.921858,-98.341062,city_centroid
7282,ALLTOWN FRESH,"I-87, EXIT 17N & US-9",Fort Edward,NY,12,3.759,43.265321,-73.582169,city_centroid
7284,MURALTS TRUCK PLAZA,"I-90, EXIT 96 & US-93/SR-200",Missoula,MT,820,3.609,46.856274,-114.025207,city_centroid
7285,SENECA ONE STOP,"SR-17, EXIT 20",Salamanca,NY,38,3.309,42.16035,-78.73042,city_centroid
7286,TA MISSOULA,"I-90, EXIT 96 & US-93",Missoula,MT,820,3.699,46.856274,-114.025207,city_centroid
7288,TA LAUREL,"I-90, EXIT 437",Laurel,MT,780,3.612,45.67451,-108.769008,city_centroid
7289,TA STRAFFORD,"I-44, EXIT 88 & SR-125",Strafford,MO,535,3.366,37.279718,-93.10663,city_centroid
7291,TA OAK GROVE TRAVEL CENTER,"I-70, EXIT 28",Oak Grove,MO,400,3.222,38.998456,-94.139946,city_centroid
7293,TA Matthews Travel Center,"I-55, EXIT 58 & SR-80",Matthews,MO,574,3.206,36.807528,-89.576833,city_centroid
7299,GASPERS - FAST LANE,"I-70, EXIT 148 & US-54",Kingdom City,MO,392,2.959,38.95508,-91.952008,city_centroid
7300,B AND D AUTO TRUCK PLAZA,"I-44, EXIT 127",Lebanon,MO,416,3.099,37.685049,-92.655029,city_centroid
7310,AAA HOSPITALITY,"I-55, EXIT 220",Tillatoba,MS,435,2.784,33.985229,-89.894461,city_centroid
7312,208 FUEL PLAZA,"I-70, EXIT 208",Belmont,OH,430,3.419,40.03202,-81.006564,city_centroid
7314,TA MERIDIAN TRAVEL CENTER,"I-20 & I-59, EXIT 160",Meridian,MS,705,2.912,32.357441,-88.655973,city_centroid
7323,TRUCKERS INN,"I-94/US-52, EXIT 127 & US-71",Sauk Centre,MN,453,3.226,45.728079,-94.968166,city_centroid
7326,PETRO STOP #398,"I-35 & I-90, EXIT 11",Albert Lea,MN,515,4.099,43.653678,-93.370672,city_centroid
7327,TA TEKONSHA,"I-69,EXIT 25 & SR-60",Tekonsha,MI,385,3.589,42.086326,-84.992602,city_centroid
7331,SPEEDWAY #9266,US-52 & SR-234,Ironton,OH,255,3.699,38.529429,-82.665351,city_centroid
7332,FLYING J #895,"I-75, EXIT 32A",Trenton,MI,325,3.249,42.134304,-83.218142,city_centroid
7335,TA SAWYER TRAVEL CENTER,"I-94, EXIT 12",Sawyer,MI,465,3.689,41.882866,-86.588508,city_centroid
7337,TA BATTLE CREEK,"I-94, EXIT 104",Battle Creek,MI,385,3.979,42.3053,-85.1389,city_centroid
7341,INTERSTATE TRAVEL PLAZA,"I-495, EXIT 14A & US-1",Wrentham,MA,175,3.699,42.061746,-71.339568,city_centroid
7344,BEST QUICK STOP,US-1,Peabody,MA,178,3.616,42.532579,-70.961194,city_centroid
7353,DYSARTS SERVICE,"I-95, EXIT 44",Bangor,ME,26,3.799,44.824199,-68.791839,city_centroid
7354,CIRCLE K #4707065,"I-95, EXIT 2",Kittery,ME,125,3.899,43.092128,-70.742876,city_centroid
7357,TA SLIDELL TRAVEL CENTER,"I-10, EXIT 266 & US-190",Slidell,LA,725,3.154,30.278411,-89.771192,city_centroid
7360,KINGS TRUCK STOP,ST 103,Port Barre,LA,600,3.189,30.547788,-91.928576,city_centroid
7364,Petro Stopping Center,"I-80, EXIT 226",Girard,OH,573,3.452,41.161136,-80.693305,city_centroid
7370,TA SMITHS GROVE,"I-65, EXIT 38 & SR-101",Smiths Grove,KY,415,3.432,37.058104,-86.193757,city_centroid
7371,One9 #392,"I-65, EXIT 81 & SR-84",Sonora,KY,415,3.196,37.52207,-85.922969,city_centroid
7372,TA WALTON #28,"I-75/I-71, EXIT 175 & SR-338",Walton,KY,300,3.002,38.887491,-84.63277,city_centroid
7379,KEYSTOP TRAVEL CENTER,"I-65, EXIT 2 & US-31W",Franklin,KY,460,2.899,36.725353,-86.570043,city_centroid
7382,TA FLORENCE TRAVEL CENTER,"I-75, EXIT 181",Florence,KY,300,3.071,38.998889,-84.626667,city_centroid
7385,WAKEENEY 24 7 STORE #3,"I-70/US-40, EXIT 127 & US-283",Wakeeney,KS,525,3.091,39.011415,-99.881824,city_centroid
7387,TA Oakley,"I-70, EXIT 76 & US-40/US-83",Oakley,KS,525,3.649,39.112102,-100.858048,city_centroid
7389,GO MART FOOD STORE #58,"I-77, EXIT 1 & SR-7",Marietta,OH,430,3.799,39.428141,-81.464438,city_centroid
7396,7-ELEVEN #36180,US-20/SR-18,Monroeville,OH,550,3.614,41.218074,-82.70233,city_centroid
7398,FLYING J TRAVEL PLAZA #913,"I-80, EXIT 142 & US-65",Altoona,IA,320,3.342,41.647549,-93.472415,city_centroid
7403,FUEL MART #714,"I-75, EXIT 168",North Baltimore,OH,550,3.112,41.186703,-83.680581,city_centroid
7406,PILOT TRAVEL CENTER #594,"I-29, EXIT 143",Sioux City,IA,527,3.606,42.497223,-96.40292,city_centroid
7407,TA IOWA 80 TRAVEL PLAZA,"I-80, EXIT 284",Walcott,IA,270,3.902,41.645309,-90.725603,city_centroid
7408,FRIENDSHIP FOOD MART #99,US-224 & SR-61/SR-598,Willard,OH,249,3.632,41.053056,-82.726389,city_centroid
7410,PILOT TRAVEL CENTER #373,"I-35 & I-80, EXIT 126",Urbandale,IA,320,3.342,41.629479,-93.723042,city_centroid
7412,PETRO STOPPING CENTER #374,"I-69, EXIT 245 & SR-28",Gaston,IN,457,3.536,40.29479,-85.489842,city_centroid
7416,GOOD TO GO #40,"I-65, EXIT 215 & SR-114",Rensselaer,IN,290,3.201,40.947731,-87.133733,city_centroid
7417,SKY CITGO,US-30 & SR-23,Grovertown,IN,365,3.499,41.321969,-86.528905,city_centroid
7418,JJS TRAVEL PLAZA,US-31 & US-24,Peru,IN,370,3.444,40.749203,-86.068044,city_centroid
7421,MIDLAND #1901,"I-70, EXIT 137 AT MILE 137",Cambridge City,IN,375,3.432,39.818171,-85.168455,city_centroid
7425,Petro Brazil,"I-70,  EXIT 23",Brazil,IN,375,3.989,39.521041,-87.127767,city_centroid
7429,TA CLAYTON,"I-70, EXIT 59 & SR-39",Clayton,IN,375,3.939,39.668154,-86.495921,city_centroid
7435,PETRO STOPPING CENTER #375,"I-65, EXIT 201 & US-231/US-24",Remington,IN,365,3.699,40.766653,-87.15994,city_centroid
7436,TA WHITESTOWN,"I-65/US-52, EXIT 130",Whitestown,IN,375,3.571,40.00002,-86.350716,city_centroid
7437,PETRO STOPPING CENTER #379,"I-74,  EXIT 143",Greensburg,IN,375,3.999,39.331223,-85.473532,city_centroid
7457,TA EFFINGHAM TRAVEL CENTER,"I-57 & I-70, EXIT 160",Effingham,IL,574,3.349,39.121727,-88.561105,city_centroid
7459,TA Morris Travel Center,"I-80, EXIT 112 & SR-47",Morris,IL,290,3.849,41.367233,-88.417769,city_centroid
7466,PILOT #595,"I-57, EXIT 54B & SR-13",Marion,IL,540,3.759,37.725662,-88.929447,city_centroid
7469,PILOT TRAVEL CENTER #313,"I-70/I-55, EXIT 4 & SR-203",East Saint Louis,IL,540,3.379,38.631538,-90.138066,city_centroid
7471,ROAD RANGER #185,"I-55, EXIT 145 & US-136",Mc Lean,IL,280,3.349,40.328159,-89.164483,city_centroid
7482,TA BOISE TRAVEL CENTER,"I-84, EXIT 54",Boise,ID,785,3.771,43.6154,-116.2161,city_centroid
7492,Mobil dba One9 #1365,"I-85, EXIT 70",Cusseta,AL,720,2.999,32.803194,-85.215791,city_centroid
7495,RACETRAC #2574,"I-75, EXIT 237, SR-331 & US-41",Forest Park,GA,18,3.109,33.621111,-84.365833,city_centroid
7504,TEXACO,"I-75, EXIT 306 & SR-140",Adairsville,GA,193,3.106,34.359527,-84.917634,city_centroid
7506,CHAPMANS TRUCK STOP,"I-85 & SR-219, EXIT 13",Lagrange,GA,50,3.916,33.034025,-85.039511,city_centroid
7523,EXPRESS STOP FOOD STORE #4644,"I-75, EXIT 181",Pinconning,MI,260,3.639,43.849079,-84.008162,city_centroid
7533,TA WILDWOOD TRAVEL CENTER,"I-75, EXIT 329 & SR-44",Wildwood,FL,225,3.214,28.845353,-82.03473,city_centroid
7534,TA BALDWIN TRAVEL CENTER,"I-10, EXIT 343 & US-301",Jacksonville,FL,75,3.899,30.0759,-81.5803,city_centroid
7535,GIANT #198,"I-4/SR-400, EXIT 7 & US-301/SR-41",Tampa,FL,225,3.257,27.9428,-82.4549,city_centroid
7543,TA NEW HAVEN TRAVEL CENTER,"I-95, EXIT 56",Branford,CT,100,5.069,41.279991,-72.810643,city_centroid
7545,CITGO,"I-95, EXIT 40",Milford,CT,100,3.399,41.217466,-73.054948,city_centroid
7546,SHELL DBA PILOT DEALER #882,"I-95, EXIT 93 & SR-216",North Stonington,CT,73,4.299,41.453113,-71.872701,city_centroid
7551,PWI #525,"I-70, EXIT 295",Watkins,CO,800,3.139,39.762317,-104.583391,city_centroid
7552,TA DENVER WEST TRAVEL CENTER,"I-70, EXIT 266",Wheat Ridge,CO,800,3.416,39.774036,-105.096195,city_centroid
7553,BRUSH TRAVEL PLAZA,"I-76, EXIT 90B & SR-71",Brush,CO,800,3.699,40.260255,-103.62788,city_centroid
7574,108 FOOD AND FUEL,"I-40, EXIT 108 & US-66/US-281 BUS",Calumet,OK,483,3.136,35.594819,-98.189991,city_centroid
7611,LOVES TRAVEL STOP #167,"I-44, EXIT 83",Chickasha,OK,483,3.166,35.026751,-97.951847,city_centroid
7615,HOPI TRAVEL PLAZA CONOCO DBA ONE9 #1270,"I-40, EXIT 292",Holbrook,AZ,930,3.139,34.908451,-110.143412,city_centroid
7617,TUCSON TRUCK TERMINAL,"I-10, EXIT 268",Tucson,AZ,980,3.222,32.213873,-110.969445,city_centroid
7622,COPAN TRUCK STOP,US-75,Copan,OK,307,3.119,36.906181,-95.912987,city_centroid
7624,WILLCOX TRUCK PLAZA,"I-10, EXIT 340",Willcox,AZ,980,3.341,32.372977,-109.863111,city_centroid
7625,LOVES TRAVEL STOP #248,"I-40, EXIT 71",Clinton,OK,483,3.172,35.511543,-98.979533,city_centroid
7627,DAVIS TRADING POST,"I-35, EXIT 55",Davis,OK,569,2.979,34.495301,-97.10843,city_centroid
7629,ARNOLDS TRUCK STOP,US-72/SR-20/SR-157 & CR-59,Tuscumbia,AL,615,3.169,34.687432,-87.683259,city_centroid
7635,TA MONTGOMERY TRAVEL CENTER,"I-65, EXIT 168 & US-80/US-82/SR-6/SR-8",Montgomery,AL,720,3.252,32.3743,-86.3118,city_centroid
7636,PILOT TRAVEL CENTER #76,"I-20 & I-59, EXIT 76",Tuscaloosa,AL,615,2.999,33.196891,-87.562666,city_centroid
7655,LOVES TRAVEL STOP #253,I-40 EXIT 7 & SR 30,Erick,OK,483,3.206,35.228586,-99.863463,city_centroid
7705,FLYING J TRAVEL PLAZA #610,"I-40, EXIT 53",Kingman,AZ,910,3.882,35.258379,-114.05689,city_centroid
7708,PILOT TRAVEL CENTER #352,"I-75, EXIT 139",Fort Myers,FL,225,3.799,26.620403,-81.8725,city_centroid
7715,LONDON AUTO TRUCK CENTER,"I-75, EXIT 41 & SR-80",London,KY,405,3.399,37.101605,-84.097498,city_centroid
7718,MR FUEL #717,"I-44, EXIT 251",Villa Ridge,MO,540,3.016,38.460108,-90.882198,city_centroid
7719,FLYING J TRAVEL PLAZA #674,"I-70, EXIT 188",Warrenton,MO,540,3.116,38.805042,-91.174047,city_centroid
7721,TRAIL STAR TRUCK STOP,"ST 16, EXIT 213",Glendive,MT,807,3.459,47.100813,-104.728716,city_centroid
7722,SAPP BROS TRAVEL CENTER,"I-80, EXIT 353 & US-81",York,NE,330,3.324,40.866678,-97.582482,city_centroid
7724,FUEL MART #767,US-6 & US-23,Bradner,OH,550,3.407,41.329789,-83.4456,city_centroid
7725,BELL STORES #48,US-30 & SR-94,Dalton,OH,249,3.386,40.779326,-81.70078,city_centroid
7733,FLYING J TRAVEL PLAZA #723,"I-40, EXIT 76",Amarillo,TX,585,3.266,35.166332,-101.886764,city_centroid
7746,PILOT TRAVEL CENTER #888,"I-27, EXIT 74",Tulia,TX,585,3.341,34.540258,-101.762864,city_centroid
7753,LOVES TRAVEL STOP #166,SR-351,Muskogee,OK,560,3.337,35.730661,-95.375491,city_centroid
7767,FLYING J TRAVEL PLAZA #759,"I-25, EXIT 7",Cheyenne,WY,795,3.709,41.143719,-104.796234,city_centroid
7768,BIG D #30,"I-25/US-87, EXIT 9 & I-80, EXIT 359C & I-80 BUS/US-30",Cheyenne,WY,795,3.204,41.143719,-104.796234,city_centroid
7792,FLYING J TRAVEL PLAZA #630,"I-75/SR-401, EXIT 201 & SR-36",Jackson,GA,67,3.384,33.282006,-83.978391,city_centroid
7798,CIRCLE K #2745100,"I-95, EXIT 7",Woodbine,GA,75,3.232,30.943692,-81.678313,city_centroid
7825,PILOT TRAVEL CENTERS #356,"I-65, EXIT 121",Shepherdsville,KY,415,3.609,38.004515,-85.688767,city_centroid
7838,PILOT #581,"US-52/SR-55, & 117TH ST, MM300",Inver Grove Heights,MN,515,3.579,44.841966,-93.034746,city_centroid
7871,STRIPES 7FLEET #42454,"US-60, US-70 & US-84",Texico,NM,700,3.829,34.395795,-103.061544,city_centroid
7873,One9 #387,"I-80, EXIT 280 & SR- 278",Carlin,NV,835,3.439,40.717216,-116.108208,city_centroid
7886,PETRO STOPPING CENTER #357,"I-70, EXIT 156B & US-40",New Paris,OH,317,3.487,39.861718,-84.779337,city_centroid
7930,I 24 TRUCK PLAZA,"I-24, EXIT 114 & US-41",Manchester,TN,460,3.099,35.481667,-86.088611,city_centroid
7946,PILOT TRAVEL CENTERS #289,"I-90/I-39, EXIT 158 & I-43/SR-81, EXIT 1",Beloit,WI,520,3.799,42.522871,-89.039897,city_centroid
7959,SPF #45,"I-25/US-87, EXIT 7 & US-212",Cheyenne,WY,795,3.226,41.143719,-104.796234,city_centroid
8840,LOVES TRAVEL STOP #211,"I-35, EXIT 120",Oklahoma City,OK,483,3.256,35.473,-97.5177,city_centroid
8895,PAULS VALLEY TRAVEL CENTER,"I-35, EXIT 72  & SR-19",Pauls Valley,OK,569,2.999,34.738506,-97.219501,city_centroid
8927,LOVES TRAVEL STOP #219,"I-40, EXIT 200",Seminole,OK,560,3.362,35.224444,-96.670278,city_centroid
8936,CIRCLE K #107,US-220 & CR-902,Ridgeway,VA,65,3.399,36.5874,-79.86859,city_centroid
8948,PARK N PUMP CIRCLE C,"I-15, EXIT 222",Nephi,UT,835,3.449,39.692275,-111.8359,city_centroid
8961,FLYING J TRAVEL PLAZA #736,"I-20, EXIT 42 & US-285",Pecos,TX,710,3.466,31.414384,-103.508129,city_centroid
8977,LOVES TRAVEL STOP #168,"I-44, EXIT 20",Walters,OK,253,3.194,34.360526,-98.313983,city_centroid
8987,LOVES TRAVEL STOP #255,"I-40, EXIT 287 & SR-100",Webbers Falls,OK,645,3.789,35.513787,-95.165881,city_centroid
9160,PILOT TRAVEL CENTERS #912,"I-80, EXIT 300 & SR-40D",Wood River,NE,330,3.282,40.810635,-98.606509,city_centroid
9161,TREXLER PLAZA TRUCK STOP,I-78/US-22,Allentown,PA,160,3.632,40.602729,-75.470955,city_centroid
9206,CIRCLE K #4707005,US-2 & SR-4,Farmington,ME,170,3.899,44.665339,-70.132878,city_centroid
9216,309 TRUCK STOP,SR-309,Coopersburg,PA,90,3.759,40.507553,-75.388778,city_centroid
9241,7-ELEVEN #40286,"I-76,  EXIT 23/312",Elverson,PA,160,3.889,40.156781,-75.786563,city_centroid
9280,ONVO TRAVEL PLAZA - LAKEWOOD,"I-84, EXIT 20 & SR-507",Greentown,PA,200,3.546,41.332145,-75.281911,city_centroid
9289,ONVO EXPRESS,"I-81, EXIT 217 & SR-547",Harford,PA,200,3.609,41.779891,-75.678632,city_centroid
9340,LANCASTER TRAVEL PLAZA,US-30,Ronks,PA,208,3.899,40.020754,-76.166132,city_centroid
9354,BFS FOODS TRUCK PLAZA,"I-79, EXIT 1",Mount Morris,PA,165,4.499,39.744289,-80.096763,city_centroid
9365,FLYING J TRAVEL PLAZA #713,"I-95, EXIT 181",Latta,SC,63,3.349,34.339829,-79.441704,city_centroid
9381,SCOTT FUEL TRAVEL PLAZA,"I-81, EXIT 199",Dalton,PA,200,3.599,41.539496,-75.703737,city_centroid
9382,PILOT TRAVEL CENTERS #286,"I-70, EXIT 10 & SR-127",Eaton,OH,317,3.462,39.742572,-84.650849,city_centroid
9383,PILOT TRAVEL CENTERS #285,"I-70, EXIT 126 & SR-37",Hebron,OH,315,3.446,39.953464,-82.491868,city_centroid
9386,PETRO STOPPING CENTER #325,"I-75,  EXIT 167",North Baltimore,OH,550,3.271,41.186703,-83.680581,city_centroid
9403,PILOT TRAVEL CENTERS #280,"I-78, EXIT 7 & SR-173",Bloomsbury,NJ,105,3.809,40.64366,-75.09664,city_centroid
9415,7-ELEVEN #40287,"I-76, EXIT 24A/326",Wayne,PA,160,3.889,40.0435,-75.388,city_centroid
9423,PETRO STOPPING CENTER #318,"I-70, EXIT 148",Kingdom City,MO,540,3.057,38.95508,-91.952008,city_centroid
9449,CORNER PANTRY #127,"I-26, EXIT 115 & US-321",West Columbia,SC,135,3.412,33.995024,-81.088836,city_centroid
9451,TA BETO JUNCTION TRAVEL CENTER,"I-35, EXIT 155 & US-75",Lebo,KS,336,3.231,38.416085,-95.822174,city_centroid
9467,TA PORTER TRAVEL CENTERS,"I-94, EXIT 22B & US-20",Chesterton,IN,365,3.849,41.603949,-87.050196,city_centroid
9468,TA LAKE STATION,"I-80 & I-94, EXIT 15B",Lake Station,IN,365,3.849,41.568629,-87.262209,city_centroid
9469,TA EXPRESS COWPENS #477,"I-85, EXIT 83 & SR-110",Cowpens,SC,210,3.399,35.038979,-81.822019,city_centroid
9485,PILOT TRAVEL CENTER #4559,"I-20, EXIT 26",Villa Rica,GA,18,3.389,33.71729,-84.929697,city_centroid
9513,CIRCLE K #2705350,"I-20, EXIT 5 & US-25",North Augusta,SC,135,3.159,33.517766,-81.934794,city_centroid
9525,SCOTCHMAN #3891,"I-77, EXIT 65 & SR-9",Richburg,SC,46,3.109,34.682185,-80.989061,city_centroid
9528,GO MART FOOD STORE #43,"I-64, EXIT 39 & SR-34",Teays,WV,44,3.499,38.441667,-81.953056,city_centroid
9542,SPINX #266,"I-26, EXIT 104",Columbia,SC,135,3.132,34.0004,-81.033418,city_centroid
9550,Mauston Interstate BP,"I-90/I-94, EXIT 69 & SR-82",Mauston,WI,420,3.227,43.793383,-90.064085,city_centroid
9553,LYNDON STATION BP,I-90 & 94 EXIT 79,Lyndon Station,WI,420,3.177,43.689875,-89.891543,city_centroid
9554,BIG D OIL #2,US-85 & US-34,Belle Fourche,SD,506,3.227,44.672281,-103.839601,city_centroid
9614,DITTYS,"I-90, EXIT 284 & SR-45",Kimball,SD,455,3.089,43.712881,-98.934305,city_centroid
9618,FLYING J #477,US-75,Anna,TX,630,3.239,33.344516,-96.563862,city_centroid
9638,PILOT TRAVEL CENTERS #62,"I-95, EXIT 170 & SR-327",Florence,SC,46,3.349,34.18375,-79.772786,city_centroid
9668,COFFEE CUP FUEL STOP #4,"I-90, EXIT 310 & SR-281",Plankinton,SD,455,3.027,43.737287,-98.469395,city_centroid
9675,FLYING J TRAVEL PLAZA #722,"I-75 & I-40, EXIT 369",Knoxville,TN,405,3.439,35.9609,-83.9189,city_centroid
9699,SPEEDWAY #9400,US-30/US-62 & SR-297,Canton,OH,249,3.369,40.7962,-81.3768,city_centroid
9703,PILOT TRAVEL CENTERS #2,"I-90, EXIT 223 & SR-45",Austinburg,OH,305,3.859,41.75536,-80.858422,city_centroid
9712,TA GREENSBORO TRAVEL CENTER,"I-40 & I-85, EXIT 138 & SR-61",Whitsett,NC,65,3.997,36.032981,-79.597151,city_centroid
9713,TA Express Vermillion #275,"I-29, EXIT 26 & SR-50",Burbank,SD,572,3.099,42.763798,-96.846569,city_centroid
9717,COFFEE CUP FUEL STOP #8,"I-90, EXIT 212 & SR-83",Vivian,SD,455,3.097,43.95352,-100.285989,city_centroid
9724,One9 #1339,"I-81,  EXIT 34",Parish,NY,190,3.799,43.415295,-76.100023,city_centroid
9746,TA MILL CITY TRAVEL CENTER,"I-80, EXIT 151",Imlay,NV,966,3.794,40.652217,-118.02115,city_centroid
9747,GOOD TO GO TRAVEL CENTER,"I-80, EXIT 353 & US-81",York,NE,350,3.317,40.866678,-97.582482,city_centroid
9763,DELUXE TRUCK STOP,SR-759,Saint Joseph,MO,400,3.149,39.768755,-94.838488,city_centroid
9783,KANGAROO CROSSING #1101,"I-55, EXIT 144",Pickens,MS,705,3.099,32.890519,-89.973707,city_centroid
9803,TA KNOXVILLE WEST TRAVEL CENTER,"I-40 & I-75, EXIT 369",Knoxville,TN,405,3.426,35.9609,-83.9189,city_centroid
9808,TA ANN ARBOR TRAVEL CENTER,"I-94, EXIT 167",Dexter,MI,325,3.499,42.35832,-83.900028,city_centroid
9812,LEES FOOD MART #1398,"I-40, EXIT 398",Knoxville,TN,405,3.299,35.9609,-83.9189,city_centroid
9818,CIRCLE K #4707002,"I-95, EXIT 157",Newport,ME,170,3.899,44.839264,-69.267498,city_centroid
9821,PILOT TRAVEL CENTERS #52,"I-24, EXIT 64",La Vergne,TN,460,3.472,36.012714,-86.559969,city_centroid
9842,Petes #03,US-59 & US-54,Moran,KS,336,3.266,37.934159,-95.164733,city_centroid
9843,MAPLE HILL TRUCK STOP,"I-70, EXIT 341",Maple Hill,KS,553,3.052,39.069456,-96.018727,city_centroid
9851,KWIK STOP #86,US-151/US-52/US-61,Dubuque,IA,335,3.489,42.514977,-90.681914,city_centroid
9855,PILOT TRAVEL CENTER #37,"I-65, EXIT 95",Whiteland,IN,375,3.959,39.555313,-86.093476,city_centroid
9860,PARADISE AUTO TRUCK PLAZA,US-31,Rochester,IN,370,3.406,41.065493,-86.231007,city_centroid
9862,PILOT TRAVEL CENTERS #271,"I-80, EXIT 6",Gary,IN,365,3.799,41.593333,-87.346389,city_centroid
9887,7-ELEVEN #40354,"I-95, EXIT 173",Palm Bay,FL,140,3.216,28.014605,-80.599087,city_centroid
9941,FLYING J TRAVEL PLAZA #609,"I-10, EXIT 208-A",Eloy,AZ,930,3.452,32.750929,-111.583275,city_centroid
9945,CIRCLE K #2706690,"I-85/US-29, EXIT 62 & US-280/US-431/SR-38/SR-1",Opelika,AL,50,2.999,32.627771,-85.358629,city_centroid
9959,FLYING J #876,"I-95, EXIT 104",Ruther Glen,VA,180,3.619,37.945059,-77.47135,city_centroid
9962,STRIPES #40673,"I-45, EXIT 179",Mcallen,TX,639,3.289,26.21544,-98.235871,city_centroid
9971,TA DANSVILLE TRAVEL CENTER,"I-390 & COMMERCE, EXIT 5",Dansville,NY,190,4.499,42.569975,-77.710907,city_centroid
9973,BOLLA MARKET,"I-287, EXIT 66",Mahwah,NJ,115,3.532,41.074473,-74.155974,city_centroid
9990,JIMS  BEST STOP,US-45 & US-64,Selmer,TN,435,3.174,35.169124,-88.595832,city_centroid
9995,LOVES TRAVEL STOP #411,"I-35 & I-80, EXIT 125 & US-6",Clive,IA,320,3.341,41.606729,-93.745749,city_centroid
9997,Circle K #2723687,"I-20, EXIT 11 & US-27/SR-1",Bremen,GA,193,3.087,33.730872,-85.128638,city_centroid
10006,FLINT HILLS FUEL MART,US-50 & US-77,Florence,KS,336,3.499,38.241536,-96.934561,city_centroid
10007,CIRCLE K #2705346,SR-307,Savannah,GA,195,3.032,32.067631,-81.102394,city_centroid
10014,Sudden Service #6604,"I-40, EXIT 212",Nashville,TN,460,3.399,36.167028,-86.778441,city_centroid
10015,Loves Travel Stop #429,"I-65 & I-24, EXIT 87",Nashville,TN,460,3.462,36.167028,-86.778441,city_centroid
10020,Maplefields,"US-4, EXIT 2 & SR-22A",Fair Haven,VT,39,3.599,43.62345,-73.270068,city_centroid
10024,MILLERS TRAVEL CENTER,US-6 & US-50,Wellington,UT,835,3.659,39.537257,-110.736954,city_centroid
10028,GOOD TO GO #10,US-35,Winamac,IN,290,3.914,41.056242,-86.630697,city_centroid
10030,LOVES TRAVEL STOP #715,I-77 EXIT 58 & SR-666 & US-52,Bastian,VA,185,3.597,37.15742,-81.198855,city_centroid
10033,SHELL,"I-95, EXIT 133 & US-17 BUS",Fredericksburg,VA,180,3.256,38.3242,-77.4685,city_centroid
10047,TOWN PUMP FOOD STORE #8929,"I-15, EXIT 339",Conrad,MT,815,3.599,48.178346,-111.939665,city_centroid
10053,BECKS #27,"I-39/US-51, EXIT 72 & US-34",Mendota,IL,270,3.269,41.544308,-89.10828,city_centroid
10057,Flying J Travel Plaza #649,"I-465, EXIT 4",Indianapolis,IN,375,3.899,39.775006,-86.109348,city_centroid
10058,CITGO,US-431/SR-1 & SR-27,Abbeville,AL,10,3.399,31.575479,-85.279044,city_centroid
10065,ROAD MART,US-71/US-59,Ashdown,AR,723,3.299,33.678711,-94.135102,city_centroid
10077,FLYING J TRAVEL PLAZA #607,"I-55, EXIT 4 & I-40, EXIT 280",West Memphis,AR,435,3.151,35.148442,-90.17792,city_centroid
10085,EL CENTRO TRAVEL CENTER,"I-8, EXIT 115 & SR-86",El Centro,CA,900,4.499,32.789332,-115.566508,city_centroid
10101,PILOT TRAVEL CENTERS #65,"I-20, EXIT 194",Augusta,GA,135,3.859,33.460084,-81.972959,city_centroid
10104,GEO H GREEN OIL,"I-85/SR-403, EXIT 41 & US-27 ALT",Newnan,GA,18,3.199,33.389404,-84.816952,city_centroid
10109,GIT N GO CONVENIENCE STORE #34,"US-30, EXIT 185 & SR-14",Marshalltown,IA,320,3.119,42.040482,-92.91269,city_centroid
10110,JACKSON'S FOODS DBA ONE9 #1427,"I-84, EXIT 36",Nampa,ID,785,3.371,43.58342,-116.584818,city_centroid
10116,Petro Stopping Center #359,"I-39/US-51, EXIT 99 & SR-38",Rochelle,IL,520,3.759,41.928156,-89.071035,city_centroid
10122,LOVES TRAVEL STOP #417,"I-80 & I-94, EXIT 9A",Gary,IN,365,3.809,41.593333,-87.346389,city_centroid
10126,PILOT TRAVEL CENTERS #152,"I-65, EXIT 16 & MEMPHIS RD",Memphis,IN,415,3.959,38.464181,-85.777501,city_centroid
10128,PETES #20,US-54/SR-7 & US-69,Fort Scott,KS,307,3.199,37.834159,-94.704221,city_centroid
10135,YESWAY #1116,"I-35, EXIT 60",Mcpherson,KS,434,3.259,38.373732,-97.654989,city_centroid
10142,PILOT TRAVEL CENTERS #438,"I-65, EXIT 6 & SR-100",Franklin,KY,415,3.169,36.725353,-86.570043,city_centroid
10144,PILOT TRAVEL CENTERS #358,"I-24 & US-305, EXIT 3",Paducah,KY,490,3.699,37.063377,-88.663204,city_centroid
10146,PILOT TRAVEL CENTERS #437,"I-75, EXIT 11 & SR-92",Williamsburg,KY,410,3.609,36.735535,-84.143592,city_centroid
10150,PILOT TRAVEL CENTERS #300,"I-12, EXIT 40",Hammond,LA,725,3.232,30.51908,-90.487856,city_centroid
10154,I 49 TRUCK STOP,"I-49, EXIT 23 & US-167",Opelousas,LA,600,3.199,30.51442,-92.089668,city_centroid
10157,J AND  H OIL,"US-131, EXIT 72",Byron Center,MI,344,3.499,42.801614,-85.713602,city_centroid
10161,SPEEDWAY #8740,"I-69, EXIT 87",Dewitt,MI,342,3.599,42.842784,-84.579654,city_centroid
10168,Express Stop,"I-94, EXIT 145",Jackson,MI,385,3.589,42.254522,-84.387476,city_centroid
10172,EXPRESS STOP FOOD STORE #4647,"I-75, EXIT 151 & SR- 81",Saginaw,MI,260,3.399,43.404692,-83.915626,city_centroid
10181,QUIKTRIP #611,I-55 EXIT 178,Herculaneum,MO,540,2.991,38.260087,-90.387095,city_centroid
10184,CIRCLE K #2721544,"I-55, EXIT 243 & US-278/SR-6",Batesville,MS,435,3.309,34.331651,-89.91418,city_centroid
10192,INTERSTATE STATION #8,"I-55, EXIT 78",Natchez,MS,760,3.399,31.54924,-91.364214,city_centroid
20000,BIG BOYS TRUCK STOP,"I-95, EXIT 105",Kenly,NC,205,3.299,35.607742,-78.138227,city_centroid
20003,PILOT #7976,"I-77, EXIT 42",Troutman,NC,46,3.659,35.686271,-80.882229,city_centroid
20006,CENEX C STORE,US-52,Kenmare,ND,452,3.467,48.673149,-102.071745,city_centroid
20009,BIG SPRINGS TRUCK AND TRAVEL,"I-80, EXIT 107",Big Springs,NE,475,3.074,41.069621,-102.093273,city_centroid
20011,CUBBYS #111,US-81,Norfolk,NE,470,3.209,42.032914,-97.422898,city_centroid
20012,FLYING J TRAVEL PLAZA #686,"I-80, EXIT 432",Gretna,NE,319,3.282,41.134458,-96.245837,city_centroid
20014,SIMONS EXIT 16,"I-89, EXIT 16",Enfield,NH,39,3.499,43.625584,-72.127014,city_centroid
20019,SUNOCO,"I-295, EXIT 2C & SR-140",Penns Grove,NJ,150,3.459,39.717938,-75.465623,city_centroid
20024,LOVES TRAVEL STOP #259,"I-10 & AIRPORT RD, EXIT 132",Las Cruces,NM,640,3.214,32.321641,-106.746034,city_centroid
20027,LOVES TRAVEL STOP #262,"I-40, EXIT 333",Tucumcari,NM,585,3.889,35.168003,-103.717935,city_centroid
20028,MORTONS TRUCK STOP,"I-15, EXIT 46",North Las Vegas,NV,910,3.399,36.4475,-114.851389,city_centroid
20031,FLYING J TRAVEL PLAZA #770,"I-80, EXIT 176",Winnemucca,NV,966,3.777,40.966418,-117.746693,city_centroid
20033,LOVES TRAVEL STOP #772,"I-86 & SR-17, EXIT 37",Bath,NY,190,4.489,42.345451,-77.323255,city_centroid
20036,SMOKIN JOES,I-90 EXIT 24,Sanborn,NY,38,3.699,43.141879,-78.878522,city_centroid
20042,FLYING J TRAVEL PLAZA #700,I-80 & I-90 EXIT 71,Perrysburg,OH,550,3.759,41.542926,-83.592727,city_centroid
20043,FRIENDSHIP FOOD MART #70,SR-2 & SR-53,Port Clinton,OH,550,3.939,41.521535,-82.909368,city_centroid
20045,PILOT TRAVEL CENTERS #281,"I-80, EXIT 226",Girard,OH,573,3.452,41.161136,-80.693305,city_centroid
20049,LOVES TRAVEL STOP #263,"I-44, EXIT 45 & SR-49",Lawton,OK,569,3.217,34.591467,-98.369783,city_centroid
20050,LOVES TRAVEL STOP #260,"I-35, EXIT 106 & SR-9 W",Norman,OK,483,3.254,35.2212,-97.4448,city_centroid
20054,Jacksons Food Stores,"I-84, EXIT 261",La Grande,OR,925,3.687,45.330435,-118.085228,city_centroid
20062,PILOT TRAVEL CENTERS #298,"I-80, EXIT 256 & SR-93",Drums,PA,200,3.976,41.025525,-75.97676,city_centroid
20066,KWIK FILL #228,"I-90, EXIT 45 & US-20",North East,PA,240,4.089,42.200793,-79.833179,city_centroid
20070,ONVO TRAVEL PLAZA - PROMISED LAND,"I-84, EXIT 26 & SR-390",Tafton,PA,200,3.546,41.369445,-75.101598,city_centroid
20072,PILOT TRAVEL CENTERS #310,"I-85, EXIT 63 & SR-290",Duncan,SC,210,3.432,34.917645,-82.125821,city_centroid
20079,PETRO KINGSTON SPRINGS #349,"I-40, EXIT 188",Kingston Springs,TN,460,3.232,36.095324,-87.115646,city_centroid
20082,GOLDEN EXPRESS TRUCK STOP,US-287/US-81 & CR-1595,Alvord,TX,637,3.049,33.36982,-97.688488,city_centroid
20083,FLYING J TRAVEL PLAZA #724,"I-10, EXIT 0",Anthony,TX,640,3.459,31.990718,-106.597625,city_centroid
20086,LOVES TRAVEL STOP #609,"I-35, EXIT 471 & US-77",Denton,TX,630,3.247,33.22893,-97.131436,city_centroid
20105,CEFCO #1050,"I-30, EXIT 146 & US-37",Mount Vernon,TX,723,2.942,33.170204,-95.218106,city_centroid
20108,TEX-BEST #501,"I-37, EXIT 125",Elmendorf,TX,740,2.949,29.230793,-98.371982,city_centroid
20109,PILOT TRAVEL CENTERS #306,"I-10, EXIT 582",San Antonio,TX,740,3.214,29.644226,-98.312774,city_centroid
20114,CROSSROADS,"I-10, EXIT 829 & SR-124",Winnie,TX,610,4.249,29.815676,-94.339499,city_centroid
20118,KWIK TRIP #648,"I-94, EXIT 116 & SR-54",Black River Falls,WI,395,3.237,44.292101,-90.847952,city_centroid
20119,FREMONT CITGO,US-10 & SR-110,Fremont,WI,444,3.399,44.237884,-88.844852,city_centroid
20121,GO MART FOOD STORE #50,"I-77/I-64, EXIT 44 & SR-3",Beckley,WV,44,3.599,37.793214,-81.206084,city_centroid
44228,I-69 TRUCKSTOP TRAVEL CENTER,"I-69, EXIT 184 & SR-19",Memphis,MI,342,3.499,42.905955,-82.769623,city_centroid
52040,REBEL TRUCK STOP,"I-5, EXIT 27",Kalama,WA,935,4.499,46.011229,-122.816588,city_centroid
52048,PILOT TRAVEL CENTER #302,"I-10, EXIT 13 & CR-30",Theodore,AL,715,3.159,30.544374,-88.180748,city_centroid
52052,EXPRESSWAY MOBIL,US-63 & US-167,El Dorado,AR,635,3.599,33.20735,-92.662856,city_centroid
52065,76 DBA ONE9 #1415,"I-75, EXIT 49",Lake Panasoffkee,FL,225,3.172,28.795261,-82.136279,city_centroid
52067,PETRO STOPPING CENTER #322,"I-285, EXIT 12",Atlanta,GA,18,3.446,33.7564,-84.3918,city_centroid
52070,FRIENDLY EXPRESS #31,US-1 & US-301,Folkston,GA,75,3.099,30.850838,-82.011617,city_centroid
52081,MCCLURE OIL #9,US-31 & SR-18,Kokomo,IN,375,3.839,40.49884,-86.145273,city_centroid
52085,RUSSELL 24/7,"I-70, EXIT 184",Russell,KS,357,3.007,38.880563,-98.859451,city_centroid
52088,CASEYS #4459,"I-64, EXIT 265",Mayfield,KY,490,3.249,36.732686,-88.650637,city_centroid
52089,SHELL,US-84 & SR-28,Jonesville,LA,719,3.399,31.636486,-91.845812,city_centroid
52090,SHOP A LOTT #10,"I-49, EXIT 138 & SR-6",Natchitoches,LA,766,3.126,31.761688,-93.091572,city_centroid
52099,BEACON & BRIDGE #7,"I-75, EXIT 126",Mount Morris,MI,342,3.379,43.11601,-83.689523,city_centroid
52103,SPRINT MART #27,US-45 & US-72,Corinth,MS,435,3.056,34.93236,-88.543884,city_centroid
52104,BLUE SKY #734,SR-1,Saltillo,MS,435,3.082,34.383128,-88.66736,city_centroid
52106,FLYING J TRAVEL PLAZA #923 -TOWN PUMP,"I-90, EXIT 455",Billings,MT,780,3.581,45.774489,-108.500452,city_centroid
52107,PILOT #7983,"I-85,  EXIT 71",Salisbury,NC,46,3.499,35.651498,-80.488945,city_centroid
52112,SROKAS SERVICE CENTER,SR-149,Fort Ann,NY,12,3.799,43.428457,-73.478381,city_centroid
52128,Sudden Service #8087,I-40 EXIT 238,Lebanon,TN,460,3.199,36.209792,-86.302367,city_centroid
52140,Sinclair,"I-82, EXIT 69",Sunnyside,WA,925,4.599,46.321273,-120.012631,city_centroid
52142,PILOT TRAVEL CENTERS #296,"I-94 & BAKER RD, EXIT 167",Dexter,MI,325,3.499,42.35832,-83.900028,city_centroid
52143,One9 #319,"I-75, EXIT 328",Dalton,GA,285,3.016,34.7697,-84.9702,city_centroid
52145,Pilot Travel Center #318,"I-465/I-74/US-52/US-40/SR-67, EXIT 4 & SR-37",Indianapolis,IN,375,3.899,39.775006,-86.109348,city_centroid
52146,FLYING J TRAVEL PLAZA #758,"I-25, EXIT 185 & SR-258",Casper,WY,790,3.999,42.845763,-106.316571,city_centroid
52149,PILOT TRAVEL CENTERS #321,"I-75/71, EXIT 175 & SR-338",Walton,KY,300,3.086,38.887491,-84.63277,city_centroid
52150,PILOT TRAVEL CENTERS #311,"I-90, EXIT 27 & SR-97",Erie,PA,240,4.216,42.125962,-80.08601,city_centroid
52152,PILOT TRAVEL CENTERS #308,"I-80 , EXIT 310",Laramie,WY,795,3.609,41.312907,-105.581146,city_centroid
52153,PILOT TRAVEL CENTER #1412,"I-94 & RUSSELL RD, EXIT 1",Wadsworth,IL,444,3.769,42.446032,-87.904048,city_centroid
52155,TA SOUTHINGTON TRAVEL CENTER,"I-84, EXIT 28 & US-65",Milldale,CT,100,5.199,41.565833,-72.892222,city_centroid
52163,PILOT TRAVEL CENTERS #67,"I-75, EXIT 296",Cartersville,GA,18,3.549,34.186975,-84.820401,city_centroid
52212,FLYING J TRAVEL PLAZA #763,"I-80, EXIT 209",Rawlins,WY,795,3.749,41.795131,-107.234883,city_centroid
52221,FLYING J TRAVEL PLAZA #726,"I-20, EXIT 472",Dallas,TX,630,3.182,32.790439,-96.80439,city_centroid
52222,FLYING J TRAVEL PLAZA #735,"I-10, EXIT 873 & SR-62",Orange,TX,610,3.309,30.125167,-93.771883,city_centroid
52230,ONE9 #294,"I-15 & I-84, EXIT 344 SR-39",Ogden,UT,835,3.326,41.2443,-112.0072,city_centroid
52233,SPEEDWAY #2953,"US-80, EXIT 3",Yuma,AZ,900,3.466,32.701507,-114.642362,city_centroid
52235,PETRO STOPPING CENTER #303,"I-80, EXIT 310",Laramie,WY,795,3.576,41.312907,-105.581146,city_centroid
52236,CHEVRON,US-60,Globe,AZ,930,4.299,33.402426,-110.789247,city_centroid
52239,PILOT TRAVEL CENTERS #192,"I-75, EXIT 60",Tifton,GA,10,3.599,31.450278,-83.508611,city_centroid
52241,Rocket,"I-25/US-85/US-87, EXIT 161 & SR-105",Monument,CO,803,3.195,39.100726,-104.85416,city_centroid
52250,PILOT TRAVEL CENTERS #222,I-84 EXIT 1,Sturbridge,MA,215,4.159,42.112619,-72.084233,city_centroid
52255,GREATER CHICAGO I 55,"I-55, EXIT 267 & SR-53",Bolingbrook,IL,290,3.319,41.697605,-88.087315,city_centroid
52262,CIRCLE K #2721577,US-84 & SR-21,Monroeville,AL,715,3.434,31.51533,-87.340993,city_centroid
52278,NEIGHBORS EXPRESS,US-25/SR-121/SR-23/SR-67,Millen,GA,135,3.382,32.787739,-81.961807,city_centroid
52297,IGA EXPRESS SHELL #874,"I-65, EXIT 20",Bowling Green,KY,460,2.999,37.007874,-86.455891,city_centroid
52299,415 TRUCK STOP,"I-10, EXIT 151 & SR-415",Port Allen,LA,600,3.089,30.471983,-91.254088,city_centroid
52302,LONGHORN TRUCK AND CAR PLAZA,"I-10, EXIT 4",Vinton,LA,690,3.274,30.201523,-93.572808,city_centroid
52304,Fast Stop,"I-10, EXIT 182 & SR-22",Sorrento,LA,600,3.699,30.185388,-90.86314,city_centroid
52307,CASEYS #3002,SR-60 & SR-30/SR-4,Saint James,MN,425,3.219,43.987519,-94.622935,city_centroid
52313,CIRCLE K #2723445,"I-20, EXIT 5A & US-61/SR-27",Vicksburg,MS,760,2.959,32.325824,-90.85065,city_centroid
52322,BOLLA MARKET,"I-95, EXIT 13",Elizabeth,NJ,115,3.099,40.67169,-74.204335,city_centroid
52323,POWER,"I-78, EXIT 58 & SR-9/SR-1",Newark,NJ,115,4.299,40.7308,-74.1744,city_centroid
52325,MIRABITO #69,"I-88, EXIT 15 & SR-23",Oneonta,NY,12,3.999,42.462453,-75.049072,city_centroid
52326,MR FUEL #715,"I-70, EXIT 203",Foristell,MO,540,2.926,38.762557,-90.934328,city_centroid
52334,KWIK TRIP #775,"I-90, EXIT 69 & SR-82",Mauston,WI,420,3.287,43.793383,-90.064085,city_centroid
52335,SHELL,"I-295, EXIT 3",Disputanta,VA,180,3.029,37.148268,-77.273172,city_centroid
52340,KWIK FILL #249,US-22,Duncansville,PA,14,4.072,40.426228,-78.43833,city_centroid
52344,STAMART 1224,"I-94, EXIT 166",Bismarck,ND,273,3.616,46.823448,-100.774755,city_centroid
52346,QUARLES #4436,"I-695, EXIT 41 & SR-151",Dundalk,MD,22,3.699,39.26486,-76.502484,city_centroid
52348,SHELL,"I-75, EXIT47 & SR-85",Detroit,MI,325,3.699,42.347429,-83.060398,city_centroid
52361,PAYLESS FUEL TRAVEL CENTER,"I-20, EXIT 470",Dallas,TX,630,2.986,32.790439,-96.80439,city_centroid
52363,SPEEDWAY #2376,US-131 & SR-46,Cedar Springs,MI,456,3.899,43.22148,-85.545238,city_centroid
52364,PILOT TRAVEL CENTERS #335,"I-20 & SR-137, EXIT 138",Rayville,LA,760,3.212,32.468938,-91.7643,city_centroid
52365,MOORES SUPER STORE,US-43/US-278/SR-171,Hamilton,AL,615,3.799,34.153413,-88.008521,city_centroid
52366,ALMA TRAVEL MART,"I-40, EXIT 13 & US-71",Alma,AR,645,3.332,35.500043,-94.207337,city_centroid
52367,DOSWELL TRUCK STOP,"I-95, EXIT 98 & SR-30",Doswell,VA,180,2.899,37.841682,-77.512521,city_centroid
52383,FLYING J TRAVEL PLAZA #601,"I-20/I-59, EXIT 104",Mc Calla,AL,615,3.171,33.284546,-87.102379,city_centroid
52384,PILOT TRAVEL CENTERS #337,"I-95, EXIT 164 & US-52",Florence,SC,46,3.349,34.18375,-79.772786,city_centroid
52385,Flying J Travel Plaza #696,"I-71, EXIT 131",Sunbury,OH,315,3.719,40.265499,-82.851051,city_centroid
52387,MARATHON,"I-55, EXIT 265 & SR-4",Senatobia,MS,435,3.199,34.632306,-89.885501,city_centroid
52388,FLYING J TRAVEL PLAZA #711,"I-85, EXIT 102",Blacksburg,SC,46,3.429,35.115047,-81.508004,city_centroid
52393,CASEYS #3004,SR-15 & CR-52,Truman,MN,425,3.299,43.820008,-94.431862,city_centroid
52400,PILOT TRAVEL CENTERS #324,"I-94/US-41, EXIT 329",Franksville,WI,444,3.889,42.785892,-87.987273,city_centroid
52401,LOVES TRAVEL STOP #267,"I-40, EXIT 107 & SR-95",Morrilton,AR,695,3.361,35.169227,-92.735436,city_centroid
52402,FLYING J TRAVEL PLAZA #665,"I-20, EXIT 3 & SR-79",Greenwood,LA,745,3.146,32.424025,-93.969252,city_centroid
52403,FLYING J TRAVEL PLAZA #676,"I-10, EXIT 31",Gulfport,MS,733,3.146,30.382556,-89.097618,city_centroid
52404,PETRO WELLS,"I-80, EXIT 352",Wells,NV,835,3.732,41.129798,-114.532752,city_centroid
52405,FLYING J TRAVEL PLAZA #636,"I-80, EXIT 292",Davenport,IA,270,3.872,41.5218,-90.5743,city_centroid
52411,SAPP BROS TRAVEL CENTER,"I-215, EXIT 21",Salt Lake City,UT,835,3.399,40.755851,-111.896657,city_centroid
52413,PILOT TRAVEL CENTERS #360,"I-75 & SR-613, EXIT 164",Findlay,OH,411,3.316,41.044167,-83.65,city_centroid
52414,Mobil dba ONE9 #1341,"I-5, EXIT 208",Arlington,WA,977,3.799,48.18293,-122.112126,city_centroid
52421,SHEETZ #194,"I-80, EXIT 97",Falls Creek,PA,14,3.307,41.145505,-78.812791,city_centroid
52422,KWIK TRIP #674,"I-94, EXIT 45 & US-12/SR-29",Menomonie,WI,295,3.499,44.87182,-91.92651,city_centroid
52423,PILOT TRAVEL CENTER #908- TOWN PUMP,"I-15 & I-90, EXIT 122",Butte,MT,816,3.566,45.991579,-112.517807,city_centroid
52426,J MART #322,"I-65, EXIT 322",Falkville,AL,615,3.199,34.347653,-86.913086,city_centroid
52427,PILOT TRAVEL CENTERS #340,"I-80, EXIT 46",Fernley,NV,966,3.916,39.601888,-119.235044,city_centroid
52428,PILOT TRAVEL CENTERS #338,"I-26, EXIT 115 & US-321",West Columbia,SC,135,3.499,33.995024,-81.088836,city_centroid
52430,CHEVRON FOOD MART,"I-75, EXIT 350 & SR-2",Ringgold,GA,285,2.859,34.92052,-85.154908,city_centroid
52431,WOODBINE TRAVEL CENTER,"I-95, EXIT 14",Woodbine,GA,75,3.032,30.943692,-81.678313,city_centroid
52435,CM WINNERS CHOICE,"I-10 & SR-108, EXIT 23",Sulphur,LA,690,3.299,30.219001,-93.363911,city_centroid
52438,NEW MADRID,"I-55, EXIT 52/SR-P",New Madrid,MO,275,3.269,36.607284,-89.536645,city_centroid
52439,CIRCLE K #2723395,US-11,Hattiesburg,MS,620,3.199,31.314553,-89.306471,city_centroid
52441,PILOT #6990,"I-95, EXIT 106",Kenly,NC,205,3.709,35.607742,-78.138227,city_centroid
52450,PILOT #1290,"I-35, EXIT 410 & US-77",Red Oak,TX,630,3.299,32.516096,-96.820337,city_centroid
52452,PLAINVIEW TRAVEL PLAZA,"US-41, EXIT 113 & SR-26",Oshkosh,WI,444,3.199,44.021962,-88.543635,city_centroid
52454,PILOT TRAVEL CENTERS #6,"I-70, EXIT 178 & SR-209",Cambridge,OH,315,3.509,40.030501,-81.591277,city_centroid
52455,LOVES TRAVEL STOP #266,"I-35, EXIT 32",Ardmore,OK,253,3.649,34.176681,-97.134157,city_centroid
52456,PILOT TRAVEL CENTERS #317,"I-44, EXIT 4 (ST 435)",Joplin,MO,277,3.412,37.096858,-94.505144,city_centroid
52458,PILOT TRAVEL CENTER #332,"I-40, EXIT 161 & SR-391",North Little Rock,AR,695,3.237,34.766974,-92.265376,city_centroid
52461,FLORENCE VALERO,US-130,Burlington,NJ,160,3.136,40.068015,-74.845353,city_centroid
52463,PILOT TRAVEL CENTERS #341,"I-15, EXIT 48",North Las Vegas,NV,910,3.696,36.4475,-114.851389,city_centroid
52464,7-ELEVEN #40118,ST 220 & I-180,Muncy,PA,138,4.359,41.213715,-76.763258,city_centroid
52465,FLYING J TRAVEL PLAZA #605,"I-40, EXIT 84",Russellville,AR,695,3.369,35.284208,-93.131476,city_centroid
52466,FLYING J TRAVEL PLAZA #784,"I-95, EXIT 100 & SR-272",North East,MD,22,4.199,39.604535,-75.953805,city_centroid
52467,FLYING J TRAVEL PLAZA #712,"I-20, EXIT 70",Columbia,SC,135,3.432,34.0004,-81.033418,city_centroid
52468,FLYING J TRAVEL PLAZA #703,"I-40, EXIT 140",Oklahoma City,OK,483,3.309,35.473,-97.5177,city_centroid
52469,LOVES TRAVEL STOP #269,US-287/US-82/SR-79 & US-281,Wichita Falls,TX,770,3.123,33.905284,-98.497645,city_centroid
52470,QUIKTRIP #562,"I-80, EXIT 136",Des Moines,IA,320,3.047,41.6005,-93.6088,city_centroid
52471,FLYING J TRAVEL PLAZA #695,"I-75, EXIT 135",Beaverdam,OH,411,3.331,40.833333,-83.976667,city_centroid
52472,FLYING J TRAVEL PLAZA #708,"I-81, EXIT 52",Carlisle,PA,70,4.109,40.203877,-77.199526,city_centroid
52473,FLYING J TRAVEL PLAZA #743,"I-15, EXIT 222",Nephi,UT,835,3.716,39.692275,-111.8359,city_centroid
52474,PILOT TRAVEL CENTERS #17,"I-94, EXIT 104",Battle Creek,MI,406,3.959,42.3053,-85.1389,city_centroid
52477,PETRO FARGO #361,"I-94, EXIT 348",Fargo,ND,341,3.499,46.900878,-96.793577,city_centroid
52478,LOVES TRAVEL STOP #418,"I-64, EXIT 172",Grayson,KY,255,3.756,38.328037,-82.965087,city_centroid
52479,PETRO CARNESVILLE #377,"I-85, EXIT 160",Carnesville,GA,16,3.154,34.394723,-83.279209,city_centroid
52480,LOVES TRAVEL STOP #268,US6-9 & US-75,Atoka,OK,253,3.489,34.34451,-96.141827,city_centroid
52482,KING TRAVEL PLAZA,"I-95, EXIT 6",Kingsland,GA,75,3.109,30.797681,-81.707483,city_centroid
52483,FLYING J TRAVEL PLAZA #659,"I-70, EXIT 253",Salina,KS,523,3.772,38.823802,-97.608787,city_centroid
52484,KWIK STAR #303,"I-80, EXIT 201 & US-21",Brooklyn,IA,380,3.129,41.732147,-92.428462,city_centroid
52510,Valero,SR-9,Maysville,KY,312,3.599,38.619716,-83.758858,city_centroid
52511,JOES JUNCTION #9,"I-65, RAYMOND EXIT",Indianapolis,IN,375,3.459,39.775006,-86.109348,city_centroid
52512,LOVES TRAVEL STOPS #270,"I-20, EXIT 349",Ranger,TX,575,3.189,32.46809,-98.674659,city_centroid
52513,FLYING J TRAVEL PLAZA #678,"I-20 & I-55, EXIT 47",Pearl,MS,760,3.149,32.276837,-90.102714,city_centroid
52514,FLYING J TRAVEL PLAZA #671,"I-55, EXIT 58",Matthews,MO,275,3.239,36.807528,-89.576833,city_centroid
52516,FLYING J TRAVEL PLAZA #612,"I-40, EXIT 255",Winslow,AZ,930,3.624,35.16078,-110.511382,city_centroid
52517,STRIPES 7FLEET #42562,US-84 & US-385,Littlefield,TX,700,3.199,33.921195,-102.320697,city_centroid
52520,DANDY MINI MART #19,"ROUTE 17, EXIT 59-A",Sayre,PA,190,3.992,41.984222,-76.521757,city_centroid
52527,PETRO STOPPING CENTER #323,"I-75, EXIT 368",Reddick,FL,225,3.352,29.375352,-82.243995,city_centroid
52528,QUIKTRIP #150,"I-70, EXIT 28",Oak Grove,MO,400,2.959,38.998456,-94.139946,city_centroid
52529,BIG SKY TRUCK STOP,"I-15, EXIT 56 N",Dillon,MT,786,3.689,45.23394,-112.640452,city_centroid
52531,FLYING J FUEL STOP #768,"I-435, EXIT 57",Kansas City,MO,400,3.382,39.213876,-94.63318,city_centroid
52534,LEES FOOD MART #1122,"I-75, EXIT 122 & SR-61",Clinton,TN,405,2.969,36.08688,-84.189735,city_centroid
52535,PWI #115,"I-45, EXIT 178",Buffalo,TX,765,2.899,31.457151,-96.058516,city_centroid
52537,TA Express Osseo #431,"I-94, EXIT 88",Osseo,WI,448,3.469,44.559923,-91.219148,city_centroid
52539,PILOT TRAVEL CENTERS #331,"I-285 , EXIT 51",Atlanta,GA,18,3.599,33.7564,-84.3918,city_centroid
52541,PANTRY TRUCKSTOP,US-2/US-41,Rapid River,MI,360,3.319,45.910662,-86.88449,city_centroid
52542,FLYING J TRAVEL PLAZA #624,"I-75, EXIT 285 & SR-52",San Antonio,FL,225,3.599,28.337139,-82.288237,city_centroid
52546,CIRCLE K #2723910,US-84 & US-27,Bainbridge,GA,20,3.599,30.9355,-84.5809,city_centroid
52548,Henderson Fuel Mart,"I-80, EXIT 342",Henderson,NE,350,2.899,40.781374,-97.797865,city_centroid
52549,SPEEDWAY #3328,"I-77, EXIT 159 A",Cleveland,OH,305,3.799,41.4918,-81.6757,city_centroid
52550,PILOT TRAVEL CENTERS #404,"I-24, EXIT 81 SE",Murfreesboro,TN,460,3.472,35.7913,-86.357,city_centroid
52551,PILOT TRAVEL CENTERS #374,"I-10, EXIT 142 & SR-71",Marianna,FL,20,3.599,30.758587,-85.229367,city_centroid
52552,FLYING J TRAVEL PLAZA #672,"I-49/US-71, EXIT167 & CR-J",Peculiar,MO,400,3.422,38.716453,-94.44053,city_centroid
52553,FLYING J TRAVEL PLAZA #689,"I-40, EXIT 153",Albuquerque,NM,580,3.549,35.0936,-106.6423,city_centroid
52557,SPRINT MART #40,US-72 & SR-247,Tuscumbia,AL,615,3.189,34.687432,-87.683259,city_centroid
52558,LOVES TRAVEL STOP #271,"I-40, EXIT 37 & US-219",Ozark,AR,695,3.392,35.524645,-93.837423,city_centroid
52562,MOBIL,"I-87, EXIT 36",Plattsburgh,NY,39,3.799,44.692715,-73.465969,city_centroid
52563,FLYING J TRAVEL PLAZA #631,"I-75, EXIT 2",Lake Park,GA,20,3.322,30.690615,-83.175293,city_centroid
52564,FLYING J TRAVEL PLAZA #669,"I-44, EXIT 11A & US-71/SR-249 & SR-FF",Joplin,MO,277,3.412,37.096858,-94.505144,city_centroid
52565,PILOT TRAVEL CENTERS #377,"I-35, EXIT 13",Laredo,TX,693,3.599,27.515538,-99.498579,city_centroid
52566,YUMM,"I-35, EXIT 8",Laredo,TX,598,2.876,27.515538,-99.498579,city_centroid
52575,PILOT TRAVEL CENTERS #775,"I-15, EXIT 4",Saint George,UT,910,3.676,37.106651,-113.595261,city_centroid
52577,PILOT TRAVEL CENTER #329,"I-29 & I-80, EXIT 1B",Council Bluffs,IA,319,3.659,41.252954,-95.880992,city_centroid
52580,LOVES TRAVEL STOP #405,"I-95, EXIT 29",Brunswick,GA,75,3.321,31.169652,-81.493045,city_centroid
52581,TA WILLCOX TRAVEL CENTER,"I-10, EXIT 340",Willcox,AZ,980,3.282,32.372977,-109.863111,city_centroid
52582,JRs Oasis,SR-50,Yankton,SD,572,3.149,42.882086,-97.398624,city_centroid
52585,SUPERPUMPER #22,"I-94, EXIT 42",Belfield,ND,807,3.529,46.887728,-103.179515,city_centroid
52587,PILOT TRAVEL CENTERS #380,"I-81, EXIT 25 & I-90, EXIT 36",Liverpool,NY,220,4.159,43.109925,-76.186999,city_centroid
52588,STRIPES #42564,US-87,Lubbock,TX,700,3.199,33.586527,-101.860634,city_centroid
52590,FLYING J TRAVEL PLAZA #661,"I-65, EXIT 2 & US-31W",Franklin,KY,415,3.169,36.725353,-86.570043,city_centroid
52591,FLYING J TRAVEL PLAZA #749,"I-95, EXIT 104",Ruther Glen,VA,180,3.619,37.945059,-77.47135,city_centroid
52594,PILOT TRAVEL CENTERS #348,"I-70, EXIT 32B",Bentleyville,PA,165,4.109,40.118702,-80.006987,city_centroid
52595,7-ELEVEN #40281,"I-476,  EXIT 35/95",Jim Thorpe,PA,90,3.589,40.870002,-75.739665,city_centroid
52597,7-ELEVEN #40278,"I-81, EXIT 44 & I-76",Plainfield,PA,70,3.967,40.203056,-77.290278,city_centroid
52598,7-ELEVEN #40283,"I-76, EXIT 19/247",Middletown,PA,70,3.971,40.204086,-76.733127,city_centroid
52599,7-ELEVEN #40285,"I-76, EXIT 21/286",Bowmansville,PA,208,3.971,40.196667,-76.017778,city_centroid
52601,LOVES TRAVEL STOP #236,"I-40, EXIT 161 & SR-391",North Little Rock,AR,695,3.221,34.766974,-92.265376,city_centroid
52602,7-ELEVEN #40277,"I-76, EXIT 16/226",Newburg,PA,70,4.299,40.13333,-77.566915,city_centroid
52603,CASEYS #3364,US-281 & SR-200,Carrington,ND,341,3.439,47.453918,-99.108226,city_centroid
52605,PILOT TRAVEL CENTERS #39,"I-57, EXIT 335",Monee,IL,290,3.399,41.419133,-87.77484,city_centroid
52607,PILOT TRAVEL CENTERS #409,"I-40, EXIT 172",Dickson,TN,460,3.192,36.076014,-87.399532,city_centroid
52608,PILOT #7971,"I-40, EXIT 133",Conover,NC,46,3.699,35.731343,-81.216455,city_centroid
52610,TA HARBORCREEK TRAVEL CENTER,"I-90, EXIT 35",Erie,PA,240,4.199,42.125962,-80.08601,city_centroid
52611,STRIPES #40530,SR-239,Del Rio,TX,740,3.229,29.373881,-100.891555,city_centroid
52612,STRIPES 7FLEET #42568,US-60 & CR-G,Hereford,TX,700,3.351,34.837037,-102.40503,city_centroid
52615,PILOT TRAVEL CENTERS #4,"I-90, EXIT 151",Avon,OH,305,3.879,41.446713,-82.020359,city_centroid
52616,PILOT TRAVEL CENTERS #28,I-69 EXIT 234,Daleville,IN,457,3.519,40.125738,-85.511016,city_centroid
52618,PILOT TRAVEL CENTERS #63,"I-85, EXIT 35",Piedmont,SC,30,3.222,34.724433,-82.470216,city_centroid
52620,GOODLAND 24/7 STORE,"I-70, EXIT 19",Goodland,KS,525,3.087,39.349099,-101.716396,city_centroid
52621,CORNER MARKET #111,"I-70, EXIT 27",Goodland,KS,525,3.059,39.349099,-101.716396,city_centroid
52622,STRIPES 7FLEET #42567,I-20,Stanton,TX,700,3.016,32.139992,-101.809887,city_centroid
52623,TA WILLINGTON TRAVEL CENTER,"I-84, EXIT 71",Willington,CT,100,5.199,41.873996,-72.272774,city_centroid
52624,PILOT TRAVEL CENTERS #390,"I-84, EXIT 188 & US-395",Stanfield,OR,982,3.469,45.785988,-119.211602,city_centroid
52625,FLYING J TRAVEL PLAZA #673,"I-44, EXIT 226 & SR-85",Sullivan,MO,540,3.324,38.230706,-91.156662,city_centroid
52626,FLYING J TRAVEL PLAZA #627,"I-95/SR-405, EXIT 29 & US-82/US-17/SR-25/SR-520",Brunswick,GA,75,3.396,31.169652,-81.493045,city_centroid
52628,Pride Travel Center dba One9 #1215,"I-10, EXIT 45",Salome,AZ,930,3.359,33.748141,-113.571459,city_centroid
52629,LOVES TRAVEL STOP #413,"I-90, EXIT 106 & US-97",Ellensburg,WA,977,3.829,46.999632,-120.516274,city_centroid
52630,PILOT TRAVEL CENTERS #386,"I-5, EXIT 263",Salem,OR,935,3.859,44.958846,-123.075323,city_centroid
52632,LOVES TRAVEL STOP #451,"I-65, EXIT 95 & CR-500",Whiteland,IN,375,3.949,39.555313,-86.093476,city_centroid
52633,PILOT TRAVEL CENTERS #57,"I-40 & I-85, EXIT 152",Mebane,NC,65,3.959,36.097862,-79.271895,city_centroid
52634,PETRO STOPPING CENTER #362,"I-80, EXIT 353",York,NE,330,3.299,40.866678,-97.582482,city_centroid
52635,E EXPRESS at MLK,"I-40 & I-35, EXIT 127",Oklahoma City,OK,483,2.889,35.473,-97.5177,city_centroid
52636,LOVES TRAVEL STOP #414,"I-64, EXIT 25B & US-41",Haubstadt,IN,340,3.949,38.189536,-87.579827,city_centroid
52638,STRIPES 7FLEET #42555,"I-20, EXIT 80 & SR-18",Monahans,TX,710,2.929,31.581294,-102.900273,city_centroid
52640,SPEEDWAY #8316,US-30 & US-41,Dyer,IN,290,3.649,41.491976,-87.510803,city_centroid
52641,PILOT TRAVEL CENTERS #71,"I-95, EXIT 109",Port Wentworth,GA,195,3.372,32.149092,-81.1631681,manual
52642,One9 #61,"I-26, EXIT 52 & SR-56",Clinton,SC,30,3.099,34.470692,-81.87717,city_centroid
52643,Minit Mart #3,HIGHWAY 277 & FM 1589,Eagle Pass,TX,693,3.199,28.702786,-100.48176,city_centroid
52644,ONE9 #058,"I-95, EXIT 180 & SR-48",Pleasant Hill,NC,205,3.399,36.521246,-77.519217,city_centroid
52646,FLYING J TRAVEL PLAZA #619,"I-70, EXIT 285",Aurora,CO,800,3.392,39.736788,-104.864618,city_centroid
52647,FLYING J TRAVEL PLAZA #699,"I-70, EXIT 122",Millersport,OH,315,3.446,39.899307,-82.528348,city_centroid
52648,Stripes #42566,US-67 & SR-158,Ballinger,TX,612,3.056,31.746836,-99.958927,city_centroid
52649,FLYING J TRAVEL PLAZA #623,"I-10, EXIT 192 & US-90",Midway,FL,20,3.799,30.495278,-84.454444,city_centroid
52651,TA NEW BRAUNFELS TRAVEL CENTER,"I-35, EXIT 193",New Braunfels,TX,740,3.449,29.694733,-98.113041,city_centroid
52652,PILOT TRAVEL CENTERS #47,"I-275, EXIT 129",Georgetown,KY,410,3.206,38.211712,-84.556179,city_centroid
52656,TRAVELING TIGER CENTER,"I-10, EXIT 87",Sierra Blanca,TX,640,3.156,31.193821,-105.321874,city_centroid
52658,LOVES TRAVEL STOP #274,"I-40, EXIT 221 & SR-27",Okemah,OK,560,3.356,35.447516,-96.306788,city_centroid
52659,LOVES TRAVEL STOP #276,"I-10, EXIT 20",Lordsburg,NM,640,3.457,32.314032,-108.754657,city_centroid
52661,LOVES TRAVEL STOP #281,"I-35 WEST, EXIT 40",Fort Worth,TX,630,3.187,32.7469,-97.3268,city_centroid
52663,EXXON,"I-20/I-59, EXIT 17 & SR-28",Livingston,AL,705,2.979,32.588509,-88.173592,city_centroid
52664,PETRO STOPPING CENTER #378,I-81 EXIT 178B,Pittston,PA,200,4.166,41.317501,-75.788492,city_centroid
52667,EXPRESS LANE TRAVEL CENTER,"I-20, EXIT 100 & US-80",Lawrence,MS,705,3.299,32.287614,-89.272432,city_centroid
52669,COLUMBIA TRUCK STOP,US-46,Columbia,NJ,115,3.079,40.938805,-75.054983,city_centroid
52674,FLYING J TRAVEL PLAZA #738,"I-20/FM707, EXIT 277",Tye,TX,575,3.124,32.447728,-99.868434,city_centroid
52675,PILOT TRAVEL CENTER #907- TOWN PUMP,"I-94, EXIT 138",Miles City,MT,780,3.499,46.407459,-105.833193,city_centroid
52676,PILOT TRAVEL CENTERS #336,"I-80, EXIT 97 & US-219",Du Bois,PA,14,4.034,41.126039,-78.752698,city_centroid
52678,STRIPES 7FLEET #42433,US-277,Bronte,TX,739,3.474,31.878939,-100.298765,city_centroid
52679,LOVES TRAVEL STOP #404,"I-295, EXIT 56 & I-95, EXIT 7",Bordentown,NJ,150,3.979,40.143141,-74.703249,city_centroid
52680,PILOT TRAVEL CENTER #91,"I-95, EXIT 329",Saint Johns,FL,75,3.424,30.095578,-81.621701,city_centroid
52683,PILOT TRAVEL CENTERS #145,"I-40/US-71/US-62, EXIT 72 AND US-412",Springdale,AR,416,3.459,36.183521,-94.176216,city_centroid
52684,KWIK STAR #348,US-30/US-67,Clinton,IA,270,3.624,41.851684,-90.207784,city_centroid
52685,LOVES TRAVEL STOP #275,"I-40/US-63, EXIT 233 & SR-261",Palestine,AR,435,3.316,34.966346,-90.904929,city_centroid
52686,LOVES TRAVEL STOP #278,"I-40, EXIT 277",Joseph City,AZ,930,3.607,34.955833,-110.333333,city_centroid
52687,LOVES TRAVEL STOP #286,"I-10, EXIT 17",Quartzsite,AZ,930,3.949,33.5675,-114.2731,city_centroid
52690,LOVES TRAVEL STOP #415,"I-95 & OKEECHOBEE RD, EXIT 129",Fort Pierce,FL,95,3.506,27.438233,-80.443963,city_centroid
52691,PILOT TRAVEL CENTER #312,"I-20/SR-402, EXIT 5 & SR-100",Tallapoosa,GA,18,3.389,33.760174,-85.300047,city_centroid
52692,PILOT TRAVEL CENTER #249,"I-70/I-55, EXIT 18 & SR-162",Troy,IL,540,3.379,38.724275,-89.870848,city_centroid
52697,FLYING J TRAVEL PLAZA #747,"I-15, EXIT 261",Springville,UT,835,3.766,40.162528,-111.598664,city_centroid
60084,SUNSTOP #625,US-84,Ashford,AL,20,3.599,31.1888,-85.253488,city_centroid
60106,SUNSTOP #619,US-84,Daleville,AL,720,3.399,31.281091,-85.730473,city_centroid
60114,SUNSTOP #606,US-84/SR-167,Enterprise,AL,20,3.699,31.340789,-85.842111,city_centroid
60136,HOBO PANTRY #18,US-431,Headland,AL,20,3.599,31.353406,-85.332277,city_centroid
60145,OCS QUICK STOP,US-43/SR-13,Mount Vernon,AL,715,3.699,31.097375,-88.035044,city_centroid
60147,HOP-IN FOOD STORES,US-82 & SR-22,Maplesville,AL,720,3.399,32.804507,-86.871704,city_centroid
60191,PILOT #1180,"I-10, EXIT 94",Tonopah,AZ,930,3.899,33.422797,-112.952785,city_centroid
60206,TA EXPRESS #649,"I-25, EXIT 52",Walsenburg,CO,796,4.259,37.638159,-104.804301,city_centroid
60208,BERKSHIRE PETROLEUM,"I-91, EXIT 9",North Haven,CT,100,3.549,41.382156,-72.85852,city_centroid
60220,ZELLWOOD TRUCK STOP,US-441,Zellwood,FL,140,3.499,28.71944,-81.576174,city_centroid
60224,SUNSTOP #419,US-19,Camilla,GA,20,3.499,31.219915,-84.229683,city_centroid
60226,CIRCLE K #2723903,US-82 & SR-520,Dawson,GA,20,3.499,31.773333,-84.446667,city_centroid
60229,96 TRAVEL PLAZA,"I-16, EXIT 24",Jeffersonville,GA,85,3.399,32.741096,-83.385896,city_centroid
60230,CIRCLE K #2745152,US-19,Pelham,GA,20,3.499,31.127233,-84.156367,city_centroid
60242,KWIK STAR #711,US-18/US-52,Monona,IA,565,3.624,43.073485,-91.458677,city_centroid
60243,PETRO MART,"I-29, EXIT 112",Onawa,IA,527,3.157,42.036967,-96.107213,city_centroid
60245,STINKER #74,"I-84, EXIT 137",Bliss,ID,785,3.634,42.944859,-114.910387,city_centroid
60248,METRO,"I-95, EXIT 12",Avenel,NJ,115,3.299,40.582568,-74.278522,city_centroid
60250,ELIZABETH TRUCK STOP,"I-95, EXIT 13A & SR-81",Elizabethport,NJ,115,3.399,40.6501031,-74.1870888,manual
60255,HUCKS FOOD & FUEL #186,US-51/CR-1450 & US-136,Heyworth,IL,368,3.479,40.3307,-88.977608,city_centroid
60256,BOLLA MARKET,"I-84, EXIT 1",Montague,NJ,115,3.519,41.302259,-74.753956,city_centroid
60270,CHUCKLES #27,SR-57,Washington,IN,340,3.339,38.653568,-87.170656,city_centroid
60273,24-7,"I-70, EXIT 53 & SR-25",Colby,KS,525,3.056,39.383038,-101.044169,city_centroid
60280,JUMP START #9,"I-35, EXIT 4",South Haven,KS,570,3.069,37.049997,-97.404228,city_centroid
60282,CRVS #7,SR-96 & SR-27,Tribune,KS,525,3.399,38.496219,-101.765584,city_centroid
60294,LITTLE CAPITOL EXXON,"I-10, EXIT 115",Breaux Bridge,LA,600,3.899,30.274955,-91.905899,city_centroid
60295,EXIT 80 TRAVEL PLAZA,"I-10, EXIT 80",Crowley,LA,730,3.109,30.214753,-92.377709,city_centroid
60298,BEAU CHENE TRUCK STOP,"I-49, EXIT 11",Grand Coteau,LA,730,3.399,30.419722,-92.046667,city_centroid
60313,WHITE MARSH TRUCK STOP,US-40,White Marsh,MD,22,3.369,39.392315,-76.413189,city_centroid
60316,CIRCLE K #4707001,"I-95, EXIT 264 & SR-158",Sherman,ME,170,3.932,45.877727,-68.369587,city_centroid
60324,FUEL MART OF AMERICA,"I-75, EXIT 59",Detroit,MI,325,3.499,42.347429,-83.060398,city_centroid
60326,SUNRISE CONVENIENCE STORE #29,"I-69, EXIT 184",Memphis,MI,325,3.499,42.905955,-82.769623,city_centroid
60328,SPEEDWAY #8748,"I-69, EXIT 6",Flint,MI,342,3.339,43.0233,-83.6856,city_centroid
60329,CHARLIES COUNTRY CORNER,"I-75, EXIT 271",Grayling,MI,287,3.799,44.670959,-84.691321,city_centroid
60333,LAKESHORE BP,US-2,Manistique,MI,287,3.499,45.982978,-86.275513,city_centroid
60341,SNAPPY FOOD MART,ST 60,Tekonsha,MI,431,3.589,42.086326,-84.992602,city_centroid
60342,True North #254,US-31 & SR-37,Traverse City,MI,456,3.729,44.74365,-85.618869,city_centroid
60344,DORR TRUCK STOP,"US-131, EXIT 68",Wayland,MI,344,3.499,42.664268,-85.619112,city_centroid
60347,KWIK TRIP #875,"I-90, EXIT 157, BRIDGE ST ENTRANCE",Albert Lea,MN,515,3.324,43.653678,-93.370672,city_centroid
60358,PETRO SERVE USA #54,US-10,Glyndon,MN,341,3.449,46.882023,-96.558338,city_centroid
60372,FLYING W CONVENIENCE STORE,SR-96,Carthage,MO,277,3.199,37.159686,-94.311232,city_centroid
60373,FLYING J #571,"I-57, EXIT 12 & US-60",Charleston,MO,490,3.559,36.921341,-89.334207,city_centroid
60374,PILOT TRAVEL CENTERS #385,US-54 & SR-13,Collins,MO,416,3.496,37.880998,-93.660849,city_centroid
60379,FAST LANE #50,US-54/SR-19,Laddonia,MO,540,3.157,39.259328,-91.689348,city_centroid
60380,AMOCO,US-63/US-136,Lancaster,MO,320,3.249,40.525265,-92.526403,city_centroid
60382,WINDSTARS #5101,"I-435, EXIT 57",Kansas City,MO,400,3.099,39.213876,-94.63318,city_centroid
60383,CASEYS #4399,"I-70, EXIT 175",New Florence,MO,392,2.949,38.902309,-91.490861,city_centroid
60392,Kangaroo Crossing #1107,"I-20, EXIT 68 & SR-43",Pelahatchie,MS,705,3.199,32.317994,-89.79135,city_centroid
60398,TOWN PUMP FOOD STORE #610,"I-90, EXIT 333",Livingston,MT,786,3.644,45.654587,-110.560907,city_centroid
60400,CAN AM C STORE,SR-16,Plentywood,MT,807,3.499,48.778825,-104.560032,city_centroid
60416,MINUTEMAN FOOD MART #20,US-74 & US-76,Whiteville,NC,245,3.461,34.324142,-78.716048,city_centroid
60420,PUMP & PANTRY #35,US-183,Alma,NE,330,3.459,40.118853,-99.360073,city_centroid
60426,BONS BONS MOBIL,US-3,Merrimack,NH,125,3.699,42.866689,-71.51278,city_centroid
60434,ENRITE,US-9,Linden,NJ,79,3.342,40.635366,-74.255567,city_centroid
60442,Circle K #4706716,SR-71 & SR-47,Yorkville,IL,290,3.499,41.638725,-88.443794,city_centroid
60460,HAHN OIL,US-36,Coshocton,OH,315,3.299,40.275412,-81.866033,city_centroid
60461,TRUE NORTH #704,"I-75, EXIT 56A",Dayton,OH,317,3.799,39.7578,-84.1777,city_centroid
60463,Anna Truck Stop,"I-75, EXIT 99",Anna,OH,411,3.016,40.405105,-84.210344,city_centroid
60465,MOTOMART #4129,ST 309,Marion,OH,411,3.342,40.5886,-83.1286,city_centroid
60471,FUEL MART #701,"I-480/I-271, EXIT 23 & SR-8",Bedford,OH,305,3.529,41.392067,-81.52315,city_centroid
60473,BELL STORES #50,ST 3,Wooster,OH,249,3.599,40.809354,-81.948272,city_centroid
60476,PETES #11,US-75,Dewey,OK,560,3.154,36.80125,-95.93454,city_centroid
60508,FEGLEY VALERO,SR-309,Tamaqua,PA,90,3.599,40.798319,-75.97353,city_centroid
60513,CIRCLE K #2723873,US-17,Georgetown,SC,42,2.899,33.430776,-79.323459,city_centroid
60515,FLASH MARKET #302,SR-9 & SR-151,Pageland,SC,46,3.386,34.772193,-80.396615,city_centroid
60516,ENMARKET #892,"I-95, EXIT 150",Harleyville,SC,195,3.399,33.220511,-80.450094,city_centroid
60519,CORNER PANTRY #25,US-14,Huron,SD,571,3.079,44.359022,-98.216293,city_centroid
60538,TEXACO #380031,ST 21W,Bryan,TX,765,3.399,30.632698,-96.36616,city_centroid
60539,SHELL,US-96 & SR-62/FM-1004,Buna,TX,610,3.102,30.413209,-93.991263,city_centroid
60540,CIRCLE K #2706340,"I-20, EXIT 533",Canton,TX,630,2.776,32.514301,-95.904657,city_centroid
60551,CIRCLE K #2744522,"I-30, EXIT 201  I-30 & SR-8",New Boston,TX,766,2.942,33.462119,-94.433882,city_centroid
60554,CEFCO #2070,"I-27, EXIT 49",Plainview,TX,700,2.832,34.196194,-101.725896,city_centroid
60565,CEFCO #2006,"I-40, EXIT 163",Shamrock,TX,585,3.099,35.220596,-100.262152,city_centroid
60579,SPEEDWAY #4633,US-220/US-221/US-460,Roanoke,VA,185,3.399,37.2935,-80.0553,city_centroid
60587,BJS AUTO TRUCK PLAZA,SR-28,Rock Island,WA,970,3.999,47.370558,-120.137794,city_centroid
60589,RIVER COUNTRY PLAZA,"SR-29, EXIT 91",Cadott,WI,295,3.397,44.963014,-91.169884,city_centroid
60590,DARLINGTON MINI MART,SR-23 & SR-81,Darlington,WI,420,3.399,42.687816,-90.110648,city_centroid
60601,HOLIDAY STATIONSTORE #2746229,US-53/US-2,Superior,WI,545,3.339,46.701552,-92.091174,city_centroid
60635,EXXON ON THE RUN,US-62/US-412 & SR-126,Gassville,AR,535,3.695,36.317525,-92.473637,city_centroid
60650,SHELL DBA ONE9 #1244,"I-8, EXIT 115",Gila Bend,AZ,930,3.259,32.93059,-112.746832,city_centroid
60700,PWI #502,"I-70/US-40, EXIT 259",Golden,CO,800,3.199,39.730548,-105.191528,city_centroid
60707,REATA TRAVEL STOP,"I-76, EXIT 125",Sterling,CO,800,3.399,40.63062,-103.221183,city_centroid
60708,CRVS STORE #6,US-385,Wray,CO,800,3.449,40.104917,-102.233751,city_centroid
60762,BP,US-1 & US-341,Baxley,GA,195,3.599,31.783663,-82.348643,city_centroid
60768,GAS N GO FOOD STORE,"I-75, EXIT 290/US-41",Cartersville,GA,48,2.942,34.186975,-84.820401,city_centroid
60773,NEIGHBORS EXPRESS,US-341/SR-27 & US-129 ALT/SR-340,Hawkinsville,GA,20,3.399,32.277834,-83.494763,city_centroid
60779,Marathon,US-129,Eatonton,GA,85,3.399,33.312723,-83.36277,city_centroid
60781,JP PERRY,"I-75, EXIT 138",Perry,GA,85,3.082,32.46051,-83.728258,city_centroid
60783,CIRCLE K #2723324,US-441/US-23/SR-15 & SR-17A/SR-385,Clarkesville,GA,16,3.439,34.644993,-83.524304,city_centroid
60787,MARATHON,"I-20, EXIT 11",Lithia Springs,GA,48,2.872,33.793889,-84.660556,city_centroid
60788,SPRINT FOODS #722,US-1/SR-4/SR-17 & SR-24,Louisville,GA,85,4.099,33.016342,-82.383616,city_centroid
60791,MARATHON #9,"I-475, EXIT 1",Macon,GA,85,3.039,32.84386,-83.598686,city_centroid
60795,CIRCLE K #2745080,US-319/US-129/SR-90/SR-11,Ocilla,GA,10,3.626,31.592944,-83.256542,city_centroid
60797,EVANS FOOD MART,SR-20,Rome,GA,193,3.699,34.250726,-85.146501,city_centroid
60804,JET FOOD STORE #4,US-1 & SR-78,Wadley,GA,135,3.416,32.874742,-82.402459,city_centroid
60807,BATAVIA GARDENS AND GAS,"US-34, EXIT 203",Batavia,IA,320,3.379,40.99048,-92.143059,city_centroid
60817,KWIK STAR #712,US-218 & SR-27,Janesville,IA,565,3.599,42.646515,-92.479096,city_centroid
60822,CASEYS #3639,US-18/US-52,Postville,IA,420,3.599,43.003619,-91.547809,city_centroid
60829,BARRY TRAVEL PLAZA,"I-72, EXIT 20",Barry,IL,540,3.599,39.704662,-91.026482,city_centroid
60833,SPEEDWAY #5400,CR-11 & CR-23,Bloomingdale,IL,290,3.759,41.94827,-88.07824,city_centroid
60834,SPEEDWAY #7422,SR-43,Burbank,IL,293,3.619,41.744704,-87.769907,city_centroid
60839,FREEDOM OIL #18,"I-74, EXIT 82",Edwards,IL,270,3.399,40.764362,-89.705344,city_centroid
60846,EXPRESS LANE #50,"I-88, EXIT 10",Hillsdale,IL,270,3.699,41.592896,-90.226255,city_centroid
60851,SPEEDWAY #7382,I-355 & SR-64,Lombard,IL,293,3.249,41.872139,-88.015988,city_centroid
60857,RED ROOSTER TERMINAL,US-50/SR-250 & SR-130,Olney,IL,510,3.189,38.733389,-88.080936,city_centroid
60865,Truckquest,"I-55, EXIT 286",Cicero,IL,290,3.599,41.845556,-87.753889,city_centroid
60871,WENONA BP,"I-39/US-51, EXIT 35 & SR-17",Wenona,IL,280,3.499,41.054846,-89.041637,city_centroid
60881,GAS AND STUFF,"I-64, EXIT 118",Georgetown,IN,415,3.799,38.302943,-85.961704,city_centroid
60882,SPEEDWAY #6666,US-33,Goshen,IN,465,3.816,41.584484,-85.837988,city_centroid
60887,STERNBERG CITGO TRUCK STOP,"I-64, EXIT 57",Jasper,IN,340,3.759,38.404392,-86.940787,city_centroid
60890,JACK FLASH,I-57 EXIT 135,Farina,IL,510,3.099,38.846902,-88.761412,city_centroid
60900,7-ELEVEN #40504,"I-80/I=90, MM 56 EB",Rolling Prairie,IN,465,3.999,41.72286,-86.584092,city_centroid
60902,SPEEDWAY #6674,"I-80/I-90, EXIT 72 & SR-31",South Bend,IN,465,3.691,41.672699,-86.253489,city_centroid
60913,J Mart #1,"HWY 50 E, HWY 83 N",Garden City,KS,525,3.529,37.97693,-100.862088,city_centroid
60926,CENEX,US-36 & US-83,Oberlin,KS,525,3.159,39.827507,-100.531389,city_centroid
60958,NORTH WEST TRUCK STOP,US-90 & SR-3211,Franklin,LA,600,3.399,29.785656,-91.502643,city_centroid
60979,TOBACCO PLUS #5,"I-10, EXIT 4 & US-90",Vinton,LA,690,2.999,30.201523,-93.572808,city_centroid
60988,GULF OIL LP #5020,"I-90, MM291",Blandford,MA,215,3.914,42.182949,-72.936114,city_centroid
60989,Blandford Service Plaza Westbound,"I-90, EXIT MM29",Blandford,MA,215,3.919,42.182949,-72.936114,city_centroid
60993,GULF #5165,"I-90, EXIT 12",Framingham,MA,34,4.066,42.300665,-71.425486,city_centroid
60997,GULF OIL #5035,I-90 MM 66.7,Ludlow,MA,215,3.914,42.172823,-72.471012,city_centroid
60998,GULF OIL #5030,"I-90, EXIT 7",Ludlow,MA,215,3.909,42.172823,-72.471012,city_centroid
61004,Applegreen,SR-15,Sturbridge,MA,215,3.999,42.112619,-72.084233,city_centroid
61006,GULF OIL LP #5155,"I-90, EXIT 11",Westborough,MA,215,3.909,42.283,-71.6015,city_centroid
61019,MARDELA GOOSE CREEK FOOD STORE,US-50,Mardela Springs,MD,194,3.979,38.486386,-75.741442,city_centroid
61021,WESTOVER GOOSE CREEK,US-13 & SR-673,Westover,MD,194,3.259,38.10099,-75.740563,city_centroid
61028,MARATHON,"US-10, EXIT 137",Bay City,MI,260,3.199,43.612165,-83.919885,city_centroid
61030,HAGGERTY JOY MOBIL,I-275,Canton,MI,325,3.699,42.332013,-83.469524,city_centroid
61032,MARATHON,US-10/US-127,Clare,MI,260,3.289,43.822318,-84.763463,city_centroid
61034,MOTOR CITY TRUCK STOP,"I-75, EXIT 43",Detroit,MI,325,3.499,42.347429,-83.060398,city_centroid
61037,HEARTLAND MOBIL,US-23,Fenton,MI,342,3.849,42.785098,-83.729351,city_centroid
61038,SPEEDWAY #8753,"I-475, EXIT 4",Burton,MI,342,3.089,43.024493,-83.606295,city_centroid
61042,CITGO,"US-131, EXIT 44",Kalamazoo,MI,465,3.499,42.273565,-85.545653,city_centroid
61057,CIRCLE K #2746537,US-2 & US-41,Rapid River,MI,360,3.319,45.910662,-86.88449,city_centroid
61063,PS Food Mart,I-69 EXIT 25,Tekonsha,MI,431,3.519,42.086326,-84.992602,city_centroid
61076,Holiday StationStore #2746408,"I-35, EXIT 129",Forest Lake,MN,448,3.399,45.268499,-92.974894,city_centroid
61080,CO-OP SERVICE,US-10 & CR-67,New York Mills,MN,250,3.499,46.555867,-95.404717,city_centroid
61090,Northdale Oil,US-59 & SR-1,Thief River Falls,MN,355,3.239,48.110391,-96.167019,city_centroid
61093,CIRCLE K #2746501,"I-90, EXIT 45 & SR-60",Worthington,MN,432,3.142,43.628626,-95.605907,city_centroid
61099,LOVES TRAVEL STOP #488,"I-55, EXIT 157 & SR-32",Bloomsdale,MO,540,3.382,38.045112,-90.280548,city_centroid
61102,FAST LANE #54,US-63,Columbia,MO,310,3.207,38.938176,-92.304865,city_centroid
61106,TEMP STOP #102,US-54 & SR-52,Eldon,MO,392,3.199,38.340127,-92.573619,city_centroid
61110,HB OF RANDOLPH,"I-435, EXIT 55B & SR-210",Kansas City,MO,400,3.149,39.213876,-94.63318,city_centroid
61111,Caseys #4540,"I-35, EXIT 40 & SR-116",Lathrop,MO,400,3.076,39.517727,-94.309271,city_centroid
61115,BREAK TIME #3071,US-24 & US-63,Moberly,MO,310,3.469,39.420239,-92.435793,city_centroid
61118,MIDWEST PETROLEUM #21,"I-55, EXIT 129",Perryville,MO,275,2.991,37.717437,-89.873664,city_centroid
61145,TEXACO,US-49 & US-98,Hattiesburg,MS,620,3.199,31.314553,-89.306471,city_centroid
61146,STUCKEYS EXPRESS #619,"I-59, EXIT 113 & SR-528",Heidelberg,MS,620,3.499,31.882031,-88.998052,city_centroid
61149,CEFCO #501,US-45,Lauderdale,MS,705,2.899,32.502186,-88.495569,city_centroid
61168,Blue Sky #717,US-72 & SR-15,Walnut,MS,435,3.099,34.952732,-88.905337,city_centroid
61171,CHEVRON CURB STORE,US-49 & SR-26,Wiggins,MS,620,3.499,30.86095,-89.132369,city_centroid
61176,TOWN PUMP FOOD STORE #8947,US-2,Chinook,MT,815,3.629,48.57985,-109.22246,city_centroid
61182,TOWN PUMP FOOD STORE #3000,US-87,Lewistown,MT,815,3.599,47.056324,-109.420297,city_centroid
61193,SPEEDWAY #8502,"I-75, EXIT 161 & CR-99",Findlay,OH,411,3.299,41.044167,-83.65,city_centroid
61195,MINUTEMAN FOOD MART #06,SR-24,Clinton,NC,245,3.649,35.015143,-78.326007,city_centroid
61205,SPEEDWAY #6961,"I-40, EXIT 303",Garner,NC,177,2.921,35.681254,-78.597527,city_centroid
61210,SHEETZ #548,US-29,Greensboro,NC,65,2.859,36.069741,-79.768151,city_centroid
61254,7-ELEVEN #36075,"I-77, EXIT 65 & SR-901",Union Grove,NC,46,2.859,36.036947,-80.896695,city_centroid
61266,CENEX CONVENIENCE STORE,US-2 & SR-19,Devils Lake,ND,355,3.249,48.113162,-98.861588,city_centroid
61269,FLYING J #489,"I-29, EXIT 138",Grand Forks,ND,341,3.616,47.901041,-97.04463,city_centroid
61271,MARATHON,"I-94, EXIT 292",Valley City,ND,341,3.499,46.92681,-98.003316,city_centroid
61291,FLEMING OIL FOOD MART,ST 9,West Chesterfield,NH,12,3.899,42.873152,-72.511216,city_centroid
61292,ENRITE,"I-95, EXIT 14A",Jersey City,NJ,115,3.349,40.7164,-74.038,city_centroid
61301,SUNOCO- WALT WHITMAN PLAZA #7007,"NJTP,MILE POST 30",Cherry Hill,NJ,150,3.899,39.930808,-75.017538,city_centroid
61304,A Plus MOLLY PITCHER PLAZA #7011,MILE POST 71.7 NJ TURNPIKE SO,Cranbury,NJ,115,3.909,40.303868,-74.506531,city_centroid
61305,BP,US-130,Cranbury,NJ,150,3.146,40.303868,-74.506531,city_centroid
61308,CARLSTADT VALERO,SR-120,Carlstadt,NJ,115,3.199,40.840298,-74.092498,city_centroid
61312,BLUE STAR,US-202 & SR-31,Flemington,NJ,115,3.399,40.517976,-74.845316,city_centroid
61326,SUNOCO JAMES F COOPER PLAZA- #7008,MILEPOST 39 NJ TURNPIKE N,Mount Laurel,NJ,150,3.959,39.947808,-74.903588,city_centroid
61328,KW RASTALL OIL,US-130,North Brunswick,NJ,115,3.199,40.453767,-74.482285,city_centroid
61333,46 GAS AND TRUCK STOP,US-46,Palisades Park,NJ,115,3.236,40.846238,-73.995436,city_centroid
61337,SUNOCO- JOHN FENWICK PLAZA #7006,"NJTP, MM 5",Penns Grove,NJ,150,3.909,39.717938,-75.465623,city_centroid
61339,FUEL ONE,"I-78, EXIT 3 & US-22",Phillipsburg,NJ,79,3.359,40.692819,-75.1741,city_centroid
61346,SUNOCO- ALEXANDER HAMILTON PLAZA #7016,NEW JERSEY TURNPIKE SOUTH MILEPOST 111.6,Secaucus,NJ,115,3.899,40.79101,-74.063416,city_centroid
61357,KENT KWIK #501,US-70 & US-54,Alamogordo,NM,593,2.982,32.893186,-105.948544,city_centroid
61364,HUNTINGTON BROADWAY CONOCO,US-64 BUS,Farmington,NM,614,3.799,36.706514,-108.199531,city_centroid
61409,104 STORE,SR-370/SR-104,Red Creek,NY,220,3.799,43.229068,-76.714556,city_centroid
61410,KWIK FILL #58,ST 15,Rochester,NY,190,3.969,43.1683,-77.6026,city_centroid
61421,7-ELEVEN #40294,"I-80 WB, EXIT 139",Amherst,OH,249,3.532,41.390506,-82.228165,city_centroid
61430,7-ELEVEN #40303,"I-90, EXIT 7",Clyde,OH,550,3.662,41.302397,-82.991849,city_centroid
61431,7-ELEVEN #40304,"I-90, EXIT 7",Clyde,OH,550,3.662,41.302397,-82.991849,city_centroid
61439,7-ELEVEN #40302,"I-75, EXIT 157",Genoa,OH,550,3.662,41.530005,-83.358984,city_centroid
61449,7-ELEVEN #40297,"I-80, EXIT 13A",Mantua,OH,249,3.532,41.294141,-81.228259,city_centroid
61450,7-ELEVEN #40298,I-80,Mantua,OH,249,3.532,41.294141,-81.228259,city_centroid
61453,CITGO,"I-475, EXIT 6",Maumee,OH,550,3.499,41.581682,-83.66283,city_centroid
61458,7-ELEVEN #40299,OHIO TNPK MM 237 & SR-26,New Springfield,OH,165,3.532,40.926517,-80.585585,city_centroid
61459,7-ELEVEN #40300,"I-76, EXIT 157",New Springfield,OH,165,3.532,40.926517,-80.585585,city_centroid
61461,S&G,"I-280, EXIT 7",Oregon,OH,550,3.599,41.641842,-83.471366,city_centroid
61477,CHOCTAW NATION GRANT #633,US-271,Grant,OK,253,2.999,33.930239,-95.489324,city_centroid
61483,CM SILVER DOLLAR,"I-220, EXIT 7",Shreveport,LA,745,3.299,32.503743,-93.748696,city_centroid
61492,SPRINGER TRAVEL PLAZA,I-35 EXIT 40,Springer,OK,253,2.916,34.303832,-97.122266,city_centroid
61508,7-ELEVEN #40275,"I-70 & I-76 NB, MM 147",Bedford,PA,14,4.199,39.990838,-78.526071,city_centroid
61509,7-ELEVEN #40275,"I-70/I-76 SB, MM 147",Bedford,PA,14,4.199,39.990838,-78.526071,city_centroid
61511,MIDWAY FUEL AND TRUCK WASH,"I-78/US-22, EXIT 16",Bethel,PA,208,3.364,40.480834,-76.274209,city_centroid
61515,Carlisle Fuel Stop,"I-81, EXIT 52",Carlisle,PA,70,3.359,40.203877,-77.199526,city_centroid
61540,S&P Oil,US-13,Levittown,PA,160,3.816,40.168142,-74.823138,city_centroid
61559,7-ELEVEN #40273,34 MILE WEST OF EXIT 11/146,Somerset,PA,168,4.207,40.024813,-79.080814,city_centroid
61560,7-ELEVEN #40272,"I-70 & 76, EXIT 10",Somerset,PA,168,4.207,40.024813,-79.080814,city_centroid
61567,7-ELEVEN #35774,"I-76, EXIT 5/48",Verona,PA,165,4.207,40.492727,-79.834535,city_centroid
61569,KWIK FILL #295,US-6 BUS,Warren,PA,240,4.699,41.845265,-79.14286,city_centroid
61570,7-ELEVEN #40276,"I-76, EXIT 12/161 & SR-655",Waterfall,PA,14,4.199,40.073871,-78.047708,city_centroid
61571,7-ELEVEN #40280,MILE MARKER 55 NE EXT PENN TPKE,Allentown,PA,90,3.589,40.602729,-75.470955,city_centroid
61594,SPINX #138 (DISCOUNT AVAILABLE),"I-85, EXIT 44",Greenville,SC,30,3.042,34.9137,-82.0978,city_centroid
61595,CORNER MART 3338,"I-85, EXIT 44",Greenville,SC,30,2.907,34.9137,-82.0978,city_centroid
61596,HOT SPOT #2009,US-25/US-178 & SR-225,Greenwood,SC,30,2.939,34.175802,-82.156211,city_centroid
61597,SPINX #121,"I-85, EXIT 56",Greer,SC,30,3.166,34.8968,-82.267442,city_centroid
61598,Shell,SR-41,Hemingway,SC,245,3.199,33.741887,-79.448895,city_centroid
61599,HOT SPOT #2013,"I-26, EXIT 10",Inman,SC,210,3.149,35.052795,-82.054013,city_centroid
61605,HOT SPOT #2028,US-76/US-301,Marion,SC,63,2.999,34.156195,-79.389822,city_centroid
61616,PILOT #4578,"I-77, EXIT 48 & SC-200",Winnsboro,SC,135,3.409,34.381008,-81.10899,city_centroid
61621,CUBBYS #401,"I-90 , EXIT 332 & SR-37",Mitchell,SD,530,3.149,43.710921,-98.027026,city_centroid
61625,PRARIE STOP,US-212 & SR-20,Watertown,SD,566,3.279,44.904295,-97.123977,city_centroid
61633,ECO TRAVEL PLAZA,"I-40, EXIT 320 & SR-298",Crossville,TN,405,3.026,35.944041,-85.017171,city_centroid
61642,PILOT TRAVEL CENTERS #252,"I-35, EXIT 26",Kearney,MO,400,3.699,39.365175,-94.362104,city_centroid
61646,SHELL,"I-40, EXIT 35 & SR-59",Mason,TN,435,3.549,35.438012,-89.551805,city_centroid
61651,LEES FOOD MART #123,"I-81, EXIT 23 AT MILE 23",Bulls Gap,TN,405,3.259,36.325707,-83.03149,city_centroid
61654,MAJOR MARKETS #276,US-51/SR-3,Ripley,TN,435,3.799,35.752651,-89.534975,city_centroid
61656,PHILLIPS 66,US-51,Union City,TN,460,3.382,36.426311,-89.066662,city_centroid
61660,MARATHON,"I-40, EXIT 108",Wildersville,TN,435,3.099,35.769772,-88.438794,city_centroid
61684,WOODYS FOOD MART,"I-45 & SR-7, EXIT 164",Centerville,TX,670,2.846,31.272025,-95.921287,city_centroid
61730,STRIPES 7FLEET #42430,"I-20, EXIT 131",Midland,TX,612,3.569,31.989636,-102.06261,city_centroid
61747,TEX-BEST #504,"I-35, EXIT 141",Von Ormy,TX,740,3.157,29.274979,-98.667741,city_centroid
61751,ALLSUPS CONVENIENCE STORE #2264,SR-214,Seminole,TX,710,3.094,32.721045,-102.682761,city_centroid
61761,ALLSUPS CONVENIENCE STORE #2304,"I-40, EXIT 36 & US-385",Vega,TX,585,2.999,35.373212,-102.356572,city_centroid
61763,ALLSUPS CONVENIENCE STORE #2283,"I-20, EXIT 73",Wickett,TX,710,2.899,31.57,-103.000556,city_centroid
61787,DUCK THRU FOOD STORE #5,US-258,Franklin,VA,180,3.499,36.678625,-76.939108,city_centroid
61796,EXXON,US-220,Martinsville,VA,185,3.375,36.687067,-79.869136,city_centroid
61799,CIRCLE K #2723712,"I-77, EXIT 52 & US-52/SR-42",Bland,VA,185,3.376,37.137644,-81.020064,city_centroid
61804,CARTERS ONE STOP,"I-95 & SR-301, EXIT 31 & SR-40",Stony Creek,VA,180,2.959,36.936132,-77.444276,city_centroid
61806,LANKFORD TRUCK PLAZA,US-13 & CR-646,Townsend,VA,130,3.399,37.184444,-75.958611,city_centroid
61819,CHEVRON,"I-5, EXIT 36",Longview,WA,935,4.499,46.151354,-122.963421,city_centroid
61830,APPLETON TRAVEL PLAZA,SR-96,Appleton,WI,444,3.406,44.277325,-88.397649,city_centroid
61832,BARRON FARMERS UNION,"US-8, EXIT 53",Barron,WI,545,3.639,45.400535,-91.84996,city_centroid
61835,BRISTOL BP,"I-94, EXIT 345 & US-45",Bristol,WI,444,3.719,42.532525,-88.047779,city_centroid
61843,KWIK TRIP #332,SR-33,Horicon,WI,444,3.216,43.446859,-88.631049,city_centroid
61849,KWIK TRIP #306,"I-94, EXIT 259 & SR-89",Lake Mills,WI,420,3.432,43.081576,-88.913335,city_centroid
61862,KWIK TRIP #781,SR-21,Redgranite,WI,582,3.352,44.04381,-89.098125,city_centroid
61867,KWIK TRIP #318,SR-27 & SR-16/SR-71,Sparta,WI,515,3.342,43.954045,-90.814566,city_centroid
61877,CASEYS #3715,SR-59,Whitewater,WI,420,3.299,42.827174,-88.742864,city_centroid
61879,KWIK TRIP #347,SR-13,Wisconsin Rapids,WI,395,3.312,44.375803,-89.806229,city_centroid
61880,KWIK TRIP #310,SR-13/SR-73,Wisconsin Rapids,WI,395,3.262,44.375803,-89.806229,city_centroid
61968,FLYING J TRAVEL PLAZA #701,"I-35, EXIT 33",Ardmore,OK,253,3.659,34.176681,-97.134157,city_centroid
62008,LOVES TRAVEL STOP #366,"I-81, EXIT 90",Jonestown,PA,70,3.857,40.43607,-76.503842,city_centroid
62075,FLYING J TRAVEL PLAZA #657,US-283/US-50/US-56 & US-400,Dodge City,KS,570,3.799,37.756882,-100.024074,city_centroid
62097,FLASH MARKET #17046,US-65/SR-9,Clinton,AR,695,3.239,35.604537,-92.475825,city_centroid
62211,STUBS GAS AND OIL,"I-76, EXIT 66",Wiggins,CO,800,3.559,40.205651,-104.052814,city_centroid
62238,Circle K #2726278,SR-207,Hastings,FL,75,3.569,29.705147,-81.490908,city_centroid
62283,Circle K #2745099,US-23 & US-341/SR-27,Hazlehurst,GA,195,3.529,31.860569,-82.590947,city_centroid
62316,BP,US-20,Delaware,IA,335,3.299,42.477713,-91.347176,city_centroid
62355,MINIT MART #600630,"I-39, EXIT 14",El Paso,IL,368,3.599,40.738948,-89.011952,city_centroid
62370,7-ELEVEN #34712,I-90 Exit 24,Belvidere,IL,290,3.739,42.259465,-88.850943,city_centroid
62399,Rebel Plus #882,"I-80, EXIT 101",Bristol,IN,465,3.576,41.716885,-85.826192,city_centroid
62462,HAWESWAY TRUCKSTOP,US-60,Owensboro,KY,487,3.599,37.751255,-87.155394,city_centroid
62467,SUPER QUIK #9,"I-64, EXIT 181",Ashland,KY,255,3.669,38.443038,-82.702709,city_centroid
62480,CM GALLIANO,US-167,Cut Off,LA,725,3.499,29.523188,-90.339298,city_centroid
62487,Fred's Food Mart,US-61,Saint Francisville,LA,600,3.799,30.858658,-91.392266,city_centroid
62500,CASH MAGIC VINTON,"I-10, EXIT 4 & SR-109",Vinton,LA,690,3.284,30.201523,-93.572808,city_centroid
62547,MARATHON,SR-32W,Gaylord,MI,287,3.799,45.0275,-84.674722,city_centroid
62550,Sunoco,"I-275, EXIT 11",New Boston,MI,325,3.399,42.144899,-83.358855,city_centroid
62559,EXPRESS FOOD DEPOT,"I-94, EXIT 266",Smiths Creek,MI,325,3.629,42.922072,-82.574516,city_centroid
62560,ONE9 #23,"I-96, EXIT 67",Ionia,MI,406,3.439,42.98592,-85.070985,city_centroid
62701,PILOT TRAVEL CENTERS #408,"I-68, EXIT 22",Grantsville,MD,14,4.259,39.684436,-79.151665,city_centroid
62710,TOWN PUMP FOOD STORE #922,"I-90, EXIT 370 &SR-10",Big Timber,MT,780,3.479,45.82827,-109.963094,city_centroid
62753,PETRO SERVE USA,US-10,West Fargo,ND,341,3.029,46.869523,-96.895002,city_centroid
62768,PUMP & PANTRY #34,US-20 & SR-27,Gordon,NE,475,3.449,42.806843,-102.204929,city_centroid
62774,MR MIKES MINI MART,SR-9,Northwood,NH,34,3.599,43.206965,-71.200423,city_centroid
62790,7-ELEVEN #40084,US-46/US-1/US-9,Palisades Park,NJ,115,3.099,40.846238,-73.995436,city_centroid
62800,A ONE TRUCK STOP,US-9,South Amboy,NJ,79,3.499,40.464733,-74.278635,city_centroid
62817,LOVES TRAVEL STOP #364,I-75 EXIT 33,Charleston,TN,285,3.589,35.255644,-84.766639,city_centroid
62824,FLYING J TRAVEL PLAZA #1005,"I-80, EXIT 48",Fernley,NV,966,3.916,39.601888,-119.235044,city_centroid
62841,SPEEDWAY #9912,"I-81, EXIT 10",Mc Graw,NY,32,4.309,42.594758,-76.081958,city_centroid
62844,CIRCLE K #4707612,"I-81, EXIT 14",Tully,NY,220,3.799,42.806977,-76.13936,city_centroid
62850,GANSEVOORT MINI MART,"I-87, EXIT 17",Gansevoort,NY,12,3.759,43.180343,-73.705267,city_centroid
62887,SPEEDWAY #9367,"I-275, EXIT 42",Cincinnati,OH,300,3.126,39.1063,-84.5356,city_centroid
62911,DAVIS TRAVEL CENTER #108,"I-85, EXIT 39",Warfield,VA,180,3.099,36.901122,-77.767317,city_centroid
62918,CIRCLE K #4705567,ST 91,Twinsburg,OH,305,3.632,41.328851,-81.455912,city_centroid
62991,ONVO TRAVEL PLAZA,"I-84, EXIT 17",Lake Ariel,PA,200,3.586,41.439476,-75.431257,city_centroid
62996,MARTIN GENERAL STORE,US-22,Alexandria,PA,14,3.539,40.549901,-78.107066,city_centroid
63013,TA WEST GREENWICH,"I-95, EXIT 5B",West Greenwich,RI,175,3.766,41.639977,-71.643549,city_centroid
63018,CIRCLE K #2723354,"I-526, EXIT 18A & US-78",Charleston,SC,42,3.299,32.779506,-79.937069,city_centroid
63126,PWI #120,"I-10, EXIT 593",Schertz,TX,740,2.926,29.568159,-98.272214,city_centroid
63193,Shell,US-29,Warrenton,VA,60,3.257,38.7063,-77.8159,city_centroid
63211,OMAK MART,US-97 & SR-215,Omak,WA,970,4.149,48.414347,-119.527156,city_centroid
63246,Petro Stopping Center #368,"I-94, EXIT 333",Sturtevant,WI,444,3.889,42.69673,-87.903082,city_centroid
63313,MARION TRAVEL CENTER,I-55 EXIT 14,Marion,AR,435,3.199,35.2077,-90.198908,city_centroid
63330,CIRCLE K #2723678,SR-53,Rome,GA,18,3.062,34.250726,-85.146501,city_centroid
63336,ROAD RANGER #118,"I-72 & I-55, EXIT 100-A",Springfield,IL,318,3.299,39.80004,-89.649531,city_centroid
63349,FLYING J TRAVEL PLAZA #662,"I-24, EXIT 86",Oak Grove,KY,415,3.152,36.665225,-87.425514,city_centroid
63351,76 FUEL CENTER,"I-75, EXIT 76",Berea,KY,410,2.999,37.579942,-84.274919,city_centroid
63353,LOVES TRAVEL STOP #367,"I-74, EXIT 149",Le Roy,IL,280,3.389,40.346781,-88.759813,city_centroid
63376,Circle K #2746246,US-169 & SR-41,Shakopee,MN,448,3.599,44.7793,-93.519748,city_centroid
63379,Petro Stopping Center #460,"I-70, EXIT 28",Oak Grove,MO,400,3.212,38.998456,-94.139946,city_centroid
63388,CIRCLE K #2723471,"I-95, EXIT 121",Wilson,NC,205,3.199,35.727022,-77.922733,city_centroid
63391,FLYING J TRAVEL PLAZA #687,"I-80, EXIT 179",North Platte,NE,475,3.449,41.132595,-100.774631,city_centroid
63409,FLYING J TRAVEL PLAZA #693,"I-90, EXIT 48A; PEMBROKE, NY",Corfu,NY,38,3.889,42.977734,-78.392906,city_centroid
63428,FLYING J TRAVEL PLAZA #702,"I-40, EXIT 264B",Checotah,OK,560,3.699,35.435786,-95.535038,city_centroid
63442,Flying J Travel Plaza #720,"I-40, EXIT 182",Fairview,TN,460,3.186,35.975528,-87.132065,city_centroid
63455,FLYING J TRAVEL PLAZA #752,"I-81, EXIT 323",Clear Brook,VA,60,3.659,39.265461,-78.098788,city_centroid
63456,SHELL,"I-85, EXIT 61",Petersburg,VA,180,3.201,37.220001,-77.432594,city_centroid
63495,DECAUTER SHELL TRUCK STOP,"I-35, EXIT 369",Decatur,TX,637,2.916,33.235077,-97.573995,city_centroid
63498,PILOT #6955,I-40/I-85 EXIT 150,Haw River,NC,65,3.959,36.055085,-79.334557,city_centroid
63500,SPEEDWAY #8723,"I-75, EXIT 144B",Bridgeport,MI,342,3.249,43.355309,-83.854906,city_centroid
63501,LOVES TRAVEL STOP #407,I-81 EXIT 52B OR I-76 EXIT 226,Carlisle,PA,70,4.099,40.203877,-77.199526,city_centroid
63502,FLYING J TRAVEL PLAZA #704,I-35 & 122ND ST,Edmond,OK,483,3.306,35.68,-97.53,city_centroid
63506,KWIK TRIP #342,"I-39, EXIT 159",Stevens Point,WI,395,3.559,44.521221,-89.558764,city_centroid
63509,PILOT #4557,"I-85, EXIT 166",Carnesville,GA,16,3.172,34.394723,-83.279209,city_centroid
63510,PILOT #4584,"I-95, EXIT 181",Latta,SC,63,3.349,34.339829,-79.441704,city_centroid
63511,PILOT #4576,"I-95, EXIT 82",Saint George,SC,42,3.519,33.184532,-80.573246,city_centroid
63512,SPEEDWAY #7929,"I-40, EXIT 208",Colfax,NC,65,2.854,36.100272,-80.010276,city_centroid
63516,SHEETZ #701,"I-81, EXIT 273",Mount Jackson,VA,60,2.874,38.768819,-78.676655,city_centroid
63517,TA LINCOLN TRAVEL CENTER,"I-20, EXIT 168 & SR-77",Lincoln,AL,615,3.084,33.605913,-86.111152,city_centroid
63519,PILOT TRAVEL CENTERS #243,"I-64, EXIT 45 & SR-25",Nitro,WV,44,3.626,38.419323,-81.829311,city_centroid
63522,Pilot Travel Centers #411,"I-40, EXIT 238 & US-231",Lebanon,TN,460,3.246,36.209792,-86.302367,city_centroid
63523,PILOT TRAVEL CENTER #441,"I-65, EXIT 334",Decatur,AL,615,3.859,34.589599,-86.98868,city_centroid
63524,PILOT TRAVEL CENTER #416,"I-75/SR-401, EXIT 101",Cordele,GA,10,3.286,31.963333,-83.7825,city_centroid
63530,BIG EASY TRAVEL PLAZA,"I-10, EXIT 239-B",New Orleans,LA,725,3.799,29.960484,-90.075301,city_centroid
63532,FUELSMART,SR-165,Muskogee,OK,560,3.252,35.730661,-95.375491,city_centroid
63533,FLYING J TRAVEL PLAZA #638,"I-84, EXIT 29",Caldwell,ID,785,3.787,43.662719,-116.700038,city_centroid
63538,SUAMICO CITGO,"US-41/US-141, EXIT 176 & CR-B",Suamico,WI,360,3.269,44.631944,-88.039167,city_centroid
63540,GAS N GO,"I-75, EXIT 149",Byron,GA,85,3.172,32.647384,-83.762244,city_centroid
63545,LOVES TRAVEL STOP #397,"I-85, EXIT 104",Blacksburg,SC,210,3.419,35.115047,-81.508004,city_centroid
63546,CITGO QUIK MART,SR/15 & SR-68,Tennille,GA,85,3.466,32.9063,-82.840024,city_centroid
63563,PILOT TRAVEL CENTERS #209,"I-10, EXIT 140",Van Horn,TX,640,3.659,31.042879,-104.832249,city_centroid
63564,PILOT TRAVEL CENTERS #213,"I-70, EXIT 94 (WILSON ROAD)",Columbus,OH,315,3.509,40.105155,-83.010069,city_centroid
63565,LOVES TRAVEL STOP #296,"I-8, EXIT 115 & SR-85",Gila Bend,AZ,930,3.889,32.93059,-112.746832,city_centroid
63566,PORT ALLEN TRUCKSTOP,"I-10, EXIT 151 & SR-415",Port Allen,LA,600,3.259,30.471983,-91.254088,city_centroid
63568,FLYING J TRAVEL PLAZA #658,"I-35, EXIT 127",Emporia,KS,336,3.252,38.418405,-96.187145,city_centroid
63569,Flying J Dealer #893,"I-80, EXIT 40 (US-59)",Avoca,IA,319,3.659,41.476834,-95.350872,city_centroid
63570,PILOT TRAVEL CENTERS #287,"I-71, EXIT 204 & SR-83",Burbank,OH,305,3.699,40.963725,-81.995753,city_centroid
63571,Palace Truckstop,"I-10, EXIT 246 & I-510, EXIT 2C",New Orleans,LA,725,3.299,29.960484,-90.075301,city_centroid
63572,PILOT TRAVEL CENTER #211,"I-40, EXIT 9 & SR-95",Lake Havasu City,AZ,910,3.849,34.492879,-114.308083,city_centroid
63574,PILOT TRAVEL CENTERS #232,"I-84, EXIT 376A",Ontario,OR,982,3.699,44.04156,-116.978268,city_centroid
63575,OKEMAH TRAVEL CENTER,"I-40, EXIT 221 (ST 27)",Okemah,OK,483,2.879,35.447516,-96.306788,city_centroid
63577,PILOT TRAVEL CENTERS #236,"I-80, EXIT 122",Minooka,IL,290,3.799,41.461516,-88.278596,city_centroid
63579,301 PLAZA,US-301 & SR-299,Middletown,DE,243,3.239,39.481535,-75.683183,city_centroid
63580,FLYING J TRAVEL PLAZA #637,"I-380, EXIT 68",Evansdale,IA,565,3.779,42.475453,-92.281158,city_centroid
63581,CASEYS #4453,"I-75, EXIT 120",Lexington,KY,410,3.224,38.017394,-84.485423,city_centroid
63582,T BONE TRUCK STOP,US-30,Columbus,NE,313,3.099,41.437225,-97.356469,city_centroid
63583,CUBBYS #110,"I-80, EXIT 353",Columbus,NE,313,3.179,41.437225,-97.356469,city_centroid
63584,PILOT TRAVEL CENTER #417,"I-20, EXIT 19",Temple,GA,18,3.389,33.767687,-85.013315,city_centroid
63586,LOVES TRAVEL STOP #295,US-412 & US-69,Chouteau,OK,560,3.291,36.166924,-95.341574,city_centroid
63587,24/7 TRAVEL PLAZA,"I-135, EXIT 92",Salina,KS,523,2.974,38.823802,-97.608787,city_centroid
63588,KWIK TRIP #686,"I-94, EXIT 333/US-41 & SR-20",Sturtevant,WI,444,3.769,42.69673,-87.903082,city_centroid
63594,PILOT TRAVEL CENTERS #49,"I-24, EXIT 89",Oak Grove,KY,415,3.152,36.665225,-87.425514,city_centroid
63595,SPEEDWAY #5236,"I-75, EXIT 122",Lima,OH,411,3.256,40.675926,-84.144049,city_centroid
63596,PILOT TRAVEL CENTERS #442,"I-55, EXIT 19",Hayti,MO,275,3.256,36.239475,-89.751607,city_centroid
63597,PILOT TRAVEL CENTERS #163,"I-10, EXIT 24",Lordsburg,NM,640,3.439,32.314032,-108.754657,city_centroid
63598,PILOT TRAVEL CENTERS #164,"I-90/I-94, EXIT 69 & SR-82",Mauston,WI,420,3.299,43.793383,-90.064085,city_centroid
63599,PWI #978,"I-215, EXIT 21",Salt Lake City,UT,835,3.359,40.755851,-111.896657,city_centroid
63600,PILOT TRAVEL CENTERS #77,"I-55 /I-20, EXIT 45",Jackson,MS,760,3.149,32.2999,-90.1843,city_centroid
63601,PILOT TRAVEL CENTERS #206,"I-20, EXIT 406",Weatherford,TX,630,3.209,32.8435,-97.7047,city_centroid
63602,LOVES TRAVEL STOP #285,I-40 EXIT 277,Santa Rosa,NM,580,3.474,34.933276,-104.682155,city_centroid
63603,LOVES TRAVEL STOP #290,US-59/US-69/S LOOP 287 & FM-841,Lufkin,TX,610,3.649,31.336004,-94.734185,city_centroid
63604,7-ELEVEN #40363,US-17/SR-15 & SR-100,Palatka,FL,75,3.364,29.657748,-81.659452,city_centroid
63605,FLYING J TRAVEL PLAZA #663,"I-64, EXIT 43 & SR-395",Waddy,KY,415,3.759,38.105445,-85.12883,city_centroid
63606,FLYING J TRAVEL PLAZA #652,"I-65/US-52, EXIT 139 & SR-39",Lebanon,IN,375,3.641,40.044894,-86.464074,city_centroid
63607,ROAD RANGER #209,"I-90/94,  EXIT 48",Oakdale,WI,420,3.234,43.959722,-90.381667,city_centroid
63608,ROAD RANGER #206,US-20,Winnebago,IL,520,3.219,42.272723,-89.237316,city_centroid
63609,ROAD RANGER #203,US-20 & SR-2,Rockford,IL,520,3.219,42.292233,-89.116118,city_centroid
63612,FLYING J TRAVEL PLAZA #622,"I-95/SR-9, EXIT 131 & SR-68 & SR-713",Fort Pierce,FL,95,3.499,27.438233,-80.443963,city_centroid
63613,FLYING J TRAVEL PLAZA #690,"I-10/US-70, EXIT 24",Lordsburg,NM,640,3.439,32.314032,-108.754657,city_centroid
63614,PILOT TRAVEL CENTERS #446,"I-69, EXIT 234",Daleville,IN,457,3.514,40.125738,-85.511016,city_centroid
63615,One9 #1413,"I-81, EXIT 101",Dublin,VA,185,3.242,37.098879,-80.669696,city_centroid
63616,SPEEDWAY #8876,"US-23, EXIT 50",Whitmore Lake,MI,342,3.499,42.428904,-83.78282,city_centroid
63619,PILOT TRAVEL CENTERS #428,"I-20, EXIT 112",West Monroe,LA,760,3.206,32.531726,-92.175971,city_centroid
63620,LOVES TRAVEL STOP #420,"I-20, EXIT 47",Flowood,MS,620,3.149,32.3165,-90.1105,city_centroid
63621,FUEL CITY FRIENDLYS,"I-35E, EXIT 435",Dallas,TX,630,2.966,32.790439,-96.80439,city_centroid
63623,PILOT TRAVEL CENTERS #90,"I-95/SR-9, EXIT 129 & SR-91, EXIT 152 & SR-70",Fort Pierce,FL,95,3.459,27.438233,-80.443963,city_centroid
63624,FROG CITY TRAVEL PLAZA,"I-10, EXIT 87",Rayne,LA,690,3.366,30.204508,-92.248592,city_centroid
63625,FLYING J TRAVEL PLAZA #688,"I-295, DEEP WATER STREET",Penns Grove,NJ,243,3.989,39.717938,-75.465623,city_centroid
63627,PILOT TRAVEL CENTERS #174,I-78 & SR-15,New Albany,MS,435,3.859,34.485051,-89.003058,city_centroid
63628,PILOT TRAVEL CENTER #75,"I-65, EXIT 19 & US-43/SR-13",Satsuma,AL,715,3.195,30.851628,-88.053312,city_centroid
63629,SPEEDWAY #4523,"I-94, EXIT 88",Osseo,WI,448,3.546,44.559923,-91.219148,city_centroid
63630,TA DENVER EAST TRAVEL CENTER,"I-70 & I-270, EXIT 278",Commerce City,CO,800,3.376,39.825875,-104.911349,city_centroid
63635,SAPP BROS TRAVEL CENTER,"I-70, EXIT 295",Junction City,KS,523,3.709,39.029913,-96.839553,city_centroid
63636,PILOT TRAVEL CENTER #279,"I-19, EXIT 12 & SR-289",Rio Rico,AZ,980,3.614,31.4851,-110.9898,city_centroid
63637,PILOT TRAVEL CENTERS #454,"I-70, EXIT 79",London,OH,315,3.509,39.900074,-83.443899,city_centroid
63639,PILOT TRAVEL CENTERS #444,"I-70, EXIT 23",Brazil,IN,375,3.939,39.521041,-87.127767,city_centroid
63640,SUPER EXPRESS STOP,"I-64, EXIT 113",Mount Sterling,KY,410,3.859,38.054822,-83.938774,city_centroid
63641,FLYING J TRAVEL PLAZA #625,"I-4/SR-400, EXIT 10 & SR-579",Seffner,FL,225,3.442,27.983333,-82.275833,city_centroid
63642,COLTS QUICK DRAW,"I-40, EXIT 125 & US-65/SR-25",Greenbrier,AR,695,3.307,35.229547,-92.357792,city_centroid
63648,CIRCLE K #2723333,"I-75, EXIT 216",Mcdonough,GA,67,3.209,33.450556,-84.158333,city_centroid
63649,ONE TRIP,US-84,Homerville,GA,10,3.442,31.044991,-82.743103,city_centroid
63651,CIRCLE K #2723346,US-29/S8,Athens,GA,16,3.399,33.976097,-83.363174,city_centroid
63652,CASEYS #3292,"I-380, EXIT 43 & US-20",Independence,IA,380,3.599,42.46744,-91.880343,city_centroid
63653,FLYING J TRAVEL PLAZA #760,US-30 & SR-232,Cokeville,WY,835,3.899,42.057983,-110.916419,city_centroid
63661,FLYING J TRAVEL PLAZA #677,"US-78, EXIT 6",Olive Branch,MS,435,3.286,34.94414,-89.854427,city_centroid
63662,PILOT TRAVEL CENTERS #267,"I-75, EXIT 146",Byron,GA,85,3.366,32.647384,-83.762244,city_centroid
63667,CIRCLE K #2723875,SR-41/SR-45,Jamestown,SC,42,2.974,33.228797,-79.715551,city_centroid
63668,PILOT #4579,"I-26, EXIT 139",Saint Matthews,SC,135,3.509,33.694212,-80.856286,city_centroid
63669,One9 #1248,"I-45, EXIT 271",Wilmer,TX,630,2.756,32.598133,-96.68376,city_centroid
63671,WESTERN TRAVEL TERMINAL,US-26 & US-85,Torrington,WY,795,3.399,42.062377,-104.191662,city_centroid
63676,CORNER EXPRESS,ST 55,Wellston,MI,456,3.499,44.213266,-85.955475,city_centroid
63680,ALLTOWN MARKETS-FLYING J #896,I-93 EXIT 11 & SR 3A,Bow,NH,39,4.099,43.138788,-71.544814,city_centroid
63685,RIVER HEIGHTS GROCERY,US-64/SR-69/SR-15,Crump,TN,435,3.099,35.221641,-88.335641,city_centroid
63690,LOVES TRAVEL STOP #277,"I-30, EXIT 46",Prescott,AR,635,3.476,33.804029,-93.372544,city_centroid
63691,JIMMIES AUTO TRUCK PLAZA,"I-10, EXIT 262",Lee,FL,20,3.847,30.397863,-83.284392,city_centroid
63694,PILOT TRAVEL CENTERS #261,"I-55, EXIT 186",Winona,MS,576,3.499,33.485753,-89.727655,city_centroid
63695,FLYING J TRAVEL PLAZA #634,"I-20/SR-402, EXIT 19 & SR-113",Temple,GA,18,3.419,33.767687,-85.013315,city_centroid
63697,MILLER MART #40,"I-64, EXIT 255B",Newport News,VA,130,3.306,37.057951,-76.460722,city_centroid
63699,DEWITT TRAVEL MART,"US-30, EXIT 313",De Witt,IA,270,3.599,41.826726,-90.523735,city_centroid
63700,WIXOM FUEL STOP,"I-96, EXIT 159",Wixom,MI,325,3.999,42.534037,-83.528486,city_centroid
63701,FLYING J TRAVEL PLAZA #742,"I-80, EXIT 98/99",Tooele,UT,835,3.759,40.545445,-112.300214,city_centroid
63702,QUICK FUEL #2501,"I-264, EXIT 14",Louisville,KY,415,3.082,38.2435,-85.7639,city_centroid
63703,QUICK FUEL #2303,"I-71, EXIT 104/FRANK RD EXIT",Columbus,OH,315,3.566,40.105155,-83.010069,city_centroid
63704,QUICK FUEL #2301,"I-275, EXIT 44",Cincinnati,OH,300,3.239,39.1063,-84.5356,city_centroid
63706,QUICK FUEL #1003,"I-41/US-45, EXIT 45 & CR-EE",Milwaukee,WI,444,3.426,43.0343,-87.9151,city_centroid
63715,FLYING J TRAVEL PLAZA #772,"I-215, EXIT 28",North Salt Lake,UT,835,3.732,40.844064,-111.904116,city_centroid
63716,EXPRESS LANE #34,"I-39, EXIT 115",Rockford,IL,520,3.549,42.292233,-89.116118,city_centroid
63718,ROAD RANGER #210,"I-39/US-51, EXIT 99 & SR-38",Rochelle,IL,520,3.699,41.928156,-89.071035,city_centroid
63720,FLYING J TRAVEL PLAZA #611,"I-10, EXIT 137",Phoenix,AZ,930,3.589,33.451,-112.0685,city_centroid
63721,ROAD RUNNER TRAVEL CENTER,I-69E/US-77 & CR-892,Robstown,TX,625,3.349,27.798395,-97.699523,city_centroid
63722,LOVES TRAVEL STOP #240,"I-10, EXIT 151 & SR-415",Port Allen,LA,600,3.232,30.471983,-91.254088,city_centroid
63724,LOVES TRAVEL STOP #244,"I-40, EXIT 87 & US-70/US-412",Jackson,TN,435,3.497,35.610222,-88.814011,city_centroid
63725,TA CARTERSVILLE TRAVEL CENTER,"I-75, EXIT 296",Cartersville,GA,18,3.599,34.186975,-84.820401,city_centroid
63726,FLYING J TRAVEL PLAZA #706,"I-44 & I-244, EXIT 236",Tulsa,OK,560,3.366,36.1504,-95.9953,city_centroid
63727,LOVES TRAVEL STOP #403,"I-81, EXIT 3",Binghamton,NY,32,3.679,42.146307,-75.886517,city_centroid
63728,PILOT TRAVEL CENTER #43,"I-80, EXIT 284",Walcott,IA,270,3.859,41.645309,-90.725603,city_centroid
63729,PILOT TRAVEL CENTERS #147,"I-80, EXIT 410",West Wendover,NV,835,3.709,40.735,-114.075278,city_centroid
63730,PILOT TRAVEL CENTERS #309,"I-77, EXIT 25",Caldwell,OH,430,3.652,39.746651,-81.51528,city_centroid
63731,LOVES TRAVEL STOP #243,"I-10, EXIT 43 & SR-383",Iowa,LA,690,3.587,30.221937,-93.02586,city_centroid
63732,LOVES TRAVEL STOP #265,"I-10, EXIT 200",Eloy,AZ,930,3.434,32.750929,-111.583275,city_centroid
63734,CIRCLE K #2723472,US-70 & SR-58,Kinston,NC,63,3.319,35.278333,-77.585969,city_centroid
63736,PLATEAU TRUCK AND AUTO CENTER,"I-10, EXIT 159",Van Horn,TX,640,3.099,31.042879,-104.832249,city_centroid
63737,I 10 DUSON TRUCK STOP,"I-10, AUSTRIA ROAD",Duson,LA,730,3.411,30.191216,-92.152455,city_centroid
63738,U STOP 33,US-77,Beatrice,NE,413,3.399,40.270509,-96.743494,city_centroid
63740,CIRCLE K #2723478,US-29,Blairs,VA,185,3.439,36.667408,-79.378869,city_centroid
63741,SHELL,"I-295, EXIT 15",Chester,VA,180,3.202,37.342934,-77.41557,city_centroid
63743,PILOT TRAVEL CENTERS #370,"I-81, EXIT 175",Pittston,PA,200,4.176,41.317501,-75.788492,city_centroid
63744,PILOT TRAVEL CENTERS #439,"I-24, EXIT 86",Oak Grove,KY,415,3.152,36.665225,-87.425514,city_centroid
63745,PILOT TRAVEL CENTER #447,"I-64, EXIT 25",Haubstadt,IN,340,3.959,38.189536,-87.579827,city_centroid
63746,PILOT TRAVEL CENTERS #453,"I-85, EXIT 90",Gaffney,SC,210,3.429,35.061508,-81.649061,city_centroid
63747,PILOT TRAVEL CENTERS #440,"I-71, EXIT 28",Pendleton,KY,415,3.759,38.480918,-85.317019,city_centroid
63751,PETRO STOPPING CENTER #328,"I-20 & I-55, EXIT 45",Jackson,MS,620,3.109,32.2999,-90.1843,city_centroid
63752,MR FUEL #732,"I-80, EXIT 226",Girard,OH,573,3.239,41.161136,-80.693305,city_centroid
63753,PILOT TRAVEL CENTER #4558,"I-75, EXIT 318",Calhoun,GA,285,3.286,34.496456,-84.934545,city_centroid
63754,U SAVE TRAVEL PLAZA,US-19 & SR-129,Mount Nebo,WV,44,3.599,38.197064,-80.820204,city_centroid
63755,PILOT TRAVEL CENTERS #196,"I-40, EXIT 325 & US-64",Roland,OK,645,3.739,35.453811,-94.529085,city_centroid
63756,PILOT TRAVEL CENTERS #144,"I-20, EXIT 200",Augusta,GA,135,3.859,33.460084,-81.972959,city_centroid
63759,BUFFALO RANCH,US/69/US-60 & US-59,Afton,OK,560,3.099,36.630072,-94.907491,city_centroid
63760,CASH MAGIC CITGO HOUMA,I-57,Houma,LA,725,3.566,29.59433,-90.754808,city_centroid
63761,7Fleet #46589,"I-94/US-52, EXIT 205 & SR-241",Saint Michael,MN,448,3.309,45.206409,-93.659253,city_centroid
63762,MINIT MART #600643,"I-57, EXIT 322",Manteno,IL,290,3.249,41.251439,-87.846761,city_centroid
63763,Flying J Travel Plaza #644,"I-80, EXIT 77 & SR-351",La Salle,IL,290,3.299,41.344221,-89.095468,city_centroid
63764,LOVES TRAVEL STOP #288,"I-45, EXIT 198 & US-84",Fairfield,TX,765,3.429,31.736136,-96.157176,city_centroid
63766,PILOT TRAVEL CENTERS #26,"US-23, EXIT 5 & US-223",Ottawa Lake,MI,325,3.579,41.768276,-83.685559,city_centroid
63767,HOP-IN FOOD STORES,I-27 & FM-1729,New Deal,TX,700,2.926,33.737222,-101.836111,city_centroid
63768,PILOT TRAVEL CENTERS #443,"I-70, EXIT 49",Higginsville,MO,400,3.236,39.070504,-93.713265,city_centroid
63770,FLYING J TRAVEL PLAZA #694,"I-90, EXIT 223",Austinburg,OH,305,3.859,41.75536,-80.858422,city_centroid
63771,FLYING J FUEL STOP #572,"I-35, EXIT 144",Williams,IA,433,3.699,42.461376,-93.56774,city_centroid
63773,QUIKTRIP #179,ST 152,Liberty,MO,400,2.999,39.241916,-94.433664,city_centroid
63774,PILOT TRAVEL CENTERS #150,"I-70, EXIT 24 &SR-63",Hagerstown,MD,22,3.959,39.632022,-77.737215,city_centroid
63775,FLYING J #646,"I-90/39, EXIT 1 & US-51 & SR-75",South Beloit,IL,290,3.799,42.483672,-89.029791,city_centroid
63776,KWIK TRIP #334,US-169/SR-60,Mankato,MN,425,3.549,44.177541,-94.031476,city_centroid
63777,KWIK TRIP #403,"I-35, EXIT 45",Owatonna,MN,425,3.499,44.080478,-93.21914,city_centroid
63778,KWIK TRIP #662,SR-55/SR-149,Saint Paul,MN,451,3.629,45.061132,-92.954847,city_centroid
63781,Pilot Travel Centers #8,US-23 & PITTSBURG RD,Circleville,OH,315,3.799,39.598836,-82.929966,city_centroid
63782,FUEL EXPRESSO #11,"I-35, EXIT 155",Lebo,KS,400,3.172,38.416085,-95.822174,city_centroid
63787,LOVES TRAVEL STOP #402,"I-10, EXIT 44",Biloxi,MS,715,3.449,30.403478,-88.897143,city_centroid
63789,PILOT TRAVEL CENTERS #448,"I-65, EXIT 240",Hebron,IN,365,3.354,41.315537,-87.208791,city_centroid
63790,PILOT TRAVEL CENTERS #412,"I-81, EXIT 4",White Pine,TN,405,3.699,36.090299,-83.287921,city_centroid
63791,PILOT TRAVEL CENTERS #432,"I-35, EXIT 328",Waco,TX,765,3.221,31.552452,-97.139608,city_centroid
63792,PILOT TRAVEL CENTERS #424,"I-75, EXIT 358",Ocala,FL,140,3.359,29.1981,-82.0974,city_centroid
63793,HUTCH'S #113,US-183 & US-270/SR-15,Woodward,OK,483,2.999,36.426784,-99.402016,city_centroid
63794,PILOT TRAVEL CENTERS #157,"I-30, EXIT 122",Sulphur Springs,TX,723,3.309,33.134541,-95.592161,city_centroid
63795,LOVES COUNTRY STORE #022,US-412,Clayton,NM,585,3.414,36.441378,-103.188823,city_centroid
63796,PETRO STOPPING CENTER #329,"I-40/I-85, EXIT 157",Mebane,NC,65,3.999,36.097862,-79.271895,city_centroid
63798,PETRO GLADE SPRING #372,"I-81, EXIT 29",Glade Spring,VA,405,3.587,36.7779,-81.767639,city_centroid
63799,LOVES TRAVEL STOP #204,US-69 BUS & US-69,Eufaula,OK,560,3.689,35.29114,-95.647227,city_centroid
63800,PILOT TRAVEL CENTER #255,"I-95, EXIT 40",Milford,CT,73,4.299,41.217466,-73.054948,city_centroid
63801,PILOT #1126,"I-435, EXIT 55 & SR-210",Kansas City,MO,400,3.382,39.213876,-94.63318,city_centroid
63802,CARTERS TRAVEL CENTER,"I-40, EXIT 201N",Flagstaff,AZ,930,3.689,35.185911,-111.661979,city_centroid
63803,KOUNTRY XPRESS,"I-40, EXIT 20",Mulberry,AR,645,3.272,35.517246,-93.988505,city_centroid
63805,TEX-BEST #519,US-281 & US-281 BUS & CR-1930,Alice,TX,625,2.899,27.743171,-98.083622,city_centroid
63812,PETRO STOPPING CENTER #330,"I-65, EXIT 86",Glendale,KY,415,3.599,37.603398,-85.892101,city_centroid
63813,TA SAN ANTONIO TRAVELCENTER,"I-10 & FOSTER RD, EXIT 583",San Antonio,TX,740,3.207,29.644226,-98.312774,city_centroid
63828,CIRCLE K #2723654,US-431,Boaz,AL,587,3.519,34.173686,-86.148003,city_centroid
63829,CALERA CHEVRON,SR-25,Calera,AL,615,3.199,33.1098,-86.755987,city_centroid
63836,Double Bees #109,"I-40, EXIT 183",Carlisle,AR,695,3.139,34.793291,-91.745929,city_centroid
63841,MAGNOLIA TRAVEL CENTER,US-82 & US-371,Magnolia,AR,635,3.599,33.264678,-93.239153,city_centroid
63846,71 EXPRESS,US-71,Mansfield,AR,645,3.332,35.0432,-94.22036,city_centroid
63848,CIRCLE K #2706345,"I-30, EXIT 2",Texarkana,AR,723,3.479,33.441667,-94.0375,city_centroid
63850,PILOT TRAVEL CENTER #180,"I-40, EXIT 185",Bellemont,AZ,930,3.609,35.238056,-111.832778,city_centroid
63854,E-Z MART #4437,US-71,Boles,AR,645,3.299,34.765363,-94.062864,city_centroid
63855,LOVES TRAVEL STOP #460,"I-10, EXIT 302",Benson,AZ,980,3.279,31.98826,-110.294113,city_centroid
63856,PILOT TRAVEL CENTER #1175,"I-17, EXIT 262 & SR-69",Mayer,AZ,930,3.692,34.365535,-112.129551,city_centroid
63870,CIRCLE K #2744074,"I-270/US-36, EXIT 4",Commerce City,CO,800,3.456,39.825875,-104.911349,city_centroid
63871,Alta Convenience Store #6317,"I-70, EXIT 19",Fruita,CO,810,3.399,39.163656,-108.721757,city_centroid
63876,Mobil,"FL TURNPIKE,  EXIT 244",Kissimmee,FL,225,3.449,28.124786,-81.458984,city_centroid
63887,QUIKTRIP #757,"I-79/SR-401, EXIT 306 & SR-140",Adairsville,GA,193,2.887,34.359527,-84.917634,city_centroid
63893,QUICK FUEL #2204,"I-285, EXIT 58/SR-407 & I-75, EXIT 237/SR-401",Atlanta,GA,18,3.276,33.7564,-84.3918,city_centroid
63894,CIRCLE K #2723653,"I-75, EXIT 124",Cartersville,GA,193,3.224,34.186975,-84.820401,city_centroid
63895,KWIK SERV #17,"I-75, EXIT 136",Chatsworth,GA,193,3.499,34.758929,-84.794293,city_centroid
63904,SUNOCO,"I-95, EXIT 19",Savannah,GA,195,3.632,32.067631,-81.102394,city_centroid
63907,QUIKTRIP #737,"I-85, EXIT 137",Jefferson,GA,16,3.119,34.106197,-83.570813,city_centroid
63909,GAS2GO,"I-95, EXIT 6",Kingsland,GA,75,3.109,30.797681,-81.707483,city_centroid
63910,OGMULGEE CHEVRON #419,"I-16, EXIT 6",Macon,GA,85,3.399,32.84386,-83.598686,city_centroid
63912,PILOT #4562,"I-95, EXIT 1",Kingsland,GA,75,3.559,30.797681,-81.707483,city_centroid
63914,CIRCLE M #12,US-23/SR-365 & SR-52,Lula,GA,18,3.539,34.398513,-83.694459,city_centroid
63915,HIGHWAY 80 CHEVRON,"I-185, EXIT 7",Midland,GA,50,3.399,32.561587,-84.855851,city_centroid
63922,THOMASVILLE TRAVEL CENTER,US-84 & SR-3,Thomasville,GA,20,3.181,30.8665,-83.9233,city_centroid
63925,PILOT TRAVEL CENTER #4561,"I-75, EXIT 11",Valdosta,GA,20,3.286,30.810578,-83.277166,city_centroid
63931,LOVES TRAVEL STOP #371,"I-95, EXIT 190",Dillon,SC,46,3.331,34.414553,-79.377015,city_centroid
63937,CUBBYS #305,"I-29, EXIT 10 & SR-2",Percival,IA,319,3.694,40.740148,-95.809307,city_centroid
63938,CUBBYS #301,US-34 & SR-48,Red Oak,IA,319,3.399,41.007949,-95.226924,city_centroid
63942,Discount Zone,"I-10, EXIT CLEARVIEW",New Orleans,LA,725,3.279,29.960484,-90.075301,city_centroid
63946,MINIT MART #600644,"I-80, EXIT 134",Joliet,IL,399,3.599,41.527154,-88.08241,city_centroid
63955,ROAD RANGER #266,"I-72, EXIT 82 & CR-10",New Berlin,IL,280,3.439,39.736048,-89.905721,city_centroid
63957,SUNMART FOOD STORE,SR-37,Bloomington,IN,375,3.499,39.140057,-86.508262,city_centroid
63959,SPEEDWAY #1429,SR-59 & SR-56,Warrenville,IL,293,3.499,41.828046,-88.19213,city_centroid
63960,BUTLER ONE STOP,"I-69, EXIT 329",Butler,IN,370,3.519,41.42873,-84.878716,city_centroid
63962,7-ELEVEN #40505,"I-80, EXIT 90",Elkhart,IN,465,4.116,41.710083,-85.972949,city_centroid
63964,LOVES TRAVEL STOP #242,"I-35 & FISHER RD, EXIT 144",Von Ormy,TX,740,3.167,29.274979,-98.667741,city_centroid
63965,GOOD TO GO #11,"I-65, EXIT 158",Frankfort,IN,375,3.549,40.288404,-86.511387,city_centroid
63966,PHILS ONE STOP,"I-69, EXIT 309B",Fort Wayne,IN,370,3.676,41.0716,-85.1367,city_centroid
63972,7-ELEVEN #40506,"I-80/I-90, MM 125 WB",Howe,IN,465,3.899,41.728594,-85.472746,city_centroid
63977,CAREFREE FOOD MART,"I-64, EXIT 92",Leavenworth,IN,415,3.499,38.194244,-86.359862,city_centroid
63978,Gallops,"I-80, EXIT 107",Middlebury,IN,370,3.549,41.675415,-85.711443,city_centroid
63979,Jaks Oil,US-90,Broussard,LA,730,3.049,30.12189,-91.950171,city_centroid
63988,Petes #47,US-400/SR-47,Fredonia,KS,307,3.299,37.525622,-95.822898,city_centroid
63990,TREX MART #4,"I-229/US-59, EXIT 4B & US-36",Wathena,KS,400,2.999,39.762505,-94.92546,city_centroid
63992,SANDRAS QUICK STOP,US-169 & US-59,Garnett,KS,485,3.319,38.285907,-95.259368,city_centroid
63994,U STOP #38,I-70 EXIT 298,Junction City,KS,553,3.356,39.029913,-96.839553,city_centroid
63997,LEON GROCERY,US-400,Leon,KS,336,3.399,37.681268,-96.752634,city_centroid
64001,PETES #53,US-400 & SR-99 & CR-939,Severy,KS,336,3.249,37.64985,-96.229777,city_centroid
64002,SPEEDWAY #9567,"I-65, EXIT 105",Lebanon Junction,KY,415,3.166,37.851054,-85.724641,city_centroid
64003,HUCKS Food & Fuel #305,SR-9001 & WKY PKWY SERVICE AREA,Beaver Dam,KY,460,3.599,37.386958,-86.872932,city_centroid
64016,SHELL,US-231 & SR-1468,Morgantown,KY,487,3.799,37.19102,-86.703726,city_centroid
64020,LEEBOS # 9,"I-49, EXIT 90",Alexandria,LA,730,3.216,31.288519,-92.463349,city_centroid
64021,CM AMITE,SR-16,Amite,LA,600,3.399,30.718208,-90.570493,city_centroid
64028,DELCAMBRE FUEL DEPOT,SR-14 & SR-89,Delcambre,LA,730,2.999,29.947414,-91.988938,city_centroid
64029,SUNSHINE SUPER STOP TRUCKS,"I-10, EXIT 182",Convent,LA,600,3.399,30.055251,-90.864988,city_centroid
64030,STATE OIL,SR-23,Belle Chasse,LA,725,3.432,29.834514,-90.004177,city_centroid
64034,BOONES CHEVRON,SR-317,Franklin,LA,623,3.899,29.785656,-91.502643,city_centroid
64036,CM PROSPECT STATION,SR-3087 & SR-660,Houma,LA,725,3.599,29.59433,-90.754808,city_centroid
64040,PILOT #1051,"I-10, EXIT 43 & SR-383",Iowa,LA,690,3.599,30.221937,-93.02586,city_centroid
64042,LA PLACE TRAVEL CENTER,"I-10, EXIT 209 & I-55, EXIT 1",La Place,LA,725,3.259,30.077718,-90.489544,city_centroid
64043,COUNTRY AUTO TRUCK STOP,"I-49, EXIT 177 & SR-509",Mansfield,LA,766,3.259,32.023863,-93.698045,city_centroid
64044,DISCOUNT ZONE,"I-510, EXIT 240",New Orleans,LA,725,3.149,29.960484,-90.075301,city_centroid
64045,SILVERS TRAVEL PLAZA - Port Allen,US-190/SR-1,Port Allen,LA,730,3.332,30.471983,-91.254088,city_centroid
64047,LUCKY LOUIES TRUCK STOP,US-190,Port Allen,LA,600,3.066,30.471983,-91.254088,city_centroid
64048,Pilot #1439,"I-10, Exit 151",Port Allen,LA,600,3.216,30.471983,-91.254088,city_centroid
64049,Cash Magic CITGO LAROSE,SR-308,Larose,LA,725,3.399,29.572222,-90.381667,city_centroid
64050,WESTWOOD TRUCK PLAZA,US-90 BUS,Marrero,LA,725,3.279,29.859756,-90.110462,city_centroid
64058,DELTA TOWN TRUCK STOP,"I-10, EXIT 4",Vinton,LA,690,2.799,30.201523,-93.572808,city_centroid
64059,CM SPRINGHILL,"I-20, EXIT 44",Springhill,LA,745,3.399,33.00054,-93.459563,city_centroid
64060,CM VIVIAN,SR-1 & SR-2,Vivian,LA,745,3.266,32.866844,-93.987312,city_centroid
64062,XTRA MART #10098,SR-146A,Uxbridge,MA,175,3.649,42.074426,-71.632869,city_centroid
64063,Mobil,US-20 & SR-56,North Oxford,MA,175,3.582,42.16549,-71.885953,city_centroid
64069,301 BP,US-301/SR-5,Brandywine,MD,22,3.259,38.692203,-76.832033,city_centroid
64072,EZ MART #110,US-127 & US-127 BUS/SR-46,Alma,MI,260,3.649,43.380877,-84.663484,city_centroid
64082,SPEEDWAY #8797,SR-13,Lennon,MI,342,3.379,42.969323,-83.927908,city_centroid
64083,BIG DADDYS TRUCKSTOP,US-223 & US-23,Ottawa Lake,MI,325,3.499,41.768276,-83.685559,city_centroid
64084,RPF OIL #92 PARMA TRAVEL CENTER,"I-94, EXIT 128",Parma,MI,431,3.499,42.273879,-84.599886,city_centroid
64085,MADCO TRUCK PLAZA,"I-94, EXIT 200",Romulus,MI,325,3.399,42.220304,-83.358288,city_centroid
64087,SAHARA PETRO,"I-696, EXIT 22",Warren,MI,325,3.699,42.5159,-82.9824,city_centroid
64091,Circle K 2746398,US-10 & SR-27,Little Falls,MN,448,3.399,45.98108,-94.360428,city_centroid
64092,ONE9 #4555,"I-20/I-59, EXIT 77",Cottondale,AL,615,2.932,33.176667,-87.387051,city_centroid
64097,KWIK TRIP #937,US-12,Willmar,MN,451,3.341,45.139264,-95.052315,city_centroid
64098,BLUE LINE TRAVEL CENTER,"I-90, EXIT 45",Worthington,MN,432,3.166,43.628626,-95.605907,city_centroid
64101,D DIAMOND TRAVEL PLAZA,"I-44, EXIT 82",Fair Grove,MO,535,3.132,37.372143,-93.142824,city_centroid
64106,RAPID ROBERTS #122,SR-43,Joplin,MO,277,2.899,37.096858,-94.505144,city_centroid
64112,RAPID ROBERTS #123,"I-44, EXIT 80",Springfield,MO,535,2.899,37.2152,-93.295,city_centroid
64116,GRAND LEDGE,"I-96, EXIT 86",Grand Ledge,MI,344,3.789,42.752924,-84.737314,city_centroid
64120,HOLIDAY STATIONSTORE #2746185,US-2,Wakefield,MI,545,3.139,46.475184,-89.942446,city_centroid
64122,FLYING J TRAVEL PLAZA #691,"I-40, EXIT 333",Tucumcari,NM,585,3.899,35.168003,-103.717935,city_centroid
64124,Shell,"I-94 & I-75, EXIT 171",Saint Cloud,MN,448,3.362,45.540972,-94.181857,city_centroid
64126,CASEYS #3471,US-2 & CR-87,Cohasset,MN,333,3.449,47.269112,-93.639154,city_centroid
64132,45 TRUCKSTOP,US-45,Corinth,MS,435,3.089,34.93236,-88.543884,city_centroid
64139,4 MILE TRUCKSTOP,US-98 & HOLT RD,Lucedale,MS,715,3.399,30.866722,-88.593391,city_centroid
64153,SPEEDWAY #6972,US-70,Durham,NC,177,3.799,35.996725,-78.896613,city_centroid
64155,SPEEDWAY #8228,"I-85, EXIT 191 & SR-56",Creedmoor,NC,205,3.999,36.112433,-78.647587,city_centroid
64156,SPEEDWAY #6985,"I-40, EXIT 312 & SR-42",Garner,NC,177,3.499,35.681254,-78.597527,city_centroid
64163,FILL GOOD BP #15,US-74,Monroe,NC,46,3.399,35.017775,-80.53723,city_centroid
64167,NORTH LONDONDERRY SUNOCO,"I-93, EXIT 5",Londonderry,NH,125,3.939,42.865555,-71.37719,city_centroid
64170,LUCKY 7,"I-95, EXIT 61",Wade,NC,205,2.999,35.160559,-78.724929,city_centroid
64171,CIRCLE K #2723130,"I-40, EXIT 364",Warsaw,NC,245,2.876,34.99818,-78.086739,city_centroid
64172,CUBBYS #108,"I-80, EXIT 420 & SR-63",Greenwood,NE,319,3.399,40.97064,-96.42584,city_centroid
64173,SAPP BROS TRAVEL CENTER,"I-80, EXIT 405",Lincoln,NE,413,3.366,40.8169,-96.7103,city_centroid
64181,SUNOCO- JOYCE KILMER PLAZA #7012,"NJTP,EXIT 8A",East Brunswick,NJ,115,3.899,40.428395,-74.406381,city_centroid
64182,SUNOCO- VINCE LOMBARDI SERVICE AREA #7017,"NJ TURNPIKE, EXIT 18",Ridgefield,NJ,115,3.899,40.832568,-74.001531,city_centroid
64183,SUNOCO- THOMAS EDISON PLAZA #7013,"NJTP, EXIT 11",Woodbridge,NJ,79,3.899,40.555973,-74.284542,city_centroid
64187,SPEEDWAY #9117,"I-25, EXIT 339",Las Vegas,NM,580,3.186,35.594862,-105.227162,city_centroid
64189,CIRCLE K #2708931,"I-10, EXIT 155",Tucumcari,NM,585,3.259,35.168003,-103.717935,city_centroid
64195,DANDY MINI MART #14,"I-86, EXIT 62",Nichols,NY,32,3.439,42.031961,-76.361039,city_centroid
64201,POCO SHOP #2,"I-95, EXIT 31",Saint Pauls,NC,205,3.799,34.800962,-78.973077,city_centroid
64206,SUNOCO WOODROW WILSON PLAZA #7010,"NJTP, EXIT 7",Trenton,NJ,150,3.899,40.2169,-74.7433,city_centroid
64210,FUEL 1,"I-287, EXIT 4",South Plainfield,NJ,79,4.799,40.583884,-74.414695,city_centroid
64211,PILOT #490/WESTERN PETROLEUM,US-180,Carlsbad,NM,593,3.729,32.411867,-104.239539,city_centroid
64215,STRIPES 7FLEET #42588,US-380 & SR-206,Tatum,NM,700,3.662,33.260018,-103.314,city_centroid
64216,DANDY MINI MART #31,SR-13 & SR-224,Cayuta,NY,190,4.399,42.277445,-76.697367,city_centroid
64218,PILOT TRAVEL CENTERS #494,"I-88, EXIT 25",Schenectady,NY,12,3.999,42.8155,-73.9395,city_centroid
64221,BELL STORES #49,"I-76E, EXIT 25B",Akron,OH,249,3.499,41.044852,-81.520048,city_centroid
64223,7-ELEVEN #40295,"I-80, EXIT 170",Broadview Heights,OH,249,3.527,41.32907,-81.680879,city_centroid
64224,7-ELEVEN #40296,SR-176,Broadview Heights,OH,249,3.532,41.32907,-81.680879,city_centroid
64227,GO MART FOOD STORE #116,US-50 & SR-7,Coolville,OH,430,3.357,39.214131,-81.832867,city_centroid
64229,SPEEDWAY #9385,"I-70, EXIT 129",Hebron,OH,315,3.369,39.953464,-82.491868,city_centroid
64230,Certified Oil #400423,I-70 EXIT 126,Hebron,OH,315,3.396,39.953464,-82.491868,city_centroid
64231,7-ELEVEN #40293,"OHIO TURNPIKE EB MILEPOST 139/I-80, EXIT 139",Amherst,OH,249,3.532,41.390506,-82.228165,city_centroid
64233,74 FUEL STOP,"I-74, EXIT 3",Harrison,OH,300,3.859,39.259208,-84.78368,city_centroid
64235,PENNZMART FUEL EXPRESS,ST 100,Tiffin,OH,411,3.432,41.123822,-83.184356,city_centroid
64236,KFC TRAVELMART,SR-199,Upper Sandusky,OH,411,3.249,40.824876,-83.297711,city_centroid
64243,Caseys #4519,US-62,Altus,OK,483,3.006,34.648406,-99.320483,city_centroid
64244,CHOCTAW NATION DURANT WEST #632,US-69/US-75,Calera,OK,253,3.089,33.928872,-96.410205,city_centroid
64256,CHEROKEE TRAVEL PLAZA,"I-40, EXIT 325",Roland,OK,645,3.799,35.453811,-94.529085,city_centroid
64261,Phillips 66,US-75/SR-56,Okmulgee,OK,560,2.989,35.628805,-95.96967,city_centroid
64264,CASEYS #4594,US-81 & US-70,Waurika,OK,253,3.077,34.174466,-97.997346,city_centroid
64265,ASAP GENERAL STORE #101,"I-40, EXIT 84 & US-54",Weatherford,OK,483,3.132,35.535046,-98.699603,city_centroid
64270,PENN JERSEY DIESEL & TRAILER,"I-95, EXIT 37",Bensalem,PA,160,4.199,40.110881,-74.937753,city_centroid
64274,RUTTERS #53,"I-83, EXIT 32 & SR-382",Etters,PA,70,3.999,40.154506,-76.801861,city_centroid
64275,7-ELEVEN #40279,I-276 & US-202 (KING OF PRUSSIA SERVICE PLAZA WB),King Of Prussia,PA,160,3.884,40.095581,-75.373706,city_centroid
64282,ONVO TRAVEL PLAZA - HICKORY RUN,"I-80, EXIT 274",White Haven,PA,200,3.586,41.079049,-75.771492,city_centroid
64285,PILOT #4566,"I-85, EXIT 106",Blacksburg,SC,46,3.429,35.115047,-81.508004,city_centroid
64287,CIRCLE K #2703099,"I-20, EXIT 33",Batesburg,SC,135,3.086,33.938595,-81.548988,city_centroid
64288,PILOT #4581,"I-20, EXIT 116",Bishopville,SC,135,3.432,34.224101,-80.274988,city_centroid
64294,HOT SPOT #6004,"I-26, EXIT 28",Enoree,SC,210,3.099,34.670952,-81.92373,city_centroid
64298,CORNER MART #354,"I-26, EXIT 72",Newberry,SC,30,3.299,34.284661,-81.615741,city_centroid
64299,CIRCLE K #2720881,US-17 & SR-165,Ravenel,SC,42,3.439,32.788088,-80.222346,city_centroid
64300,CIRCLE K #2723416,"I-26, EXIT 28",Roebuck,SC,210,3.082,34.8688,-81.95255,city_centroid
64301,HILLVIEW TRUCK STOP,"I-20, EXIT 39",Leesville,SC,135,3.059,33.913169,-81.459753,city_centroid
64307,CIRCLE K #2723876,US-17 & SR-64,Round O,SC,42,3.372,32.940516,-80.573882,city_centroid
64309,CIRCLE K #2723272,"I-26, EXIT 119",West Columbia,SC,135,3.546,33.995024,-81.088836,city_centroid
64310,Palmetto Roads #308,"I-95, EXIT 77",Saint George,SC,42,3.009,33.184532,-80.573246,city_centroid
64313,CUBBYS #403,"I-29, EXIT 79",Sioux Falls,SD,530,3.066,43.6017,-96.7051,city_centroid
64314,JAKES CORNER,US-81 & SR-34,Winfred,SD,530,3.049,43.959511,-97.309266,city_centroid
64336,LOVES TRAVEL STOPS #345,I-90/I-94 EXIT 48,Tomah,WI,450,3.289,43.994833,-90.491704,city_centroid
64337,GRAVES TRUCK STOP,"I-20, EXIT 59",Carthage,TX,618,2.999,32.154379,-94.352721,city_centroid
64343,Allsup's Marketplace #2411,US-67,Hawley,TX,575,2.889,32.594965,-99.795994,city_centroid
64347,PILOT TRAVEL CENTERS #256,"US-58 & US-29, SE QUAD",Danville,VA,65,4.009,36.621789,-79.412441,city_centroid
64350,STRIPES #40811,"I-37, EXIT 55",George West,TX,625,3.016,28.320388,-98.116159,city_centroid
64352,CHEVRON #383461,"I-10, EXIT 259",Fort Stockton,TX,710,3.029,30.890785,-102.879942,city_centroid
64355,CEFCO #34,US-281 & SR-38,Hamilton,TX,765,3.029,31.678116,-98.113051,city_centroid
64360,CIRCLE K #2706983,"I-37, EXIT 36 & SR-359",Mathis,TX,625,3.019,28.080208,-97.809659,city_centroid
64374,CEFCO #2001,US-287 & FM-369,Iowa Park,TX,770,2.864,33.94235,-98.674497,city_centroid
64382,KOSSE COUNTRY STORE,SR-7 & SR-14,Kosse,TX,765,3.116,31.314704,-96.619475,city_centroid
64390,TXB #71 DBA KWIK CHEK FOOD STORES,"I-20, EXIT 136",Midland,TX,710,3.079,31.989636,-102.06261,city_centroid
64393,TEX-BEST #505,"I-35, EXIT 183",New Braunfels,TX,740,2.806,29.694733,-98.113041,city_centroid
64399,LOVES TRAVEL STOPS #247,US-287 & SR-256,Memphis,TX,585,3.789,34.712237,-100.534653,city_centroid
64406,Main Street Market,SR-84 & FM-73,Prairie Hill,TX,765,2.899,31.659097,-96.809381,city_centroid
64407,CIRCLE K #2741527,US-281,Premont,TX,625,2.999,27.354444,-98.133018,city_centroid
64408,QUIKTRIP #4058,"I-37, EXIT 125 & SR-1604",San Antonio,TX,740,2.966,29.644226,-98.312774,city_centroid
64409,LONE STAR TRAVEL CENTER,"I-35, EXIT 147",San Antonio,TX,740,3.059,29.644226,-98.312774,city_centroid
64420,Valero,US-59 & AT ST-87,Timpson,TX,766,3.059,31.884089,-94.396733,city_centroid
64421,TXB #17 DBA KWIK CHEK FOOD STORES,SR-121,Trenton,TX,630,3.299,33.423491,-96.339754,city_centroid
64422,Chevron,"I-10, EXIT 858",Vidor,TX,610,2.749,30.15018,-94.000779,city_centroid
64423,PILOT #568,"I-35, EXIT 140",Von Ormy,TX,740,3.211,29.274979,-98.667741,city_centroid
64430,GOLDEN SPIKE TRAVEL PLAZA,"I-15, EXIT 382",Tremonton,UT,835,3.599,41.701564,-112.181293,city_centroid
64431,RJS  FUEL STOP,"I-15, EXIT 40",Tremonton,UT,835,3.459,41.701564,-112.181293,city_centroid
64435,SPEEDWAY #4632,US-360/US-58 & SR-1224,Danville,VA,65,4.059,36.621789,-79.412441,city_centroid
64436,MS 58 PLAZA,"I-95, EXIT 11",Emporia,VA,180,3.182,36.685689,-77.562953,city_centroid
64438,PILOT TRAVEL CENTER #4622,US-58,South Boston,VA,65,4.009,36.696335,-78.918829,city_centroid
64441,MILLER MART #55,US-460 & US-58/US-13,Suffolk,VA,130,3.092,36.866823,-76.559811,city_centroid
64442,PILOT TRUCK STOP #583,"I-5, EXIT 262",Ferndale,WA,850,4.559,48.862531,-122.595293,city_centroid
64445,KWIK TRIP #413,SR-93 & SR-95,Arcadia,WI,295,3.316,44.253937,-91.480453,city_centroid
64446,SPEEDWAY #4293,"I-90 & I-43, EXIT 185A",Beloit,WI,448,3.799,42.522871,-89.039897,city_centroid
64447,KWIK TRIP #621,"SR-29/SR-55, EXIT 234 & SR-47/SR-117",Bonduel,WI,582,3.457,44.73794,-88.439026,city_centroid
64451,ROYAL FARMS #79,ST 13,New Church,VA,194,3.339,37.952527,-75.511188,city_centroid
64455,SPEEDWAY #4648,SR-254,Waynesboro,VA,180,3.959,38.077412,-78.903461,city_centroid
64463,KWIK TRIP #202,"I-39/US-51, EXIT 151 & SR-54",Plover,WI,395,3.266,44.450673,-89.542805,city_centroid
64474,SIGNAL FOOD STORE #108,US-60,Mountain View,MO,535,3.032,36.989197,-91.709937,city_centroid
64477,PILOT #1063,"I-40, EXIT 81",Marion,NC,210,3.759,35.681916,-82.017993,city_centroid
64478,PILOT TRAVEL CENTERS #141,"I-80, EXIT 6",Evanston,WY,835,3.699,41.260947,-110.963067,city_centroid
64479,YESWAY #1148,"US-30, EXIT 186",Marshalltown,IA,320,3.246,42.040482,-92.91269,city_centroid
64480,TA Garden City,US-83 & US-400,Garden City,KS,525,3.731,37.97693,-100.862088,city_centroid
64481,LOVES TRAVEL STOP #282,"I-44, EXIT 4 & SR-43",Joplin,MO,277,3.397,37.096858,-94.505144,city_centroid
64482,LOVES TRAVEL STOP #208,"I-55, EXIT 119 & SR-22",Canton,MS,655,3.489,32.620543,-90.006079,city_centroid
64484,LOVES TRAVEL STOP #206,"I-10, EXIT 44 & SR-59",Loxley,AL,715,3.339,30.617964,-87.75624,city_centroid
64485,PILOT TRAVEL CENTERS #433,"I-20, EXIT 470",Dallas,TX,630,3.182,32.790439,-96.80439,city_centroid
64486,GREENWAY STORE #614,"I-85/SR-403, EXIT 61 & SR-74",Fairburn,GA,18,3.199,33.56482,-84.580857,city_centroid
64487,PILOT TRAVEL CENTERS #165,"I-57 & I-70, EXIT 162",Effingham,IL,510,3.299,39.121727,-88.561105,city_centroid
64488,PILOT TRAVEL CENTERS #274,"I-10, EXIT 109",Breaux Bridge,LA,600,3.142,30.274955,-91.905899,city_centroid
64490,QUICK FUEL #2201,"I-85, EXIT 36",Atlanta,GA,18,3.352,33.7564,-84.3918,city_centroid
64491,QUICK FUEL #1803,I-80/I-294 & SR-1,South Holland,IL,290,3.829,41.597916,-87.593814,city_centroid
64492,QUICK FUEL #2103,"I-70, EXIT 89",Indianapolis,IN,375,3.309,39.775006,-86.109348,city_centroid
64493,QUICK FUEL #2801,"I-435, EXIT 1-A AT MILE 1",Lenexa,KS,400,3.369,38.963028,-94.739947,city_centroid
64494,QUICK FUEL #1704,I-75 EXIT 42 AT MILE 42,Lincoln Park,MI,325,3.619,42.242211,-83.180688,city_centroid
64495,QUICK FUEL #1702,"I-96, EXIT 173",Livonia,MI,325,3.799,42.361503,-83.36494,city_centroid
64496,QUICK FUEL #1703,"I-94, EXIT 199-A",Romulus,MI,325,3.519,42.220304,-83.358288,city_centroid
64498,QUICK FUEL #1705,SR-53,Warren,MI,325,3.749,42.5159,-82.9824,city_centroid
64499,QUICK FUEL #2401,"I-71, EXIT 234",Bridgeton,MO,540,3.094,38.750627,-90.416101,city_centroid
64500,QUICK FUEL #2402,"I-435, EXIT 57",Kansas City,MO,400,3.292,39.213876,-94.63318,city_centroid
64501,QUICK FUEL #2602,"I-85, EXIT 40",Charlotte,NC,46,3.396,35.2269,-80.8433,city_centroid
64502,QUICK FUEL #2305,"I-270, EXIT 10",Columbus,OH,315,3.631,40.105155,-83.010069,city_centroid
64503,QUICK FUEL #2304,"I-75, EXIT 210",Toledo,OH,550,3.601,41.642,-83.5438,city_centroid
64508,QUICK FUEL #1150,US-51 & SR-30,Madison,WI,420,3.576,43.073,-89.3817,city_centroid
64509,QUICK FUEL #1002,"I-94, EXIT 319",Milwaukee,WI,444,3.741,43.0343,-87.9151,city_centroid
64511,QUICK FUEL #1010,SR-100,Milwaukee,WI,444,3.779,43.0343,-87.9151,city_centroid
64512,QUICK FUEL #1001,"I-94, EXIT 301",New Berlin,WI,444,3.499,42.97397,-88.155274,city_centroid
64514,PILOT TRAVEL CENTERS #435,"I-10, EXIT 0",Anthony,TX,640,3.459,31.990718,-106.597625,city_centroid
64517,KWIK TRIP #696,"I-94, EXIT 19 & US-63",Baldwin,WI,451,3.574,44.9657,-92.365498,city_centroid
64519,BLUE RIDGE TRAVEL PLAZA,"I-81 SOUTHBOUND, EXIT 155",Mountain Top,PA,200,3.649,41.134975,-75.937642,city_centroid
64520,LOVES TRAVEL STOP #222,"I-70/US-35, EXIT 149B & US/35/SR-38",Richmond,IN,375,3.949,39.83244,-84.893606,city_centroid
64521,CHOCTAW TRAVEL PLAZA #635,US-259/SR-3,Broken Bow,OK,560,2.999,34.026991,-94.762296,city_centroid
64523,SKY CITY TRAVEL CENTER,"I-40, EXIT 102 NORTH",Pueblo Of Acoma,NM,580,3.281,34.900833,-107.586389,city_centroid
64525,PILOT TRAVEL CENTERS #3,"I-80, EXIT 223",Youngstown,OH,573,3.452,41.0986,-80.6474,city_centroid
64526,PILOT TRAVEL CENTERS #53,"I-40, EXIT 143",Hurricane Mills,TN,460,3.176,35.974859,-87.767129,city_centroid
64527,PILOT TRAVEL CENTERS #50,"I-71, EXIT 28",Pendleton,KY,415,3.759,38.480918,-85.317019,city_centroid
64528,Raceway #7007,SR-74 & SR-180,Shelby,NC,46,3.249,35.347075,-81.581573,city_centroid
64529,PILOT TRAVEL CENTERS #436,"I-40, EXIT 75",Amarillo,TX,585,3.266,35.166332,-101.886764,city_centroid
64530,PILOT TRAVEL CENTERS #420,"I-20, EXIT 114",Madison,GA,16,3.859,33.594681,-83.461781,city_centroid
64532,PILOT #4560,"I-75, EXIT 201",Jackson,GA,67,3.376,33.282006,-83.978391,city_centroid
64533,SHELL,US-287/US-81 & CR-718,Haslet,TX,637,2.891,32.955734,-97.337185,city_centroid
64534,CIRCLE K #4707045,"I-95, EXIT 32",Biddeford,ME,170,3.957,43.483647,-70.471928,city_centroid
64535,FLYING J TRAVEL PLAZA #628,"I-85, EXIT 160",Carnesville,GA,16,3.206,34.394723,-83.279209,city_centroid
64536,FLYING J TRAVEL PLAZA #640,"I-84, EXIT 173",Jerome,ID,785,3.902,42.71784,-114.501244,city_centroid
64537,FLYING J TRAVEL PLAZA #739,"I-35, EXIT 330B",Waco,TX,765,3.221,31.552452,-97.139608,city_centroid
64538,PILOT TRAVEL CENTERS #445,"I-94, EXIT 22 & US-20",Chesterton,IN,365,3.799,41.603949,-87.050196,city_centroid
64545,HOBO PANTRY #24,US-231 & SR-10,Brundidge,AL,720,3.599,31.701324,-85.817668,city_centroid
64546,GRUB MART #13,"I-59, EXIT 205 & US-411/SR-25/SR-68",Centre,AL,587,3.349,34.111592,-85.609229,city_centroid
64554,FACKLER TEXACO TRUCK STOP,US-72 & CR-42,Fackler,AL,615,3.199,34.82589,-85.984648,city_centroid
64558,MR FUEL #1203,"I-20, EXIT 129",Meridian,MS,705,2.812,32.357441,-88.655973,city_centroid
64569,LOVES TRAVEL STOP #624,"I-65, EXIT 8B",Mobile,AL,715,3.206,30.6959,-88.0434,city_centroid
64571,PETRO STOPPING CENTER #331,"I-15, EXIT 54",Las Vegas,NV,910,3.734,36.172082,-115.122366,city_centroid
64572,CIRCLE K #2723730,US-43/SR-13/SR-69,Northport,AL,615,3.399,33.2605,-87.5872,city_centroid
64578,MARATHON,US-431/SR-1,Phenix City,AL,50,3.249,32.407816,-85.095082,city_centroid
64581,SNEAD SHELL,US-278 & SR-75,Altoona,AL,587,3.109,34.042916,-86.350879,city_centroid
64592,LOVES TRAVEL STOP #368,"I-65, EXIT 208 & CR-28",Clanton,AL,720,3.337,32.835532,-86.642472,city_centroid
64595,PILOT TRAVEL CENTERS #425,"I-10, EXIT 192",Midway,FL,20,3.799,30.495278,-84.454444,city_centroid
64599,PONY EXPRESS TRAVEL PLAZA #6,"US-167/US-67, EXIT16 & SR-5",Cabot,AR,695,3.499,34.945724,-92.031771,city_centroid
64600,Caseys #4552,"I-40, EXIT 57",Clarksville,AR,645,3.244,35.490763,-93.491056,city_centroid
64610,KINGS RIVER COUNTRY STORE,US-412,Huntsville,AR,735,3.266,36.104348,-93.727893,city_centroid
64617,SHELL,"I-55, EXIT 48",Osceola,AR,435,2.999,35.701864,-89.979764,city_centroid
64647,HOOKS,I-16 EXIT 16,East Dublin,GA,85,3.399,32.5475,-82.868333,city_centroid
64648,QUICK FUEL #2203,"I-20, EXIT 14",Atlanta,GA,18,3.319,33.7564,-84.3918,city_centroid
64651,QUICK FUEL #2101,I-465,Indianapolis,IN,375,3.869,39.775006,-86.109348,city_centroid
64654,Fast Stop,"I-10, EXIT 177",Saint Gabriel,LA,600,3.699,30.279873,-91.09162,city_centroid
64655,ONE9 #7937,"I-85/I-40, EXIT 132",Mc Leansville,NC,65,3.399,36.116291,-79.668388,city_centroid
64656,QUICK FUEL #2601,SR-27,Charlotte,NC,46,3.512,35.2269,-80.8433,city_centroid
64660,QUICK FUEL #1005,SR-59 & SR-164,Waukesha,WI,444,3.623,42.999304,-88.219559,city_centroid
64662,QUICK FUEL #1011,"I-94, EXIT 100",Milwaukee,WI,444,3.521,43.0343,-87.9151,city_centroid
64664,CIRCLE K #4701424,"I-74, EXIT 102",Morton,IL,280,3.599,40.614771,-89.460445,city_centroid
64671,FLYING J TRAVEL PLAZA #756,"I-94, EXIT 116 & CR-A",Black River Falls,WI,450,3.382,44.292101,-90.847952,city_centroid
64672,FLYING J TRAVEL PLAZA #655,"I-70, EXIT 123 & SR-3",Spiceland,IN,375,3.959,39.827078,-85.445043,city_centroid
64673,WESTVILLE TRUCKSTOP,US-6/US-421,Westville,IN,365,3.586,41.536516,-86.901317,city_centroid
64674,ZANCO SHELL,"I-395, EXIT 87",Plainfield,CT,175,4.399,41.67753,-71.921968,city_centroid
64675,Petro Mart #45,"I-70/US-40, EXIT 148 & US-54",Kingdom City,MO,392,2.939,38.95508,-91.952008,city_centroid
64676,PILOT TRAVEL CENTERS #460,"I-40, EXIT 140",Oklahoma City,OK,483,3.309,35.473,-97.5177,city_centroid
64677,MOUNT VERNON FUEL CENTER,"I-75, EXIT 59 & US-25",Mount Vernon,KY,410,2.999,37.336609,-84.354882,city_centroid
64678,AINSWORTH FOUR CORNERS,US-218/SR-27 & SR-92,Ainsworth,IA,380,3.109,41.320226,-91.547173,city_centroid
64679,PILOT TRAVEL CENTERS #118,I-30 EXIT 121,Benton,AR,695,3.199,34.580087,-92.595241,city_centroid
64681,PILOT TRAVEL CENTER #458,"I-10, EXIT 208",Eloy,AZ,930,3.439,32.750929,-111.583275,city_centroid
64682,FLYING J TRAVEL PLAZA #705,"I-40, EXIT 20 & US-283",Sayre,OK,483,3.182,35.304722,-99.642928,city_centroid
64683,QUIKTRIP #777,"I-20, EXIT 49",Atlanta,GA,18,2.972,33.7564,-84.3918,city_centroid
64684,MR FUEL #721,"I-465, EXIT 4 & SR 37",Indianapolis,IN,375,3.319,39.775006,-86.109348,city_centroid
64687,PILOT TRAVEL CENTER #421,"I-75, EXIT 326",Dalton,GA,285,3.286,34.7697,-84.9702,city_centroid
64706,CIRCLE K #2721571,"I-65, EXIT 69",Brewton,AL,715,3.399,31.118926,-87.067325,city_centroid
64712,SUNSTOP #650,US-431 & SR-210,Dothan,AL,20,3.412,31.202888,-85.418036,city_centroid
64713,GOOD TO GO,"I-65, EXIT 200",Enterprise,AL,20,3.599,31.340789,-85.842111,city_centroid
64715,CIRCLE K #2709067,US-31/SR-6,Prattville,AL,720,3.499,32.478695,-86.42997,city_centroid
64718,CUZZS,US-43/SR-13,Thomasville,AL,720,3.532,31.906728,-87.759842,city_centroid
64719,CIRCLE K #2706697,"I-85, EXIT 77",Valley,AL,720,3.399,32.820833,-85.170833,city_centroid
64721,FLASH MARKET #17049,"I-40/US-63, EXIT 216 & US-49/SR-17",Brinkley,AR,695,3.179,34.878124,-91.188596,city_centroid
64723,CASHS #4470,US-65,Dumas,AR,655,3.209,33.892102,-91.486056,city_centroid
64724,TOBOS TRAVEL CENTER,"I-540, EXIT 58",Fayetteville,AR,735,3.349,36.052045,-94.153395,city_centroid
64755,PILOT TRAVEL CENTERS #44,"I-70, EXIT 101",Boonville,MO,310,3.519,38.95364,-92.744973,city_centroid
64764,CORNER MARKET #62,SR-13/SR-789 & SR-64,Meeker,CO,800,3.729,40.038726,-107.892498,city_centroid
64765,CENEX,"I-76, EXIT 125",Sterling,CO,800,3.416,40.63062,-103.221183,city_centroid
64773,Sun Gas,US-301,Middletown,DE,243,2.999,39.481535,-75.683183,city_centroid
64775,SHORE STOP #287,US-13,New Castle,DE,243,3.289,39.67703,-75.589938,city_centroid
64777,4 POINTS MARKET,US-441/SR-7 & SR-804,Boynton Beach,FL,95,3.229,26.525,-80.0666,city_centroid
64778,SUNSTOP #347,US-27,Branford,FL,75,3.699,29.939472,-82.899288,city_centroid
64779,SPEEDWAY #6530,US-50,Brooksville,FL,225,3.382,28.565805,-82.373674,city_centroid
64789,KROME EXXON,SR-997 & SR-994,Miami,FL,95,3.399,25.779,-80.1982,city_centroid
64793,CIRCLE K #2721297,US-301,Middleburg,FL,75,3.399,30.068611,-81.860556,city_centroid
64795,QUICK FUEL #5101,"I-4, EXIT 79",Orlando,FL,140,3.362,28.539882,-81.372668,city_centroid
64798,RIVIERA TRUCKSTOP,SR-710,West Palm Beach,FL,95,3.779,26.713956,-80.065874,city_centroid
64803,MARATHON,"I-4, EXIT 3",Tampa,FL,225,3.422,27.9428,-82.4549,city_centroid
64804,SPEEDLANE,US-301 &SR-574,Tampa,FL,225,3.449,27.9428,-82.4549,city_centroid
64811,SUNSTOP #819,US-19,Americus,GA,15,3.699,32.07077,-84.224729,city_centroid
64815,BUENA VISTA GAS N GO,SR-26 & SR-41,Buena Vista,GA,10,3.299,32.354198,-84.527347,city_centroid
64819,CIRCLE K #4174,"I-285/SR-407, EXIT 53 & US-23/SR-42",Conley,GA,18,3.999,33.644722,-84.325833,city_centroid
64820,Mr Pips,US-84/SR-38,Donalsonville,GA,20,3.199,31.040278,-84.879167,city_centroid
64825,EXIT 10 AUTO AND TRUCK STOP,"I-185/SR-411, EXIT 19 & SR-315",Fortson,GA,50,3.399,32.628841,-85.001654,city_centroid
64831,CIRCLE K #2745072,US-341,Lumber City,GA,195,3.529,31.925124,-82.707312,city_centroid
64833,QWICKSERV,US-319 BUS & SR-133/SR-35/SR-33,Moultrie,GA,20,3.599,31.179244,-83.764089,city_centroid
64834,SUSIE Q #90,US-319 & SR-33,Moultrie,GA,10,3.799,31.179244,-83.764089,city_centroid
64840,BP,US-278/SR-6 & SR-101,Rockmart,GA,18,3.599,33.997912,-85.05937,city_centroid
64842,Circle K #2745128,US-301 & US-25,Statesboro,GA,195,3.199,32.440841,-81.773956,city_centroid
64843,A TO Z TRUCKSTOP,US-301/US-25/SR-73,Statesboro,GA,195,3.599,32.440841,-81.773956,city_centroid
64850,SHAKE RAG EXPRESS,US-1 & US-78,Wadley,GA,135,3.416,32.874742,-82.402459,city_centroid
64856,KUM & GO #1056,"I-35, EXIT 56",Bevington,IA,320,3.099,41.371763,-93.812865,city_centroid
64857,CHARITON FOOD SHOP,US-34,Chariton,IA,320,3.369,41.022638,-93.30419,city_centroid
64859,QUICK FUEL #2901,"I-35/I-80, EXIT 136",Des Moines,IA,320,3.137,41.6005,-93.6088,city_centroid
64860,BP TRUCK PLAZA,US-61/US-151,Dubuque,IA,335,3.489,42.514977,-90.681914,city_centroid
64862,218 FUEL EXPRESS,US-218 & US-18,Floyd,IA,433,3.489,43.143049,-92.723988,city_centroid
64863,FT MADISON FAST BREAK,US-61,Fort Madison,IA,345,3.399,40.633008,-91.339829,city_centroid
64868,MEDIAPOLIS FAST BREAK,US-61,Mediapolis,IA,345,3.349,41.005932,-91.132142,city_centroid
64871,STEWART ROAD FAST BREAK,CR-X61,Muscatine,IA,270,3.299,41.430378,-91.050928,city_centroid
64873,CUBBYS #2301,"I-29, EXIT 112",Onawa,IA,319,3.149,42.036967,-96.107213,city_centroid
64874,OSCEOLA TRAVEL PLAZA,"I-25, EXIT 33 & US-34",Osceola,IA,320,3.312,41.029503,-93.771236,city_centroid
64875,CASEYS #2598,"SR-163, EXIT 42",Pella,IA,320,3.199,41.408175,-92.917207,city_centroid
64876,PILOT #238,"I-29, EXIT 10",Percival,IA,319,3.799,40.740148,-95.809307,city_centroid
64877,CASEYS #3900,"US-218, EXIT 80 & SR-22",Riverside,IA,380,3.171,41.475792,-91.57414,city_centroid
64880,CASEYS #2487,US-71/SR-9,Spirit Lake,IA,440,3.382,43.426211,-95.112336,city_centroid
64881,SPARKYS ONE STOP #16,US-71 & SR-3,Storm Lake,IA,527,3.232,42.64738,-95.196079,city_centroid
64883,KUM & GO #1046,"I-80, EXIT 46 & CR-M47",Walnut,IA,486,3.109,41.462329,-95.217973,city_centroid
64884,SAPP BROS TRAVEL CENTER,US-61 & SR-78,Sioux City,IA,527,3.649,42.497223,-96.40292,city_centroid
64886,WEVER JUNCTION,US-61 & CR-X50,Wever,IA,345,3.399,40.706652,-91.226767,city_centroid
64887,COUNCIL FOOD AND FUEL,US-95,Council,ID,785,3.589,44.762754,-116.451833,city_centroid
64888,NOMNOM #21,US-95 & SR-13,Grangeville,ID,970,3.907,45.927239,-116.107639,city_centroid
64892,JACKSONS FOOD STORE #3,US-95,Wilder,ID,785,3.579,43.657851,-116.912199,city_centroid
64894,CIRCLE K #4701251,"I-55, EXIT 160B & SR-9",Bloomington,IL,280,3.399,40.478295,-88.989318,city_centroid
64902,DOWNS TRAVEL MART,"I-74, EXIT 142",Downs,IL,368,3.499,40.380858,-88.870814,city_centroid
64907,FREEDOM OIL #77,"I-74, EXIT 112 & SR-117",Goodfield,IL,368,3.659,40.629722,-89.274722,city_centroid
64913,Circle K #4701331,US-136 & US-67,Macomb,IL,345,3.499,40.461674,-90.678674,city_centroid
64914,Martinsville Food and Fuel,"I-70, EXIT 136",Martinsville,IL,510,3.489,39.317443,-87.870737,city_centroid
64920,KWIK STAR #1530,"I-88/SR-110, EXIT 76 & SR-251",Rochelle,IL,520,3.499,41.928156,-89.071035,city_centroid
64928,SPEEDWAY #1432,"I-294, EXIT 22",Willow Springs,IL,293,3.859,41.736416,-87.878588,city_centroid
64929,KARTAR TRUCK STOP,"I-74, EXIT 32 & SR-17",Woodhull,IL,270,3.599,41.184887,-90.283282,city_centroid
64930,THORNDALE SHELL,"I-290, EXIT 5",Wood Dale,IL,290,3.459,41.960171,-87.980971,city_centroid
64933,MCCLURE OIL #66,US-33/US-27,Decatur,IN,370,3.699,40.827333,-84.931432,city_centroid
64938,FAMILY EXPRESS #41 (DISCOUNT AVAILABLE),US-52,Lafayette,IN,375,3.432,40.417743,-86.888358,city_centroid
64939,FAMILY EXPRESS #27 (DISCOUNT AVAILABLE),US-421,Medaryville,IN,365,3.649,41.089734,-86.880844,city_centroid
64946,MORNING STAR AUTO TRUCK PLAZA,"I-69, EXIT 334 & US-6",Waterloo,IN,370,3.699,41.440216,-85.022103,city_centroid
64949,PETES #36,US- 54 & US-169,Iola,KS,400,3.206,37.928244,-95.402146,city_centroid
64950,CASEYS #2957,US-73 & US-36,Hiawatha,KS,400,3.151,39.871563,-95.528905,city_centroid
64952,AMPRIDE,US-160,Johnson,KS,525,3.399,37.569424,-101.719354,city_centroid
64961,SAC AND FOX TRUCK STOP,US-75,Powhattan,KS,553,2.984,39.71769,-95.675111,city_centroid
64963,FLINT HILLS ONE STOP,US-50,Strong City,KS,553,2.919,38.41292,-96.517192,city_centroid
64964,U PUMP IT,US-83 & US-56,Sublette,KS,525,3.679,37.522148,-100.820775,city_centroid
64969,ALLSTAR FOOD MART,SR-55,Campbellsville,KY,415,3.159,37.346618,-85.350755,city_centroid
64980,DOUBLE KWIK MARKET #1044,SR-15/SR-7/SR-160,Isom,KY,255,3.749,37.196027,-82.913348,city_centroid
64982,FAS MART #5260,SR-9 & US-68/US-62/SR-10,Maysville,KY,312,3.364,38.619716,-83.758858,city_centroid
64984,DOUBLE KWIK MARKET #1062,"I-75, EXIT 104",Nicholasville,KY,410,3.499,37.880556,-84.573056,city_centroid
64990,LAKE COUNTRY OUTDOORS,SR-127,Russell Springs,KY,410,3.199,37.056683,-85.042873,city_centroid
64994,E Z STOP,SR-555 & SR-9002,Willisburg,KY,410,3.379,37.837333,-85.136187,city_centroid
64996,AVONDALE TRUCK STOP,SR-90,Westwego,LA,725,3.449,29.914386,-90.181305,city_centroid
64998,CM BAYOU VISTA,US-90,Morgan City,LA,725,3.399,29.723937,-91.116497,city_centroid
64999,I 220 TRAVEL PLAZA,"I-270, EXIT 17A & US-80/US-79",Bossier City,LA,766,2.992,32.544924,-93.703826,city_centroid
65000,SILVERS TRAVEL CENTER,"I-10, EXIT 109",Breaux Bridge,LA,690,3.369,30.274955,-91.905899,city_centroid
65002,FOOD N FUN #11,US-90 & SR-92-1,Broussard,LA,600,3.302,30.12189,-91.950171,city_centroid
65005,USA TRAVEL CENTER,"I-20, EXIT 103/US-80",Calhoun,LA,719,3.216,32.524791,-92.329929,city_centroid
65006,GOLDMINE TRUCKSTOP,US-190,Eunice,LA,730,3.199,30.51158,-92.398474,city_centroid
65007,GOLDEN GROVE TRUCK PLAZA,SR-641 & SR-3125,Gramercy,LA,725,3.419,30.052711,-90.690182,city_centroid
65008,BIG WHEELS TRAVEL CENTER,"US-90, EXIT 204 & SR-316",Gray,LA,725,3.499,29.69034,-90.78071,city_centroid
65011,PLANTATION TRUCK PLAZA,SR-311 & SR-664,Houma,LA,725,3.116,29.59433,-90.754808,city_centroid
65017,Y NOT STOP MANSURA,SR-1,Mansura,LA,730,3.399,31.061466,-92.054333,city_centroid
65019,Hwy 31 Truck Stop,SR 31,Saint Martinville,LA,730,3.329,30.208282,-91.825961,city_centroid
65021,OPELOUSAS 190 TRUCK STOP,US-190,Opelousas,LA,600,2.871,30.51442,-92.089668,city_centroid
65022,CM RACELAND,SR-1,Raceland,LA,725,3.299,29.717835,-90.599908,city_centroid
65023,SHOP RITE #85,"I-10, EXIT 87 AT MILE 87",Rayne,LA,600,3.149,30.204508,-92.248592,city_centroid
65025,ELSIE AUTO AND TRUCK PLAZA,SR-1,Shreveport,LA,766,2.949,32.503743,-93.748696,city_centroid
65026,TA ST Rose #06480,US-61,Saint Rose,LA,725,3.226,29.958074,-90.312432,city_centroid
65027,STARKS TRUCK STOP,SR-12,Starks,LA,690,3.599,30.308477,-93.661485,city_centroid
65030,CASH MAGIC THIBODAUX,SR-1,Thibodaux,LA,725,3.399,29.799213,-90.809605,city_centroid
65033,PILOT TRAVEL CENTERS #457,"I-75, EXIT 135",Beaverdam,OH,411,3.331,40.833333,-83.976667,city_centroid
65036,WAVERLY TRUCKSTOP,"I-20, EXIT 157 & SR-577",Delhi,LA,719,2.964,32.450433,-91.512487,city_centroid
65037,CIRCLE K #2707783,"I-20, EXIT 114 & SR-617",West Monroe,LA,719,2.957,32.531726,-92.175971,city_centroid
65048,Irving,SR-2,Westminster,MA,34,3.749,42.545833,-71.911111,city_centroid
65059,ROYAL FARMS #111,"I-95, EXIT 57",Baltimore,MD,22,3.209,39.29463,-76.625203,city_centroid
65062,AC & T BIG POOL,"I-70, EXIT 12 & SR-56",Big Pool,MD,70,3.659,39.645685,-78.010449,city_centroid
65064,A C AND T SHARPSBURG PIKE,"I-70, EXIT 29A & SR-65",Hagerstown,MD,70,3.799,39.632022,-77.737215,city_centroid
65066,HURLOCK CITGO,SR-392 & SR-331,Hurlock,MD,194,3.259,38.642826,-75.866254,city_centroid
65067,SUNOCO,US-301,Newburg,MD,60,3.379,38.329782,-76.917499,city_centroid
65069,CIRCLE K #4707056,"I-95, EXIT 75",Auburn,ME,170,3.899,44.094785,-70.238978,city_centroid
65074,CIRCLE K #4707004,"I-95, EXIT 244 & SR-157",Medway,ME,170,3.502,45.60704,-68.522709,city_centroid
65075,CIRCLE K #4707017,"I-95, EXIT 48",Portland,ME,170,3.742,43.660564,-70.258864,city_centroid
65083,SUNOCO,"I-75, EXIT 34B",Riverview,MI,325,3.639,42.173299,-83.213094,city_centroid
65084,BEACON & BRIDGE #19,US-131 & SR-115,Cadillac,MI,260,3.239,44.250447,-85.430046,city_centroid
65086,FRED MOORE BP,"I-94, EXIT 257",Casco,MI,325,4.099,42.768056,-82.670278,city_centroid
65088,Circle K #2746528,US-41/SR-28 & SR-95,Champion,MI,360,3.819,46.468497,-87.830587,city_centroid
65091,WYOMING FUEL PLAZA,"I-94, EXIT 210A",Dearborn,MI,325,3.599,42.305295,-83.160488,city_centroid
65092,BP,"I-94 & US-12, EXIT 210",Dearborn,MI,325,3.199,42.305295,-83.160488,city_centroid
65094,MARATHON,"I-75 & SR-32, EXIT 282",Gaylord,MI,287,3.799,45.0275,-84.674722,city_centroid
65108,PICKLEMANS ONE STOP-ZEPHYR,ST 28,Newberry,MI,360,3.699,46.343763,-85.514951,city_centroid
65113,NORTHWIND TRAVEL CENTER,"US-131, EXIT 153 & US-10",Reed City,MI,456,3.499,43.886808,-85.513028,city_centroid
65121,BP TRAVEL CENTER AND TRUCK PLAZA,"I-275, EXIT 20",Belleville,MI,325,4.199,42.194858,-83.485425,city_centroid
65127,PITSTOP MOBIL MART,"I-196, EXIT 72",Wyoming,MI,456,3.549,42.900867,-85.705775,city_centroid
65129,HOLIDAY STATIONSTORE #2746345,"I-94, EXIT 103/US-52 & SR-29",Alexandria,MN,250,3.499,45.881747,-95.381994,city_centroid
65132,PETES PLACE SOUTH,US-71 & US-2,Bemidji,MN,355,3.416,47.488071,-94.848809,city_centroid
65135,CIRCLE K #3819,SR-7,Clara City,MN,432,3.332,44.963912,-95.349902,city_centroid
65136,HOLIDAY STATIONSTORE #2746422,"I-35, EXIT 253B",Duluth,MN,334,3.499,47.094431,-91.846731,city_centroid
65141,KWIK TRIP #619,US-14 & ST-57,Kasson,MN,515,3.549,44.024029,-92.74642,city_centroid
65142,HOLIDAY STATIONSTORE #2746376,"I-35W, EXIT 36 & CR-23",Circle Pines,MN,448,3.549,45.152841,-93.143984,city_centroid
65153,7Fleet #46516,"I-75, EXIT 164",Waite Park,MN,250,3.459,45.54972,-94.224481,city_centroid
65162,Petro Mart #15,I-270 EXIT 33,Saint Louis,MO,540,2.904,38.634616,-90.191313,city_centroid
65165,AMERIMART # 11,US-61,Jackson,MO,275,3.299,37.387885,-89.651939,city_centroid
65171,SIGNAL FOOD STORE #110,US-60 & SR-5,Mansfield,MO,535,3.026,37.1273,-92.593553,city_centroid
65177,KUM & GO #0497,US-60/SR-413 & CR-M,Republic,MO,535,3.079,37.123017,-93.480041,city_centroid
65178,WILD BILLS TRAVEL CENTER,US-65 & SR-14,Ridgedale,MO,535,3.199,36.524662,-93.277808,city_centroid
65180,TREX MART #11,"I-29, EXIT 65 & US-59",Savannah,MO,400,2.999,39.916774,-94.826733,city_centroid
65188,GAS MART,"US-78, EXIT 14 & SR-309",Byhalia,MS,435,2.972,34.885351,-89.676332,city_centroid
65192,CIRCLE K #2723396,US-49,Collins,MS,620,3.879,31.670712,-89.543809,city_centroid
65194,CIRCLE K #2723401,US-98 BYP/SR-44 & SR-13,Columbia,MS,620,3.332,31.255877,-89.799785,city_centroid
65197,SINGH PETRO,US-11,Ellisville,MS,620,3.059,31.579663,-89.223073,city_centroid
65198,CIRCLE K #2723437,US-49,Florence,MS,760,2.896,32.153002,-90.121672,city_centroid
65204,SHELL GAS MART,US-82,Mathiston,MS,576,3.366,33.541493,-89.127479,city_centroid
65212,Taters #2,US-98 & SR-29,New Augusta,MS,620,3.316,31.130907,-89.028611,city_centroid
65213,CIRCLE K #2723390,US-98,New Augusta,MS,620,3.199,31.130907,-89.028611,city_centroid
65214,NEWTON CROSSING,"I-20, EXIT 109 & SR-15",Newton,MS,705,3.249,32.324448,-89.183951,city_centroid
65216,STUCKEYS EXPRESS,US-43S,Pelahatchie,MS,760,3.199,32.317994,-89.79135,city_centroid
65221,CEFCO #544,"I-55/US-51, EXIT 81",Terry,MS,760,2.899,32.114683,-90.324143,city_centroid
65223,SHELL EXPRESS MART,SR-7 & SR-315,Water Valley,MS,435,3.066,34.152466,-89.637986,city_centroid
65225,CIRCLE K #2723402,US-49,Wiggins,MS,620,3.509,30.86095,-89.132369,city_centroid
65234,COUNTRY MART,US-13/SR-11,Bethel,NC,205,3.007,35.790885,-77.374765,city_centroid
65241,CIRCLE K #2723474,US-70,Goldsboro,NC,205,3.541,35.382585,-78.015813,city_centroid
65246,DOBBS PLACE,"I-95, EXIT 17",Lumberton,NC,245,3.159,34.629301,-79.008309,city_centroid
65250,CIRCLE K #2723473,US-70,Morehead City,NC,245,3.649,34.72532,-76.753069,city_centroid
65251,SPEEDWAY #8277,US-17 & SR-43,New Bern,NC,245,3.266,35.101941,-77.031945,city_centroid
65252,SPEEDWAY #6964,SR-125 & SR-11/SR-42,Oak City,NC,205,3.197,35.959736,-77.300362,city_centroid
65267,CIRCLE K #2720939,"I-795/US-264, EXIT 43A & US-301",Wilson,NC,205,3.049,35.727022,-77.922733,city_centroid
65268,SPEEDWAY #6931,"I-40, EXIT 195 & SR-109",Winston Salem,NC,65,3.609,36.10237,-80.222798,city_centroid
65270,INTERSTATE CENEX,"I-94, EXIT 1 & SR-16",Beach,ND,273,3.499,46.932381,-103.98429,city_centroid
65273,SIMONSON TRAVEL CENTER,"I-29, EXIT 141 & US-2",Grand Forks,ND,341,3.539,47.901041,-97.04463,city_centroid
65274,CENEX C STORE,US-2 & SR-3,Rugby,ND,452,3.399,48.317264,-99.998954,city_centroid
65282,HEBRON SINCLAIR,US-81,Hebron,NE,413,3.284,40.172807,-97.605228,city_centroid
65283,CUBBYS #2107,US-20/SR-15,Laurel,NE,470,3.139,42.427036,-97.087381,city_centroid
65284,Caseys #4526,"I-80, EXIT 237",Lexington,NE,330,3.057,40.785002,-99.751515,city_centroid
65287,AM ENERGY,"I-80, EXIT 248",Overton,NE,330,2.899,40.751875,-99.527824,city_centroid
65289,SHOEMAKERS SOUTH,US-77,Roca,NE,413,3.349,40.670195,-96.639085,city_centroid
65290,ESSENTIAL FUEL #3,ST 71,Scottsbluff,NE,475,3.599,41.871975,-103.661914,city_centroid
65292,CUBBYS #117,SR-2 & SR-50,Syracuse,NE,319,3.319,40.661386,-96.182407,city_centroid
65293,TRAILS WEST SINCLAIR,US-34 & SR-25,Trenton,NE,475,3.499,40.168096,-101.020073,city_centroid
65294,PRIME STOP,ST 35,Wayne,NE,470,3.244,42.230439,-97.018579,city_centroid
65296,CIRCLE K #4707214,"I-93, EXIT 12S & I-89 & SR-3A",Bow,NH,170,4.199,43.138788,-71.544814,city_centroid
65299,EPPING FUELING CENTER,SR-27 & SR-125,Epping,NH,125,4.029,43.041052,-71.076367,city_centroid
65308,SUNOCO,SR-17,East Rutherford,NJ,115,3.192,40.838527,-74.104069,city_centroid
65310,Edison Fuel Stop,US-1,Edison,NJ,115,3.159,40.517079,-74.397286,city_centroid
65314,Union 76,"I-55, EXIT 50A",Richwood,NJ,150,3.399,39.7225,-75.165833,city_centroid
65315,SUNOCO- RICHARD STOCKTON PLAZA #7009,NJ TURNPIKE MILE POST 58.7,Trenton,NJ,115,3.899,40.2169,-74.7433,city_centroid
65319,PHILLIPS 66,US-30,Clementon,NJ,150,3.199,39.80703,-75.003997,city_centroid
65320,PILOT #891,"I-80, EXIT 27B",Ledgewood,NJ,105,4.099,40.878028,-74.655405,city_centroid
65328,THIND TRAVEL PLAZA,SR-20,North Bergen,NJ,115,3.259,40.793019,-74.017715,city_centroid
65329,UTE MOUNTAIN TRAVEL CENTER,US-160 & US-491,Towaoc,CO,810,3.457,37.208408,-108.719993,city_centroid
65332,BETTY ROSS TRUCK STOP /BP,US-130 & SR-73,Pennsauken,NJ,150,3.329,39.962742,-75.063446,city_centroid
65334,SUNOCO,US 22 WEST,Phillipsburg,NJ,115,3.329,40.692819,-75.1741,city_centroid
65335,CONOCO,US-22,Phillipsburg,NJ,90,3.359,40.692819,-75.1741,city_centroid
65338,SWIFT FUEL STOP,"I-78, EXIT 13",Newark,NJ,115,3.879,40.7308,-74.1744,city_centroid
65339,US GAS & DIESEL,US-46,Ridgefield,NJ,115,3.229,40.832568,-74.001531,city_centroid
65343,ENRITE,"I-287, EXIT 4",South Plainfield,NJ,115,3.999,40.583884,-74.414695,city_centroid
65345,SOUTH BRUNSWICK VALERO,US-130,North Brunswick,NJ,115,3.166,40.453767,-74.482285,city_centroid
65350,Phillips 66,"I-295, EXIT 1",Vineland,NJ,150,3.359,39.48177,-75.009087,city_centroid
65351,RIGGINS TRUCK PLAZA,"I-55, EXIT 26",Vineland,NJ,150,3.269,39.48177,-75.009087,city_centroid
65353,SUNOCO- GROVER CLEVELAND TRAVEL PLAZA #7014,"NORTH NJ TNPK, EXIT 11",Woodbridge,NJ,115,3.899,40.555973,-74.284542,city_centroid
65359,ROAD RUNNER TRAVEL CENTER,"I-25, EXIT 156",Lemitar,NM,580,3.299,34.155999,-106.904381,city_centroid
65360,Roswell #60,US-285,Roswell,NM,593,3.366,33.388504,-104.525857,city_centroid
65361,BLACK MESA TRAVEL CENTER,"I-25, EXIT 252",Algodones,NM,580,3.269,35.428527,-106.616589,city_centroid
65365,CHEVRON #381125,US-95,Hawthorne,NV,966,4.079,38.534658,-118.641143,city_centroid
65373,CHAMPLAIN PETERBILT FUEL MART,"I-87, EXIT 43",Champlain,NY,39,3.799,44.977292,-73.446603,city_centroid
65377,PETROL 9 W,US-9W,Glenmont,NY,12,3.699,42.597147,-73.795884,city_centroid
65379,MIRABITO #74,"SR-79 N/I-88E, EXIT 6",Harpursville,NY,12,4.659,42.18232,-75.654538,city_centroid
65381,NATIVE PRIDE,"I-90, EXIT 58 & US-20",Irving,NY,38,2.899,42.573866,-79.059634,city_centroid
65383,M AND M ALLEGANY JUNCTION,"I-86/SR-17, EXIT 23 & US-219/US-219 BUS",Limestone,NY,38,3.129,42.063945,-78.631979,city_centroid
65386,MIRABITO #73,"I-88, EXIT 12",Otego,NY,12,3.999,42.41333,-75.207883,city_centroid
65387,MAPLEFIELDS,SR-22 & SR-442,Peru,NY,235,3.799,44.585109,-73.529322,city_centroid
65392,CIRCLE K #4707622,"I-90, EXIT 41",Seneca Falls,NY,220,3.999,42.909377,-76.792538,city_centroid
65395,BELLSTORES #132,US-30 & SR-60,Ashland,OH,249,3.499,40.855892,-82.318931,city_centroid
65398,QUICK FUEL #2306,"I-480, EXIT 12",Brookpark,OH,305,3.669,41.4197915,-81.8238184,manual
65400,NORTHSIDE FUEL STOP,US-30 & SR-19,Bucyrus,OH,411,3.507,40.810306,-82.969829,city_centroid
65406,MOBIL,"I-90/SR-2, EXIT 182B",Cleveland,OH,305,3.766,41.4918,-81.6757,city_centroid
65411,CLARKS PUMP N SHOP #10,SR- 32,Jackson,OH,315,3.699,39.042821,-82.647209,city_centroid
65415,SPEEDWAY #9314,US-20 & SR-21,Massillon,OH,249,3.482,40.811605,-81.497263,city_centroid
65423,BARNEYS CONVENIENCE MART #15,"I-75, EXIT 195 & I-90, EXIT 64 & SR-795",Rossford,OH,550,3.599,41.604908,-83.563793,city_centroid
65426,CIRCLE K #4705357,US-23 & SR-316,Ashville,OH,315,3.089,39.731576,-82.944567,city_centroid
65431,QUICK MART AND MORE,US-22 & SR-43,Steubenville,OH,573,3.639,40.370638,-80.66115,city_centroid
65441,HUTCH'S #103,SR-6 & SR-66,Elk City,OK,483,2.969,35.410359,-99.421086,city_centroid
65444,TXB #24 dba Kwik Chek Food Stores,US-70,Hugo,OK,253,2.969,34.011339,-95.513876,city_centroid
65445,QWIK CHEQUE,US-70 & SR-37,Idabel,OK,253,3.199,33.88512,-94.802012,city_centroid
65451,Petes #15,US-169 & SR-88,Oologah,OK,560,3.159,36.443723,-95.72901,city_centroid
65457,THACKERSVILLE TRAVEL PLAZA,"I-35, EXIT 1",Thackerville,OK,253,2.932,33.788167,-97.136349,city_centroid
65490,PILOT TRAVEL CENTER #422,"I-85, EXIT 41 & US-29",Newnan,GA,18,3.699,33.389404,-84.816952,city_centroid
65494,FLYING J TRAVEL PLAZA #633,"I-20, EXIT 138",Union Point,GA,135,3.859,33.634544,-83.087913,city_centroid
65513,GETGO #3602,"I-76, EXIT 146 & I-99, EXIT 1 & US-220",Bedford,PA,14,4.092,39.990838,-78.526071,city_centroid
65514,ONVO TRAVEL PLAZA,"I-78, EXIT 13 & SR- 501",Bethel,PA,70,3.347,40.480834,-76.274209,city_centroid
65518,KWIK FILL #239,ST 51,Crescent,PA,165,3.799,40.5575,-80.230278,city_centroid
65521,RUTTERS #17,US-15 & SR-234,East Berlin,PA,70,4.294,39.964546,-77.007252,city_centroid
65522,TURKEY HILL #950324,US-322 & SR-23/SR-897,East Earl,PA,208,3.786,40.139475,-76.027634,city_centroid
65523,SAC SHOP #512,US-30,Everett,PA,14,4.099,40.009808,-78.371315,city_centroid
65524,SAC SHOP #514,I-76/I-70 & US-30,Everett,PA,14,4.099,40.009808,-78.371315,city_centroid
65525,SHELL,"I-95, EXIT 46A & US-1",Fairless Hills,PA,160,3.899,40.174822,-74.851923,city_centroid
65527,SUNOCO SERVICE STATION,"I-81, EXIT 5",Greencastle,PA,70,3.899,39.781827,-77.746956,city_centroid
65530,7-ELEVEN #40284,"I-76, EXIT 19/247",Hershey,PA,70,3.967,40.263767,-76.654518,city_centroid
65532,PILOT TRAVEL CENTERS #1,"I-80,  EXIT 173",Mill Hall,PA,14,4.016,41.086688,-77.483609,city_centroid
65533,LIBERTY EXXON,US-15 & SR-414,Liberty,PA,138,3.699,41.565571,-77.119505,city_centroid
65537,SHEETZ #048,US-22,Nanty Glo,PA,14,3.517,40.470435,-78.837504,city_centroid
65538,WELMART,"SR-28, EXIT 16",Natrona Heights,PA,165,4.192,40.628862,-79.725621,city_centroid
65549,T&C MINI MART,SR-33 & SR-191,Stockertown,PA,90,3.699,40.753889,-75.2625,city_centroid
65552,A PLUS MINI MARKET,US-1 & SR-132,Feasterville Trevose,PA,160,3.899,40.151188,-74.983758,city_centroid
65556,RUTTERS #60,US-30 & SR-116,York,PA,70,4.249,39.963539,-76.726887,city_centroid
65572,CIRCLE K #2705377,"I-20, EXIT 22 & US-1",Aiken,SC,135,3.129,33.553024,-81.719429,city_centroid
65573,SPEEDWAY/7fleet #4587,US-501,Aynor,SC,205,3.124,33.982271,-79.17773,city_centroid
65578,CIRCLE K #2723355,US-52,North Charleston,SC,42,3.399,32.933096,-80.086463,city_centroid
65587,HOT SPOT #2022,US-25/US-76,Honea Path,SC,30,2.909,34.441723,-82.425471,city_centroid
65588,SPEEDWAY #2836,US-17,Johns Island,SC,42,3.069,32.709697,-80.094294,city_centroid
65593,CIRCLE K #2723441,"I-82, EXIT 73 & SR-773",Prosperity,SC,210,3.116,34.183243,-81.532353,city_centroid
65594,PILOT #4567,I-77 EXIT 77,Rock Hill,SC,46,3.149,34.915068,-81.012904,city_centroid
65598,LEES QUICK STOP,US-52 & SR-45,Saint Stephen,SC,42,3.416,33.405953,-79.937635,city_centroid
65603,JET TRUCK PLAZA,"I-29, EXIT 47",Beresford,SD,530,3.159,43.087409,-96.781256,city_centroid
65604,SHELL,"I-29, EXIT 132",Huron,SD,455,3.359,44.359022,-98.216293,city_centroid
65608,ZIP TRIP #81,"I-29, EXIT 62 & US-18",Lennox,SD,530,3.204,43.345066,-96.882061,city_centroid
65614,281 TRAVEL CENTER,US-281,Wolsey,SD,571,3.089,44.399072,-98.474251,city_centroid
65622,QUICK STOP #34,US-11/SR-1,Bristol,TN,405,3.299,36.568643,-82.181864,city_centroid
65624,Sudden Service #61,SR-149 & SR-46,Cumberland City,TN,460,3.564,36.366924,-87.63494,city_centroid
65625,Chevron,US-64,Fayetteville,TN,460,3.754,35.152678,-86.566448,city_centroid
65629,CASEYS GOODSTOP #4036,"I-40, EXIT 355",Kingston,TN,405,3.164,35.852807,-84.497054,city_centroid
65639,SPEEDWAY #7138,"I-24, EXIT 70 & SR-102",Smyrna,TN,460,3.049,35.965611,-86.504818,city_centroid
65641,ALLSUPS CONVENIENCE STORE #2331,I-20 & FM 600,Abilene,TX,575,2.876,32.468155,-99.718208,city_centroid
65652,CIRCLE K #2706343,"I-20, EXIT 428",Fort Worth,TX,630,2.969,32.7469,-97.3268,city_centroid
65659,ALLSUPS CONVENIENCE STORE #2169,US-287,Chillicothe,TX,770,2.896,34.243946,-99.515669,city_centroid
65666,FUEL CITY #2,"I-30, EXIT 45B/I-35E",Dallas,TX,630,2.966,32.790439,-96.80439,city_centroid
65667,ALLSUPS CONVENIENCE STORE #2103,US-287/US-81,Decatur,TX,630,2.899,33.235077,-97.573995,city_centroid
65671,SUPER STOP #22,SR-87 & SR-12,Orange,TX,610,3.439,30.125167,-93.771883,city_centroid
65673,PILOT #894,US-57 & US-277,Eagle Pass,TX,693,3.899,28.702786,-100.48176,city_centroid
65674,VALLEY MART #09,US-277,Eagle Pass,TX,740,3.199,28.702786,-100.48176,city_centroid
65678,ONE9 #1300,US-287 & SR-34,Ennis,TX,630,2.869,32.332102,-96.622363,city_centroid
65683,ALLSUPS CONVENIENCE STORE #2225,US-60,Friona,TX,585,2.999,34.640298,-102.719139,city_centroid
65686,CEFCO #2004,"I-35 , EXIT 499",Vernon,TX,770,2.861,34.149135,-99.30301,city_centroid
65690,CIRCLE G TRUCK STOP,US-183 & SR-97,Gonzales,TX,595,2.799,29.50857,-97.449456,city_centroid
65691,CIRCLE K #2704037,US-90/SR-97 & US-183,Gonzales,TX,595,2.904,29.50857,-97.449456,city_centroid
65721,Paradise RV & Truck Park,US-287/US-81,Alvord,TX,770,2.816,33.36982,-97.688488,city_centroid
65724,STRIPES 7FLEET #42427,US-385 & SR-191,Odessa,TX,710,3.289,31.8465,-102.3663,city_centroid
65728,RIVER MART,US-281/SR-241,Pharr,TX,639,3.349,26.177053,-98.187022,city_centroid
65738,CIRCLE K #2741499,SR-35 & FM-1069,Rockport,TX,625,2.806,28.020278,-97.054167,city_centroid
65755,CIRCLE K #2723373,US-11 & SR-622,Atkins,VA,185,3.349,36.866532,-81.404791,city_centroid
65759,XPRESS STOP,US-522 & SR-694,Cross Junction,VA,60,3.332,39.3762,-78.299724,city_centroid
65761,NEW DIXIE MART #15,US-58 & SR-671,Franklin,VA,180,3.099,36.678625,-76.939108,city_centroid
65762,7-ELEVEN #34516,"I-66, EXIT 6",Front Royal,VA,60,3.526,38.926783,-78.179617,city_centroid
65764,LEESBURG CITGO,US-15,Leesburg,VA,60,3.499,39.0867,-77.5775,city_centroid
65765,FOSTERS CONVENIENCE STORE,US-29 & SR-685,Rustburg,VA,185,3.599,37.25454,-79.121507,city_centroid
65767,STATELINE FOOD MART #69,US-23,Pound,VA,44,3.599,37.092734,-82.601555,city_centroid
65770,JOLLEY #136,"I-89, EXIT 21",Alburgh,VT,39,3.539,44.968454,-73.280963,city_centroid
65771,CITGO,"I-91, EXIT 3 & US-5",Brattleboro,VT,12,3.672,42.857353,-72.593322,city_centroid
65789,BEAR CREEK CITGO,US-45 & SR-76/SR-22,Bear Creek,WI,360,3.439,44.5348,-88.740375,city_centroid
65791,EDGAR TRAVEL CENTER,SR-29 & CR-H,Edgar,WI,395,3.559,44.903831,-89.998029,city_centroid
65793,KWIK TRIP #921,SR-13 & SR-21,Friendship,WI,420,3.274,43.989629,-89.814875,city_centroid
65794,BP,"I-43, EXIT 180",Green Bay,WI,360,3.349,44.485313,-88.016868,city_centroid
65796,ADDISON STATION,"I-41/US-41, EXIT 68 & CR-K",Hartford,WI,444,3.149,43.315749,-88.370727,city_centroid
65800,BP,US-45,Kewaskum,WI,444,3.219,43.521446,-88.19253,city_centroid
65804,KWIK TRIP #628,US-45,Larsen,WI,582,3.432,44.198421,-88.696305,city_centroid
65805,HI WAY HOP BP,"I-42/US-41, EXIT 85 & SR-67",Lomira,WI,444,3.099,43.588489,-88.441309,city_centroid
65806,SHELL,US-41 & SR-67,Lomira,WI,444,3.389,43.588489,-88.441309,city_centroid
65809,KWIK TRIP #399,SR-21 & SR-80,Necedah,WI,395,3.249,44.034481,-90.059976,city_centroid
65810,HIGHWAY HARRY'S,I-90/I-94 EXIT 61 & SR-80,New Lisbon,WI,420,3.172,43.88775,-90.152407,city_centroid
65812,PLAINFIELD PLAZA,SR-73 & I-39,Plainfield,WI,395,3.291,44.209079,-89.455896,city_centroid
65813,KWIK TRIP #683,"I-39, EXIT 92 & US-51",Portage,WI,420,3.249,43.550145,-89.47139,city_centroid
65814,Kracheys BP Truck Stop,US-18 & SR-35,Prairie Du Chien,WI,420,3.574,43.042649,-91.119305,city_centroid
65817,TREGO TRAVEL CENTER,US-53 & CR-E,Trego,WI,545,3.582,45.951556,-91.858051,city_centroid
65818,KWIK TRIP #1048,"I-90, EXIT 12",West Salem,WI,515,3.317,43.906253,-91.089311,city_centroid
65820,KWIK TRIP #673,"I-90 & SR-19, EXIT 131",Windsor,WI,420,3.254,43.214121,-89.341469,city_centroid
65822,RSTORE #4499,US-45 & SR-29,Wittenberg,WI,395,3.156,44.823247,-89.166479,city_centroid
65824,CHANEYS SERVICE STATION,US-30 & SR-2,Chester,WV,165,3.799,40.598109,-80.558439,city_centroid
65828,PAR MAR FOOD STORE #52,US-50 & CR-50/16,West Union,WV,430,4.099,39.276185,-80.791057,city_centroid
65831,Hat Six Travel Center,"I-25/US-87, EXIT 182 & SR-253/SR-256",Evansville,WY,790,3.999,42.861384,-106.263886,city_centroid
65835,SOUTHSIDE TRAVEL CENTER,US-20/SR-789,Thermopolis,WY,790,3.799,43.662152,-108.231297,city_centroid
65836,PILOT TRAVEL CENTERS #434,"I-35W, EXIT 65",Fort Worth,TX,630,3.264,32.7469,-97.3268,city_centroid
65837,PILOT TRAVEL CENTERS #455,"I-71, EXIT 140",Marengo,OH,315,3.719,40.389512,-82.812136,city_centroid
65842,AM PM TRAVEL CENTER,US-1/SR-4,Blythe,GA,135,3.599,33.294088,-82.203044,city_centroid
65847,ROAD RANGER #132,"I-57, EXIT 240",Champaign,IL,280,3.409,40.111017,-88.240747,city_centroid
65848,Mobil,I-475,Flint,MI,342,3.199,43.0233,-83.6856,city_centroid
65849,PS FOOD MART #1034,"I-94, EXIT 110 & US-27",Marshall,MI,431,3.429,42.272047,-84.95828,city_centroid
65857,PILOT TRAVEL CENTERS #199,"I-20, EXIT 33",Haughton,LA,745,3.146,32.550732,-93.565742,city_centroid
65858,SPEEDWAY #6661,"I-94, EXIT 40  & US-20 & US-35",La Porte,IN,465,3.599,41.599438,-86.707654,city_centroid
65859,SPEEDWAY #6662,US-20 & SR-15,Bristol,IN,465,3.549,41.716885,-85.826192,city_centroid
65860,LOVES TRAVEL STOPS #283,"E I-30 & FM 549, EXIT 70",Rockwall,TX,630,3.049,32.931111,-96.459444,city_centroid
65862,PILOT TRAVEL CENTERS #396,"I-81, EXIT 213",Staunton,VA,185,3.659,38.145104,-79.07519,city_centroid
65863,VALERO,SR-31,Clinton,NJ,115,3.359,40.641194,-74.908846,city_centroid
65866,FLYING J TRAVEL PLAZA #710,"I-81, EXIT 219",New Milford,PA,200,4.176,41.866409,-75.717113,city_centroid
65868,7-ELEVEN #36073,"I-77, EXIT 54 & US-21",Statesville,NC,46,2.879,35.8381,-80.8842,city_centroid
65873,PILOT TRAVEL CENTER #4619,"I-81 & I-77, EXIT 77",Wytheville,VA,185,3.551,36.940669,-81.094082,city_centroid
65880,MR FUEL DBA ONE9 #1245,"I-55, EXIT 52 & SR-16",Litchfield,IL,574,3.199,39.179345,-89.649915,city_centroid
65883,FLYING J TRAVEL PLAZA #647,"I-64, EXIT 25 & US-41",Haubstadt,IN,340,3.959,38.189536,-87.579827,city_centroid
65885,LOVES TRAVEL STOP #299,"US-75, EXIT 48 & SR-455",Anna,TX,630,3.197,33.344516,-96.563862,city_centroid
65909,7-Eleven/7FLEET #40496,"I-81, EXIT 47 & SR-12",Watertown,NY,220,4.149,43.974258,-75.912212,city_centroid
65912,ATOKA FUEL,US-75/US-69/SR-3,Atoka,OK,569,3.179,34.34451,-96.141827,city_centroid
65914,CASEYS #2732,US-30 & US-284/SR-2,Grand Island,NE,330,3.149,40.921858,-98.341062,city_centroid
65915,Marathon,"I-94/US-52, EXIT 346 & CR-17",West Fargo,ND,341,3.029,46.869523,-96.895002,city_centroid
65917,CUMBERLAND CORNER MART,SR-90 & US-127,Albany,KY,410,3.574,36.68569,-85.140677,city_centroid
65919,QUICK FUEL #5001,US-78/SR-4,Memphis,TN,435,3.026,35.0337,-89.9343,city_centroid
65935,MAIN ST JUNCTION,SR-14 & SR-15,Louisville,MS,705,3.099,33.105824,-89.028653,city_centroid
65962,CIRCLE K #2705937,US-301/SR-35 & SR-50,Dade City,FL,225,3.332,28.4297,-82.2082,city_centroid
65969,PILOT  #1105,SR-29 & SR-182,Bunkie,LA,730,3.212,30.949284,-92.182582,city_centroid
65974,BEACON & BRIDGE #13,"US-127, EXIT 117",Ithaca,MI,342,3.649,43.282808,-84.60883,city_centroid
65978,KWIK TRIP #623,US-61,Minnesota City,MN,515,3.399,44.083222,-91.741808,city_centroid
65983,SPEEDWAY #6967,"US-17, EXIT 227 & SR-32",Edenton,NC,130,3.287,36.090777,-76.622384,city_centroid
65989,DANCING EAGLE,"I-40, EXIT 108",Casa Blanca,NM,580,3.359,35.035222,-107.433907,city_centroid
66014,BIG D TRAVEL CENTER,SR-12 & SR-183,Irving,TX,630,2.956,32.842,-96.9719,city_centroid
66015,LOVES TRAVEL STOP #298,"I-35, EXIT 39 & SR-44",Encinal,TX,693,3.589,28.051329,-99.340902,city_centroid
66016,FLYING J TRAVEL PLAZA #660,"I-64, EXIT 185 & SR-180",Catlettsburg,KY,255,3.766,38.379946,-82.632065,city_centroid
66017,FLYING J TRAVEL PLAZA #626,"I-95/SR-9, EXIT 305 & SR-206",Saint Augustine,FL,75,3.449,29.8364,-81.2745,city_centroid
66020,LOVES TRAVEL STOP #221,I-70 EXIT 160,Zanesville,OH,315,3.482,39.944265,-82.008898,city_centroid
66021,LOVES TRAVEL STOP #238,"I-65, EXIT 116 & SR-480",Shepherdsville,KY,415,3.599,38.004515,-85.688767,city_centroid
66022,PILOT TRAVEL CENTER #459,"I-10, EXIT 133",Avondale,AZ,930,3.587,33.432114,-112.343754,city_centroid
66023,SAPP BROS TRAVEL CENTER,"I-29, EXIT 10 & SR-2",Percival,IA,486,3.789,40.740148,-95.809307,city_centroid
66024,LOVES TRAVEL STOP #239,"I-81/US-11, EXIT 84 & SR-619",Max Meadows,VA,185,3.545,36.91708,-80.921391,city_centroid
66025,SPACE AGE TRAVEL CENTER,"I-84, EXIT 183 & SR-207",Hermiston,OR,935,3.332,45.844992,-119.284876,city_centroid
66026,FLYING J TRAVEL PLAZA #643,"I-70 & I-57, EXIT 160",Effingham,IL,510,3.299,39.121727,-88.561105,city_centroid
66029,Roady's Lucky Deuces,"I-10, EXIT 92 & SR-95",Duson,LA,600,3.036,30.191216,-92.152455,city_centroid
66030,Colfax Travel Center,"I-80, EXIT 159 & SR-117",Colfax,IA,320,3.149,41.678785,-93.258816,city_centroid
66031,WILCO FAST BREAK,US-61/US-24,Palmyra,MO,494,3.119,39.791309,-91.536817,city_centroid
66034,FAS MART #5134,"I-72, EXIT 144 S",Decatur,IL,280,3.459,39.827137,-88.925984,city_centroid
66035,ROAD RANGER #136,"I-90, EXIT 147",Cottage Grove,WI,420,3.544,43.078405,-89.201692,city_centroid
66036,FLYING J TRAVEL PLAZA #602,"I-65, EXIT 264",Birmingham,AL,615,3.559,33.401559,-86.705511,city_centroid
66037,TA PRESCOTT TRAVEL CENTER,"I-30, EXIT 44",Prescott,AR,635,3.502,33.804029,-93.372544,city_centroid
66038,FLYING J #1043,"I-15, EXIT 113",Idaho Falls,ID,825,3.699,43.517679,-111.990626,city_centroid
66039,LOVES TRAVEL STOP #237,"I-20, EXIT 171 & US-65",Tallulah,LA,760,3.259,32.402127,-91.190066,city_centroid
66040,LOVES TRAVEL STOP #272,"I-40 & DW (RANCH RD), EXIT 59",Kingman,AZ,910,3.856,35.258379,-114.05689,city_centroid
66041,PILOT TRAVEL CENTERS #195,"I-84, EXIT 104 & US-97",Wasco,OR,935,3.866,45.597447,-120.730356,city_centroid
66042,FLYING J TRAVEL PLAZA #707,"I-80, EXIT 78",Brookville,PA,14,4.034,41.159986,-79.064101,city_centroid
66043,LOVES TRAVEL STOPS #216,US-67 & US-287,Midlothian,TX,630,3.199,32.475743,-96.993551,city_centroid
66044,TA TAMPA TRAVEL CENTER,"I-4, EXIT 10",Seffner,FL,225,3.396,27.983333,-82.275833,city_centroid
66045,FLYING J TRAVEL PLAZA #698,"I-71, EXIT 69",Jeffersonville,OH,315,3.399,39.65896,-83.56873,city_centroid
66046,PETRO STOPPING CENTER #345,I-69 EXIT357,Fremont,IN,550,3.899,41.733125,-84.945247,city_centroid
66050,PILOT TRAVEL CENTERS #130,"I-77, EXIT 145",Richfield,OH,305,3.799,41.23712,-81.646668,city_centroid
66051,Caseys #4419,I-165 EXIT 5,Bowling Green,KY,460,3.026,37.007874,-86.455891,city_centroid
66054,LOVES TRAVEL STOP #220,"I-25/US-87, EXIT 7 & SR-212",Cheyenne,WY,795,3.709,41.143719,-104.796234,city_centroid
66055,WINDMILL BP,"US-20, EXIT 208 & SR-14",Holland,IA,320,3.599,42.40114,-92.799884,city_centroid
66056,PILOT TRAVEL CENTERS #114,"I-40, EXIT 320",Crossville,TN,405,3.246,35.944041,-85.017171,city_centroid
66057,ROAD RANGER #205,"I-90, EXIT 1",South Beloit,IL,290,3.469,42.483672,-89.029791,city_centroid
66059,TIME OUT TRAVEL CENTER,"I-40, EXIT 432-B",Newport,TN,405,2.966,35.954431,-83.202749,city_centroid
66061,FLYING J TRAVEL PLAZA #709,"I-80, EXIT 173",Mill Hall,PA,14,4.016,41.086688,-77.483609,city_centroid
66062,FLYING J TRAVEL PLAZA #716,"I-29, EXIT 83",Sioux Falls,SD,530,3.899,43.6017,-96.7051,city_centroid
66065,LOVES TRAVEL STOP #321,"SR 770 & I-75 , EXIT 29",Corbin,KY,410,3.599,36.934429,-84.10208,city_centroid
66068,HOLIDAY STATIONSTORE #2746262,I-175 EXIT 394,Sault Sainte Marie,MI,287,3.799,46.473932,-84.346746,city_centroid
66069,128 NEWTON GAS,"I-95, EXIT 20A/SR-128 & SR-9",Newton Lower Falls,MA,34,4.299,42.329167,-71.254167,city_centroid
66070,TAURO,"SR-78, EXIT 3",Phillipsburg,NJ,90,3.342,40.692819,-75.1741,city_centroid
66072,GENES GO TRUCK STOP,"I-10/US-83, EXIT 456 & US-377",Junction,TX,740,3.289,30.47544,-99.74731,city_centroid
66073,EXXON,"I-24 & HUSBAND ROAD, EXIT 11",Paducah,KY,460,3.157,37.063377,-88.663204,city_centroid
66074,HEARTLAND XPRESS,US-67 & SR-M,Poplar Bluff,MO,275,3.199,36.766235,-90.416647,city_centroid
66075,CORNER MART #349,"I-26, EXIT 54 & SR-72",Clinton,SC,210,3.099,34.470692,-81.87717,city_centroid
66078,Amoco,I-40 EXIT 447,Hartford,TN,405,3.099,35.825597,-83.099642,city_centroid
66083,KANGAROO CROSSING,SR-35,Kosciusko,MS,705,3.199,33.0446,-89.572351,city_centroid
66090,ROAD RANGER #267,US-281,Pharr,TX,639,3.564,26.177053,-98.187022,city_centroid
66091,KEYSVILLE SAV U TIME,US-360,Keysville,VA,180,3.399,37.041086,-78.469912,city_centroid
66093,KWIK TRIP #414,"I-90, EXIT 209A & US-63/SR-30",Stewartville,MN,515,3.557,43.867345,-92.454654,city_centroid
66099,NEW JERSEY TRUCK STOP DIESEL ONLY,"I-95, EXIT 15E & US-9/US-1",Kearny,NJ,79,3.759,40.76466,-74.147108,city_centroid
66100,CIRCLE K #2723692,"I-26, EXIT 213",North Charleston,SC,42,3.399,32.933096,-80.086463,city_centroid
66103,TERRIBLE HERBST #243,I-95 & SR-164,Searchlight,NV,910,3.832,35.447601,-114.924182,city_centroid
66106,FLYING J TRAVEL PLAZA #509,"I-15, EXIT 112",Beaver,UT,910,3.689,38.28071,-112.629916,city_centroid
66109,QUARTERS TRAVEL PLAZA,"I-49, EXIT 23 & US-167 /SR-744",Opelousas,LA,730,3.184,30.51442,-92.089668,city_centroid
66110,LOVES TRAVEL STOP #479,"I-29, EXIT143",Sioux City,IA,527,3.642,42.497223,-96.40292,city_centroid
66111,CROSSROADS EXPRESS,US-36 & US-83,Oberlin,KS,475,3.089,39.827507,-100.531389,city_centroid
66113,7-ELEVEN #39467,"I-95, EXIT 16E",Jersey City,NJ,115,3.259,40.7164,-74.038,city_centroid
66114,LOVES TRAVEL STOP #235,"I-29 & US-169, EXIT 44",Saint Joseph,MO,400,3.332,39.768755,-94.838488,city_centroid
66115,FLYING J TRAVEL PLAZA #697,"I-80, EXIT 234B",Hubbard,OH,573,3.459,41.162401,-80.576192,city_centroid
66116,ONVO TRAVEL PLAZA - HARFORD,"I-81, EXIT 217 & SR-547",Harford,PA,200,3.589,41.779891,-75.678632,city_centroid
66117,ONVO TRAVEL PLAZA PINE GROVE,"I-81, EXIT 32",Pine Grove,PA,70,3.539,40.567093,-76.326913,city_centroid
66119,FLYING J TRAVEL PLAZA #645,"I-270 & SR-11, EXIT 6",Granite City,IL,540,3.559,38.721572,-90.115822,city_centroid
66120,LOVES TRAVEL STOP #306,"I-40/SR-66, EXIT 412",Dandridge,TN,405,3.689,36.001798,-83.404435,city_centroid
66121,ROAD RANGER #226,"I-65, EXIT 99",Greenwood,IN,375,3.601,39.622398,-86.148993,city_centroid
66122,ROAD RANGER #139,"I-57, EXIT 212",Tuscola,IL,280,3.229,39.799509,-88.281585,city_centroid
66123,ROAD RANGER #225,"I-80, EXIT 56",Princeton,IL,290,3.289,41.362934,-89.427017,city_centroid
66125,LOVES TRAVEL STOP #249,"I-55, EXIT 109",Williamsville,IL,318,3.389,39.930438,-89.534172,city_centroid
66126,LOVES TRAVEL STOP #209,"I-20, EXIT 3 & US-80 & SR-169",Greenwood,LA,745,3.134,32.424025,-93.969252,city_centroid
66131,SPEEDWAY #3446,"I-95, EXIT 10 & SR-440",Edison,NJ,115,3.586,40.517079,-74.397286,city_centroid
66133,LOVES TRAVEL STOPS #228,"I-4, EXIT 44",Polk City,FL,225,3.389,28.19867,-81.808282,city_centroid
66134,CIRCLE K #2721591,"I-10, EXIT 10 & US-29/SR-95",Pensacola,FL,155,3.222,30.422282,-87.224763,city_centroid
66135,CIRCLE K #2721592,"I-10, EXIT 5 & US-90 ALT",Pensacola,FL,155,3.222,30.422282,-87.224763,city_centroid
66136,CHOCTAW TRAVEL PLAZA #638,US-270 & US-59 & US-112,Poteau,OK,645,3.299,35.060561,-94.609603,city_centroid
66137,CIRCLE K #2721594,"I-10, EXIT 263",Slidell,LA,725,3.171,30.278411,-89.771192,city_centroid
66138,LOVES TRAVEL STOP #307,"I-75, EXIT 201",Jackson,GA,18,3.386,33.282006,-83.978391,city_centroid
66139,LOVES TRAVEL STOPS #305,"I-81, EXIT 291 & SR-651",Toms Brook,VA,60,3.649,38.97016,-78.403757,city_centroid
66141,QUICK FUEL #5102,"SR-826, EXIT NW 58TH ST",Miami,FL,95,3.389,25.779,-80.1982,city_centroid
66142,QUICK FUEL #5106,SR-589 & SR-580,Tampa,FL,225,3.492,27.9428,-82.4549,city_centroid
66149,QUICK FUEL #5105,"I-75, EXIT W BRANDON BLVD",Tampa,FL,225,3.501,27.9428,-82.4549,city_centroid
66152,Flying J Travel Plaza #656,"I-65, EXIT 95 & CR-500",Whiteland,IN,375,3.959,39.555313,-86.093476,city_centroid
66155,7-ELEVEN #36575,"I-35, EXIT 248",Pflugerville,TX,595,2.899,30.442133,-97.629895,city_centroid
66156,7-ELEVEN #36567,SR-6 & SR-21,Bryan,TX,670,3.144,30.632698,-96.36616,city_centroid
66172,Timewise Food Store #163,"I-35, EXIT 8",Laredo,TX,693,2.936,27.515538,-99.498579,city_centroid
66173,TIMEWISE FOOD STORE #160,"I-10, EXIT 661",Flatonia,TX,740,3.199,29.709493,-97.098685,city_centroid
66174,TIMEWISE FOOD STORE #162,"I-10, EXIT 456",Junction,TX,740,3.099,30.47544,-99.74731,city_centroid
66176,PILOT #6996,"I-40, EXIT 364",Warsaw,NC,245,3.472,34.99818,-78.086739,city_centroid
66177,PILOT #6978,"I-74/I-73/US-220, EXIT 44 & SR-211",Candor,NC,65,3.999,35.22335,-79.787623,city_centroid
66178,LOVES TRAVEL STOP #284,I-69C/US-281 & FM-2812,Edinburg,TX,639,3.111,26.304221,-98.156922,city_centroid
66179,LOVES TRAVEL STOP #246,I-80 EXIT 46,Fernley,NV,966,3.916,39.601888,-119.235044,city_centroid
66182,CIRCLE K #2706708,"I-185, EXIT 10",Midland,GA,50,3.339,32.561587,-84.855851,city_centroid
66183,CHEVRON CURB STORE,SR-35 & SR-21,Forest,MS,705,3.569,32.346999,-89.467201,city_centroid
66184,HENRIETTA TRUCK STOP,"I-390, EXIT 12 & I-90, EXIT 46",Henrietta,NY,190,3.899,43.048264,-77.612224,city_centroid
66185,TIGERMART OF BUFFALO,"I-45, EXIT 178 & US-79",Buffalo,TX,670,3.599,31.457151,-96.058516,city_centroid
66186,STRIPES #40813,US-281 & SR-285,Falfurrias,TX,625,3.087,27.22416,-98.140844,city_centroid
66195,MOBIL,"I-495, EXIT 26 & SR-62",Berlin,MA,34,3.699,42.384438,-71.635634,city_centroid
66196,EXXON TIGER MART,"I-35, EXIT 386",Italy,TX,630,3.122,32.178508,-96.88229,city_centroid
66198,CIRCLE K #2703117,"I-20, EXIT 11",Graniteville,SC,135,3.159,33.563016,-81.814686,city_centroid
66221,ROAD RANGER #236,"I-43, EXIT 38",East Troy,WI,420,3.082,42.803531,-88.409215,city_centroid
66223,7-ELEVEN #36548,SR-83,Laredo,TX,693,2.999,27.515538,-99.498579,city_centroid
66224,ROAD RANGER #235,"I-90, EXIT 36",Hampshire,IL,290,3.369,42.080748,-88.517033,city_centroid
66225,ROAD RANGER #140,"I-39, EXIT 72",Mendota,IL,520,3.269,41.544308,-89.10828,city_centroid
66227,Pilot Travel Center #482,"I-57, EXIT 95",Mount Vernon,IL,574,3.359,38.317014,-88.910525,city_centroid
66229,LOVES TRAVEL STOP #308,"I-40, EXIT 86 & SR-226",Marion,NC,210,3.739,35.681916,-82.017993,city_centroid
66230,PETRO COLBY TRUCKSTOP,"I-70, EXIT 53 & SR-25",Colby,KS,525,3.599,39.383038,-101.044169,city_centroid
66235,LOVES TRAVEL STOP #291,"I-75, EXIT 95 & SR-627",Richmond,KY,410,3.599,37.754605,-84.295526,city_centroid
66236,LOVES TRAVEL STOP #309,"I-80, EXIT 332 & SR-14",Aurora,NE,330,3.289,40.852838,-98.020107,city_centroid
66237,ROUTE 66 TRAVEL CENTER,"I-40, EXIT 140",Albuquerque,NM,580,3.359,35.0936,-106.6423,city_centroid
66238,BETTY BEAVERS TRUCKSTOP,"I- 90, EXIT 29",Canajoharie,NY,12,3.599,42.88239,-74.583522,city_centroid
66239,Hola,US-27/SR-80/SR-25,South Bay,FL,95,3.419,26.670126,-80.731214,city_centroid
66241,PUMP & PANTRY #29,US-30,Central City,NE,330,3.337,41.121259,-98.001693,city_centroid
66242,PUMP & PANTRY #23,"US-34, EXIT 4TH AVE",Holdrege,NE,330,3.449,40.447527,-99.367233,city_centroid
66243,CIRCLE K #4707000,SR-9,Baileyville,ME,170,3.899,45.133234,-67.417519,city_centroid
66244,STRIPES #40809,"I-37, EXIT 56",George West,TX,625,3.044,28.320388,-98.116159,city_centroid
66247,GULF OIL #5045,I-90 EXIT 83,Charlton,MA,34,3.909,42.137902,-71.966384,city_centroid
66248,CIRCLE K #4707046,"I-95, EXIT 6",Scarborough,ME,170,3.909,43.578056,-70.322222,city_centroid
66249,CIRCLE K #4707206,SR-125,Epping,NH,170,3.767,43.041052,-71.076367,city_centroid
66250,SPEEDWAY #6973,US-1,Wake Forest,NC,177,2.949,35.981544,-78.539213,city_centroid
66252,CIRCLE K #4707023,US-1A,Holden,ME,170,3.732,44.742209,-68.648307,city_centroid
66255,CIRCLE K #4707217,US-2 & SR-16,Gorham,NH,170,3.751,44.399601,-71.179983,city_centroid
66257,LOVES TRAVEL STOP #310,"I-80/US-30, EXIT 173",Wamsutter,WY,795,3.723,41.658278,-108.151674,city_centroid
66258,CIRCLE K #4707208,"I-93, EXIT 23",New Hampton,NH,170,3.659,43.618393,-71.643513,city_centroid
66259,CEFCO #48,"I-35, EXIT 304",Temple,TX,765,2.966,31.089518,-97.334264,city_centroid
66261,CIRCLE K #2723123,"I-95, EXIT 71",Dunn,NC,205,3.142,35.316511,-78.615079,city_centroid
66263,One9 SPEEDWAY #6753,"I-78, EXIT 1",Fleetwood,PA,208,3.832,40.446766,-75.8144,city_centroid
66266,7-ELEVEN #40508,"I-80, EXIT 90",Elkhart,IN,465,3.999,41.710083,-85.972949,city_centroid
66267,TA DEMOTTE TRAVEL CENTER,"I-65, EXIT 230",Demotte,IN,365,3.447,41.171319,-87.249129,city_centroid
66272,MOOSETRACKS #752,"I-85, EXIT 113",High Point,NC,63,3.114,35.959313,-80.011673,city_centroid
66273,PETRO STOPPING CENTER,"I-59, EXIT 181 & US-77",Gadsden,AL,615,3.999,33.997248,-86.010279,city_centroid
66274,FLYING J TRAVEL PLAZA #692,"I-80, EXIT 352 & US-93",Wells,NV,835,3.709,41.129798,-114.532752,city_centroid
66278,PILOT TRAVEL CENTERS #394,"I-84, EXIT 6",Newburgh,NY,32,4.359,41.517833,-74.03598,city_centroid
66284,JOLLEY #150,"I-89, EXIT 19",Saint Albans,VT,39,3.539,44.811138,-73.089025,city_centroid
66285,QUIKTRIP #787,"I-675, EXIT 5",Ellenwood,GA,18,3.109,33.61,-84.288056,city_centroid
66286,CASEYS #4205,"I-40/75, EXIT 374",Knoxville,TN,405,3.099,35.9609,-83.9189,city_centroid
66290,ABBYLAND TRUCK STOP,"SR-29, EXIT 127",Curtiss,WI,395,3.462,44.960186,-90.459223,city_centroid
66292,LOVES TRAVEL STOP #311,"I-20, EXIT 9",Waco,GA,18,3.391,33.683986,-85.219674,city_centroid
66293,One9 #254,"I-24, EXIT 169",Wildwood,GA,285,3.099,34.977911,-85.430456,city_centroid
66294,FLYING J TRAVEL PLAZA #667,"I-69, EXIT 81SB / I-96, EXIT 9",Grand Ledge,MI,406,3.959,42.752924,-84.737314,city_centroid
66295,LOVES TRAVEL STOP #432,"I-94/I-41,  EXIT 322 & SR-100",Oak Creek,WI,444,3.867,42.88916,-87.902661,city_centroid
66299,XTRA MART #10093,SR-146,Millbury,MA,175,3.649,42.196779,-71.764438,city_centroid
66300,PILOT TRAVEL CENTERS #149,"I-40, EXIT 42 & SR-222",Stanton,TN,435,3.509,35.448171,-89.33263,city_centroid
66301,KWIK TRIP #743,US-10 & SR-114,Menasha,WI,582,3.507,44.211164,-88.417536,city_centroid
66303,KWIK TRIP #787,US-51 & CR-JJ,Schofield,WI,395,3.416,44.906407,-89.581789,city_centroid
66307,CM ST HELENA,SR-16,Amite,LA,600,3.399,30.718208,-90.570493,city_centroid
66310,FLYING J #620,"I-70, EXIT 49",Smithton,PA,165,4.109,40.144267,-79.731277,city_centroid
66313,LOVES TRAVEL STOP #313,"I-55, EXIT 58  & SR-80",Matthews,MO,275,3.277,36.807528,-89.576833,city_centroid
66314,PS FOOD MART #1042,"US-23, EXIT 17",Dundee,MI,325,3.429,41.951435,-83.652165,city_centroid
66315,SPEEDWAY #6748,"I-94, EXIT 34 & US-421",Michigan City,IN,465,3.682,41.698031,-86.869899,city_centroid
66316,CASEYS #4204,SR-168,Knoxville,TN,405,3.259,35.9609,-83.9189,city_centroid
66317,LOVES TRAVEL STOP #314,I-24 EXIT 89,Christiana,TN,460,3.462,35.740877,-86.407932,city_centroid
66318,ROAD RANGER #242,"I-44, EXIT 163",Saint Robert,MO,540,3.264,37.828056,-92.1775,city_centroid
66319,ROAD RANGER #211,I-90 & RIVERSIDE BLVD,Loves Park,IL,520,3.469,42.32952,-89.033521,city_centroid
66320,SPEEDWAY #8772,"I-69, EXIT 168 & SR-53",Imlay City,MI,342,3.779,43.042512,-83.070799,city_centroid
66322,LOVES TRAVEL STOP #318,"I-57, EXIT 83 & CR-42",Ina,IL,574,3.389,38.152743,-88.889362,city_centroid
66323,PILOT TRAVEL CENTERS #905- TOWN PUMP,"I-90, EXIT 109",Milltown,MT,820,3.609,46.871389,-113.880833,city_centroid
66328,LOVES TRAVEL STOP #320,"I-16/SR-404, EXIT 49 & SR-257",Dublin,GA,85,3.332,32.547794,-82.90368,city_centroid
66329,CIRCLE K #2723438,"I-85, EXIT 96",Gaffney,SC,210,3.199,35.061508,-81.649061,city_centroid
66332,PWI #172,"I-45, EXIT 258",Palmer,TX,630,2.776,32.438714,-96.679429,city_centroid
66334,Hucks Travel Center #052,"I-24/I-69, EXIT 40 & US-641/US-62/SR-93",Kuttawa,KY,490,3.699,37.061871,-88.149813,city_centroid
66337,ZIP TRIP #60,"I-25, EXIT 299 & US-16/SR-196",Buffalo,WY,836,3.581,44.34847,-106.70726,city_centroid
66338,SHELL,"I-30, EXIT 160 & US-271/SR-49 & US-67",Mount Pleasant,TX,723,3.899,33.173309,-94.969461,city_centroid
66339,PILOT DEALER #873,US-27,Miami,FL,176,3.699,25.779,-80.1982,city_centroid
66341,7-ELEVEN #218,"I-44, EXIT 4",Harrold,TX,770,2.687,34.097097,-99.035052,city_centroid
66342,ONE9 #398,"I-75, EXIT 109",Vienna,GA,10,3.109,32.091291,-83.792198,city_centroid
66346,PILOT TRAVEL CENTERS #247,"I-74, EXIT 39 & SR-32",Crawfordsville,IN,375,3.899,40.032524,-86.907424,city_centroid
66348,PIT STOP,I-40 EXIT 221,Wheatley,AR,695,2.999,34.920703,-91.108645,city_centroid
66349,CIRCLE K #2741796,"I-40, EXIT 5",Little Rock,AR,695,3.366,34.748342,-92.281939,city_centroid
66352,KWIK TRIP #871,"US-41, EXIT 124 & SR-76",Oshkosh,WI,582,3.291,44.021962,-88.543635,city_centroid
66353,MOTOMART #3361,"I-55, EXIT 129",Perryville,MO,540,2.989,37.717437,-89.873664,city_centroid
66355,CIRCLE K #2723439,"I-26, EXIT 5",Campobello,SC,30,3.132,35.108003,-82.140343,city_centroid
66357,LOVES TRAVEL STOP #351,"I-80 & E 8TH RD, EXIT 81",Utica,IL,290,3.289,41.363033,-89.000795,city_centroid
66361,SHADY NOOK,US-61/US-49,Lyon,MS,655,3.999,34.247369,-90.498147,city_centroid
66362,TA FLORENCE TRAVEL CENTER,"I-95, EXIT 164 & US-52",Florence,SC,46,3.326,34.18375,-79.772786,city_centroid
66363,LOVES TRAVEL STOP #178,"US-35/KS TPKE, MM 26",Belle Plaine,KS,570,3.329,37.405155,-97.285221,city_centroid
66364,SHELL,"I-4, EXIT 64",Plant City,FL,225,3.447,28.0168,-82.1289,city_centroid
66365,LIBERTY,US-202,Ringoes,NJ,230,3.399,40.44587,-74.828839,city_centroid
66368,PETRO STOPPING CENTER #371,"I-90, EXIT 41",Waterloo,NY,190,4.196,42.904515,-76.875498,city_centroid
66369,LOVES TRAVEL STOP #319,"I-74, EXIT 61",Pittsboro,IN,375,3.889,39.861529,-86.464548,city_centroid
66370,SPEEDWAY #6979,US-301,Wilson,NC,177,3.129,35.727022,-77.922733,city_centroid
66371,RAPIDES STATION TRUCK STOP,"I-49, EXIT 94",Boyce,LA,730,3.099,31.321601,-92.686681,city_centroid
66372,CEFCO #54,"I-35, EXIT 292",Belton,TX,765,2.952,31.072298,-97.472025,city_centroid
66374,BROOKSHIRE BROS #6111,US-259,Nacogdoches,TX,618,3.369,31.618534,-94.651093,city_centroid
66376,SUBS AND GRUBS,"I-63, EXIT 39",Jonesboro,AR,435,3.389,35.833016,-90.696526,city_centroid
66377,QUIKTRIP #873,"I-35W, EXIT 42",Fort Worth,TX,630,2.976,32.7469,-97.3268,city_centroid
66382,STATELINE CONOCO,"I-35, EXIT 114",Eagleville,MO,320,3.549,40.491197,-93.995058,city_centroid
66383,TENAHA EXPRESS MART,US-96 & US-84,Tenaha,TX,618,3.299,31.940812,-94.248773,city_centroid
66385,TA EXPRESS MINDEN,"I-20, EXIT 52",Minden,LA,745,3.114,32.632281,-93.288587,city_centroid
66386,SPEEDWAY #4631,US-220,Bassett,VA,185,3.416,36.753425,-80.005506,city_centroid
66388,Gas n Go,"I-75, EXIT 117 AT MILE 117",Pinehurst,GA,85,3.099,32.196692,-83.720853,city_centroid
66392,MISSILE MART #10,"I-40, EXIT 161",El Dorado,AR,635,3.499,33.20735,-92.662856,city_centroid
66393,VILLAGE PANTRY #5210,"I-74, EXIT 206",Oakwood,IL,280,3.179,40.116656,-87.7825,city_centroid
66396,CIRCLE K #2723988,"I-55, EXIT 61 & SR-38",Kentwood,LA,600,3.299,30.889215,-90.472829,city_centroid
66399,CIRCLE K #2723672,"I-59/I-20, EXIT 128",Birmingham,AL,615,3.699,33.401559,-86.705511,city_centroid
66400,PWI #640,"I-10/US-95, EXIT 5",Ehrenberg,AZ,900,3.359,33.604167,-114.524444,city_centroid
66404,QUICK FUEL #5302,"I-635, EXIT 14",Garland,TX,637,3.087,32.922744,-96.624804,city_centroid
66405,FLYING J FUEL STOP #668,"I-75, EXIT 151",Saginaw,MI,260,3.289,43.404692,-83.915626,city_centroid
66406,LOVES TRAVEL STOPS #317,"I-95, EXIT 4 & SR-629",Skippers,VA,180,3.789,36.579685,-77.543663,city_centroid
66407,CIRCLE K #2723668,SR-35,Fort Payne,AL,615,3.649,34.436792,-85.712394,city_centroid
66410,SIBLEY FOOD FUEL,US-72/SR-20 & CR-150,Courtland,AL,615,3.399,34.671866,-87.314255,city_centroid
66416,DUCK THRU FOOD STORE #18,US-13,Winton,NC,130,3.562,36.382616,-76.936007,city_centroid
66420,PILOT TRAVEL CENTER #911,I-90 EXIT 47,Superior,MT,820,3.559,47.172103,-114.888483,city_centroid
66422,PLAQUEMINE TRUCK STOP,ST 1,Plaquemine,LA,600,3.999,30.268414,-91.252361,city_centroid
66424,CIRCLE K #2741652,"I-10, EXIT 139",Phoenix,AZ,930,3.369,33.451,-112.0685,city_centroid
66425,CLARK OIL #31,"I-10, EXIT 44",Biloxi,MS,620,2.849,30.403478,-88.897143,city_centroid
66428,SHELL,US-167,Hensley,AR,695,3.589,34.591133,-92.214019,city_centroid
66437,PILOT #4596,"I-81, EXIT 4",White Pine,TN,405,3.699,36.090299,-83.287921,city_centroid
66439,JACK FLASH,I-55,Farmersville,IL,574,3.199,39.453048,-89.642718,city_centroid
66440,BP CONNECT #4701,I-55,Chicago,IL,290,3.569,41.885847,-87.618123,city_centroid
66447,CIRCLE K #4701207,"U-55, EXIT 220",Dwight,IL,399,3.349,41.088701,-88.415884,city_centroid
66448,HAMMOND TRAVEL CENTER,"I-55, EXIT 31B & US-190/SR-3260",Hammond,LA,600,3.099,30.51908,-90.487856,city_centroid
66449,CITGO,"I-55, EXIT 67",Blytheville,AR,435,3.389,35.934482,-89.922497,city_centroid
66451,EZ MART #304,M-57,Middleton,MI,406,3.699,43.168911,-84.755221,city_centroid
66454,Fast Stop Shell,I-10,Reserve,LA,600,3.799,30.060255,-90.551773,city_centroid
66456,TEXACO #383124,SR-70,Saint James,LA,623,2.969,30.027598,-90.860549,city_centroid
66460,CASH MAGIC BROUSSARD NORTH,"I-49, EXIT 103",Broussard,LA,600,3.399,30.12189,-91.950171,city_centroid
66461,YESWAY #1167,US-62 & CR-41/CR-168,Ropesville,TX,700,3.041,33.457499,-102.15841,city_centroid
66465,Knapp Truck Stop,"I-64, EXIT 50 & SR-127",Nashville,IL,574,3.299,38.335208,-89.384058,city_centroid
66470,CIRCLE K #9068,"I-65, EXIT 181",Millbrook,AL,720,3.216,32.499485,-86.364125,city_centroid
66472,DIAMOND #21,"I-65, EXIT 54",Atmore,AL,715,3.259,31.057245,-87.487347,city_centroid
66474,FAMCO EXPRESS,"I-690, EXIT 8",Syracuse,NY,235,3.299,43.0459,-76.1528,city_centroid
66475,SPEEDWAY #4346,SR-7,Calexico,CA,900,4.799,32.683227,-115.502815,city_centroid
66478,LOVES TRAVEL STOP #175,"I-70, EXIT 187",Tecumseh,KS,553,3.289,39.021664,-95.537926,city_centroid
66480,LOVES TRAVEL STOP #360,"I-65, EXIT 58 & SR-218 & SR-335",Horse Cave,KY,415,3.429,37.184939,-85.878549,city_centroid
66487,COMPASS,"I-55, EXIT 282",La Grange,IL,290,3.549,41.801345,-87.875252,city_centroid
66488,HUCKS FOOD & FUEL #54,I-74,Farmer City,IL,280,3.269,40.244689,-88.663385,city_centroid
66495,SUPER SAVER EXPRESS,"I-10, EXIT 21",Sulphur,LA,690,2.999,30.219001,-93.363911,city_centroid
66496,EXXON FUEL EXPRESS,"I-10/SR-8, EXIT 31 & SR-87",Milton,FL,155,3.999,30.660413,-87.047278,city_centroid
66502,SHOP RITE #82,"I-10, EXIT 64",Jennings,LA,690,3.589,30.22011,-92.657405,city_centroid
66504,COUNTRY BOYS COUNTRY STORE,"I-10, EXIT 813",Hankamer,TX,610,2.866,29.87524,-94.593846,city_centroid
66507,ST IGNACE TRUCKSTOP,I-75,Saint Ignace,MI,287,3.799,45.921527,-84.709409,city_centroid
66508,SAMS SUNOCO,I-75,Toledo,OH,550,3.399,41.642,-83.5438,city_centroid
66509,FOUR STAR FOOD MART,"I-75, EXIT 122",Lima,OH,411,3.144,40.675926,-84.144049,city_centroid
66512,MARATHON #1554,"I-75, EXIT 21",Newport,MI,325,3.299,41.976582,-83.280438,city_centroid
66513,SUNRISE STORE,"I-75, EXIT 212",West Branch,MI,260,3.199,44.279032,-84.228623,city_centroid
66514,BIGFOOT TRAVEL CENTER,"I-75, EXIT 29",Hahira,GA,10,3.099,30.941593,-83.357366,city_centroid
66516,ADEL TRUCK PLAZA,"I-75, EXIT 39",Adel,GA,10,2.999,31.125143,-83.421346,city_centroid
66517,ADMIRAL PETROLEUM #5796,"I-75, EXIT 392",Sault Sainte Marie,MI,287,3.799,46.473932,-84.346746,city_centroid
66518,Racetrac #2622,"I-75, EXIT 60",Valdosta,GA,75,3.032,30.810578,-83.277166,city_centroid
66523,LOVES TRAVEL STOP #325,"I-75, EXIT 59 & SOUTHWELL BLVD",Tifton,GA,10,3.609,31.450278,-83.508611,city_centroid
66525,BP,"I-76, EXIT 6",Luna Pier,MI,550,3.399,41.815368,-83.436165,city_centroid
66527,TA EXPRESS #648,"I-76, EXIT 90A",Brush,CO,800,4.099,40.260255,-103.62788,city_centroid
66528,GO MART FOOD STORE #99,US-50 & SR-14,Parkersburg,WV,430,3.489,39.264433,-81.535412,city_centroid
66529,7-ELEVEN #36076,"I-77, EXIT 73 & US-421",Hamptonville,NC,65,2.899,36.124248,-80.813687,city_centroid
66531,MIDWAY EXXON TRAVEL CENTER,"I-78, EXIT 16",Bethel,PA,70,3.359,40.480834,-76.274209,city_centroid
66532,PETRO PLAZA,"I-78, EXIT 17",Hampton,NJ,115,3.266,40.677351,-74.962221,city_centroid
66534,LOVES TRAVEL STOP #347,"I-70, EXIT 101 & SR-5",Boonville,MO,310,3.509,38.95364,-92.744973,city_centroid
66537,BECKS EXPRESS MART #26,"I-80, EXIT 19",Geneseo,IL,270,3.269,41.46881,-90.171127,city_centroid
66538,KUM & GO #0023,"I-80, EXIT 23",Neola,IA,486,3.157,41.456383,-95.679358,city_centroid
66539,SOUTH RIDGE FARM MARKET,"I-80, EXIT 6",Clyde,OH,550,3.399,41.302397,-82.991849,city_centroid
66547,OLD STONE JIFFY MART,"I-81, EXIT 321",Clear Brook,VA,60,3.599,39.265461,-78.098788,city_centroid
66548,YESWAY #1156,US-84 & SR-289,Lubbock,TX,700,2.951,33.586527,-101.860634,city_centroid
66550,CIRCLE K #2709663,"I-82, EXIT 730",Umatilla,OR,982,3.639,45.915725,-119.313715,city_centroid
66552,GEM STOP,I-84,Marsing,ID,785,3.586,43.539866,-116.823968,city_centroid
66553,JACKSONS FOOD STORE #83,"I-84, EXIT 304",Baker City,OR,982,3.599,44.780102,-117.828631,city_centroid
66556,PILOT TRAVEL CENTER #899- SLIP IN,I-85,South Hill,VA,180,3.959,36.712388,-78.153388,city_centroid
66560,Sunoco,"I-85, EXIT 11",Townville,SC,30,3.199,34.522638,-82.89633,city_centroid
66562,TA EXPRESS FAIR PLAY,"I-85, EXIT 4",Fair Play,SC,16,3.209,34.577548,-82.999874,city_centroid
66564,SPEEDWAY #6954,US-70,High Point,NC,65,3.049,35.959313,-80.011673,city_centroid
66565,KWIK FILL #395,"I-86, EXIT 12",Jamestown,NY,240,4.469,42.092845,-79.243989,city_centroid
66571,LEXINGTON GULF,"I-128, NORTH MASS PIKE",Lexington,MA,34,4.299,42.4558,-71.2193,city_centroid
66573,Brake Time Corner Market,"I-135, EXIT 14",Wichita,KS,570,3.299,37.6898,-97.3415,city_centroid
66579,GULF OIL LP #5010,"I-90, EXIT 2",Lee,MA,215,3.914,42.298994,-73.231696,city_centroid
66582,PWI #807,"I-15, EXIT 163 & SR-99",Fillmore,UT,835,3.374,38.980539,-112.331321,city_centroid
66584,MOAPA PAIUTE TRAVEL CENTER,"I-15, EXIT 75",Moapa,NV,910,3.332,36.675833,-114.62,city_centroid
66586,CIRCLE K #4707609,US-20 & SR-12,Sangerfield,NY,235,4.099,42.913889,-75.379444,city_centroid
66588,CUBBYS #402,"I-90, EXIT 330",Mitchell,SD,530,3.149,43.710921,-98.027026,city_centroid
66594,FRIENDLY GUS STORE #23,I-16/SR-19,Dublin,GA,85,3.399,32.547794,-82.90368,city_centroid
66595,GULF OIL LP #5040,"I-90, EXIT 9",Charlton,MA,34,3.909,42.137902,-71.966384,city_centroid
66597,BP,"I-16, EXIT 90 & US-1",Twin City,GA,195,3.782,32.612926,-82.197856,city_centroid
66598,WOODSHED LL,I-166 & I-169,S Coffeyville,OK,307,3.099,36.983684,-95.606509,city_centroid
66601,LOVES TRAVEL STOP #323,"I-69, EXIT 264 & SR-18",Marion,IN,457,3.576,40.574333,-85.674127,city_centroid
66603,COFFEE CUP FUEL STOP #7,"I-90, EXIT 406 & SR-11",Brandon,SD,530,2.977,43.596413,-96.578201,city_centroid
66604,GALLOPS,"I-90, I-80, EXIT 40",La Porte,IN,370,3.549,41.599438,-86.707654,city_centroid
66606,BART INDUSTRIES,"I-91, EXIT 6",Bellows Falls,VT,215,3.709,43.148198,-72.466373,city_centroid
66607,7-ELEVEN #37392,"I-93, EXIT 5",Londonderry,NH,34,3.799,42.865555,-71.37719,city_centroid
66608,CASEYS #2650,I-94/US-52 EXIT 135 & CR-173,Melrose,MN,522,3.179,45.658183,-94.819768,city_centroid
66612,STOP N GO #1709,"I-94, EXIT 105",Hixton,WI,295,3.237,44.397778,-91.039086,city_centroid
66613,LOVES TRAVEL STOP #362,"I-10, EXIT 7 & SR-3063",Vinton,LA,690,3.306,30.201523,-93.572808,city_centroid
66614,MARATHON,"I-94, EXIT 212A",Detroit,MI,325,3.699,42.347429,-83.060398,city_centroid
66615,KWIK TRIP #396,"I-94, EXIT 295",Waukesha,WI,444,3.399,42.999304,-88.219559,city_centroid
66618,CIRCLE K #2723378,I-95,Sumter,SC,42,3.159,33.928199,-80.321008,city_centroid
66620,Shell,"I-95, EXIT 130",Ashland,VA,180,3.264,37.73948,-77.478373,city_centroid
66622,DUNCAN TRUCK STOP,"I-95, EXIT 15",Jersey City,NJ,115,3.409,40.7164,-74.038,city_centroid
66624,Sunoco,"I-95, EXIT 25",Croydon,PA,160,3.659,40.093322,-74.899077,city_centroid
66625,EXIT 43 QUICK STOP,"I-95, EXIT 43",Richmond,ME,170,3.766,44.104213,-69.821077,city_centroid
66628,Chevron,"I-95, EXIT 5 & US-17",Hardeeville,SC,42,3.007,32.263512,-81.066865,city_centroid
66631,SPEEDWAY #3589,I-96,Lake Odessa,MI,342,3.599,42.786335,-85.135667,city_centroid
66632,SHELL FOOD MART AND TRUCKSTOP,I-985,Gainesville,GA,16,3.399,34.307269,-83.825596,city_centroid
66635,C  BARN,US-67,Park Hills,MO,540,3.049,37.85555,-90.52735,city_centroid
66637,BERKLYS TRAVEL CENTER,US-281,Round Mountain,TX,595,3.316,30.442879,-98.436514,city_centroid
66640,Kent Kwik #928,US-82/SR-6 & SR-5/SR-25,Brent,AL,615,3.099,32.93567,-87.211387,city_centroid
66643,DEERFIELD TRAVEL CENTER,"I-55, EXIT 8",Steele,MO,275,2.976,36.091528,-89.834585,city_centroid
66645,ALLSUPS #2390,"I-20/US-84, EXIT 270",Merkel,TX,575,2.876,32.444371,-99.992443,city_centroid
66648,CHEVRON,"I-20, EXIT 113",Bessemer,AL,615,3.099,33.409002,-86.947547,city_centroid
66649,CHOCTAW TRAVEL PLAZA #637,US-59 & CR-E1452,Heavener,OK,645,3.299,34.835267,-94.61849,city_centroid
66659,MARATHON,SR-37,Mitchell,IN,415,3.599,38.742625,-86.476096,city_centroid
66664,CASEYS #3294,"I-380/SR-27, EXIT 43 & SR-150",Urbana,IA,380,3.449,42.224167,-91.874167,city_centroid
66667,CIRCLE K #4701408,"I-36, EXIT 99",Rochelle,IL,520,3.499,41.928156,-89.071035,city_centroid
66668,ACME TRUCK STOP,"I-4, EXIT 96",Orlando,FL,140,3.399,28.539882,-81.372668,city_centroid
66669,CIRCLE K #2726032,I-40,Jacksonville,FL,75,3.429,30.0759,-81.5803,city_centroid
66670,SPEEDWAY #7930,"I-40, 1126 N MAIN ST",Lillington,NC,63,3.759,35.331954,-78.921223,city_centroid
66671,CIRCLE K #2723686,US-72,Scottsboro,AL,285,3.266,34.67227,-86.051336,city_centroid
66673,MARATHON,SR-72,Huntsville,AL,615,2.979,34.726866,-86.567318,city_centroid
66676,HUTCH'S #118,"I-40, EXIT 108",Watonga,OK,483,3.099,35.853762,-98.417487,city_centroid
66678,NKS ROYAL TRUCKSTOP,"I-40, EXIT 16",Gallup,NM,580,3.119,35.506475,-108.741352,city_centroid
66680,BIG TOP TRAVEL CENTER,"I-20, EXIT 157",Delhi,LA,760,2.969,32.450433,-91.512487,city_centroid
66683,SUPERSTOP Shell,"I-40, EXIT 192",Stuttgart,AR,695,3.416,34.485358,-91.548742,city_centroid
66689,ROSCOE TRAVEL PLAZA,"I-20, EXIT 235",Roscoe,TX,575,2.759,32.427558,-100.539088,city_centroid
66693,Allsup Marketplace #2400,"I-40, EXIT 356",San Jon,NM,585,3.059,35.119848,-103.284599,city_centroid
66705,7-ELEVEN,"I-44, EXIT 1/US-287",Wichita Falls,TX,770,2.761,33.905284,-98.497645,city_centroid
66709,CIRCLE K #2709343,"I-24, EXIT 169",Wildwood,GA,285,3.146,34.977911,-85.430456,city_centroid
66715,7-Eleven #34210,"I-25/US-87, EXIT 240 & SR-119",Longmont,CO,800,3.189,40.130615,-104.950446,city_centroid
66717,Fast Stop Travel Centers #1131,"I-25/US-87, EXIT 80",Wheatland,WY,795,3.499,42.049467,-104.967852,city_centroid
66718,Bartonville SHELL,"I-474, EXIT 6",Peoria,IL,368,4.299,40.6854,-89.5953,city_centroid
66720,MOUNTAIN ENERGY #126,"I-26, EXIT 13",Hendersonville,NC,210,2.846,35.319213,-82.499995,city_centroid
66721,USA SPEEDTRAC,"I-49US-167, EXIT 11",Grand Coteau,LA,730,3.399,30.419722,-92.046667,city_centroid
66725,SPEEDWAY #9662,I-264,Louisville,KY,415,3.029,38.2435,-85.7639,city_centroid
66728,CIRCLE K #2723706,"I-81/US-52, EXIT 72 & I-77, EXIT 41",Wytheville,VA,185,3.349,36.940669,-81.094082,city_centroid
66734,Marathon,"I-675, Exit 7",Ellenwood,GA,18,3.009,33.61,-84.288056,city_centroid
66737,THE JUNCTION,US-59 & US-73,Atchison,KS,400,3.279,39.559411,-95.130408,city_centroid
66738,TREX MART #9,I-29,Dearborn,MO,400,2.999,39.517248,-94.766368,city_centroid
66739,ZIP TRIP #64,I-29,Brookings,SD,530,3.399,44.305619,-96.791408,city_centroid
66741,DEANS LANE VALERO,I-295,Monmouth Junction,NJ,230,3.146,40.394391,-74.547021,city_centroid
66742,DEEP WATER TRUCK STOP,"I-295, EXIT 2C",Penns Grove,NJ,230,3.279,39.717938,-75.465623,city_centroid
66746,CASEYS #4246,"I-30, EXIT 123",Bryant,AR,695,3.032,34.606786,-92.492015,city_centroid
66747,LOVES TRAVEL STOP #322,"I-90, EXIT 3",Roscoe,IL,290,3.789,42.421659,-88.99433,city_centroid
66749,BIG RIVER #18,"I-310 EXIT 2, & US-61",Saint Rose,LA,725,3.099,29.958074,-90.312432,city_centroid
66750,LOVES TRAVEL STOP #177,I-35,El Dorado,KS,336,3.256,37.822649,-96.854297,city_centroid
66751,FAST N FRIENDLY,"I-35, EXIT 132",Emporia,KS,336,3.657,38.418405,-96.187145,city_centroid
66756,CASEYS #2550,"I-35, EXIT 33 & US-34",Osceola,IA,320,3.339,41.029503,-93.771236,city_centroid
66760,LOVES TRAVEL STOP #326,I-26 EXIT 154A,Orangeburg,SC,135,3.389,33.502545,-80.859282,city_centroid
66761,SPEEDWAY #4589,US-501 & SR-90,Conway,SC,205,3.064,33.873066,-79.055712,city_centroid
66762,EXXON TIGER MART #44,"US-45,  EXIT 249",Ennis,TX,637,3.099,32.332102,-96.622363,city_centroid
66763,SPEEDWAY #7998,US-52 & US-74,Wadesboro,NC,46,3.646,34.980938,-80.069586,city_centroid
66765,STRIPES #40736,US-77/US-83,Olmito,TX,598,2.999,26.039167,-97.556111,city_centroid
66767,SPRINT MART #49,"I-22/US-78, EXIT 87 & SR-811",Tupelo,MS,742,2.992,34.253834,-88.720853,city_centroid
66769,PETRO STOPPING CENTER #344,"I-95, EXIT 3",Kingsland,GA,75,3.649,30.797681,-81.707483,city_centroid
66771,FLYING J TRAVEL PLAZA #727,"I-69C/US-281, EXIT 8 & FM-1925",Edinburg,TX,639,3.084,26.304221,-98.156922,city_centroid
66773,STRIPES 7FLEET #42475,US-62,Hobbs,NM,700,3.459,32.72217,-103.137246,city_centroid
66774,Clark #4667,"I-80/I-90, EXIT 39 & SR-109",Delta,OH,550,3.699,41.557695,-83.9866,city_centroid
66775,GO MART,US-33 & CR-116,Rockbridge,OH,315,3.499,39.550907,-82.562572,city_centroid
66776,S&G #77,US-224 & US-23,Alvada,OH,411,3.259,41.046284,-83.376982,city_centroid
66778,LOVES TRAVEL STOP #169,"I-44, EXIT 179 & US-377/SR-99",Stroud,OK,560,3.144,35.782389,-96.684377,city_centroid
66780,DIAMOND #20,"I-65, EXIT 93 & SR-84",Evergreen,AL,720,3.399,31.4334994,-86.9569176,manual
66784,Texaco #384529,US-80/SR-8 & SR-14,Selma,AL,720,3.299,32.419719,-87.024527,city_centroid
66785,WINFIELD TRUCK STOP,SR-129,Winfield,AL,615,3.659,33.930256,-87.79716,city_centroid
66786,Circle K #2741791,"I-40, EXIT 175 & SR-31",Lonoke,AR,695,3.139,34.783162,-91.921367,city_centroid
66787,TEXACO,"I-59, EXIT 67B",Hattiesburg,MS,620,3.066,31.314553,-89.306471,city_centroid
66788,CIRCLE K #4703626,"I-75, EXIT 60 & SR-68",Sweetwater,TN,285,3.289,35.595703,-84.430424,city_centroid
66793,CIRCLE K #2723693,"I-526, EXIT 19 & SR-10-60",Charleston,SC,42,2.976,32.779506,-79.937069,city_centroid
66795,FUEL MART #645,"I-90, EXIT 353",Spencer,SD,530,3.499,43.755684,-97.59361,city_centroid
66796,ROYAL FARMS #109,US-13 & SR-404,Bridgeville,DE,243,3.259,38.736628,-75.608768,city_centroid
66799,SHELL DBA ONE9 #1403,"I-75/SR-93, EXIT 451 & US-129",Jasper,FL,10,3.244,30.502914,-82.932186,city_centroid
66800,CIRCLE K #2743950,I-35,San Antonio,TX,740,2.804,29.644226,-98.312774,city_centroid
66801,SUNSTOP #330,"I-75, EXIT 460 & SR-6",Jennings,FL,75,3.299,30.548243,-83.134971,city_centroid
66802,MOBIL,US-27 & SR-66,Sebring,FL,140,3.459,27.492391,-81.435712,city_centroid
66803,Stripes,FM-2061 & FM-3072,Pharr,TX,639,3.166,26.177053,-98.187022,city_centroid
66804,PWI #586,"I-80, EXIT 104  & US-191",Rock Springs,WY,835,3.199,41.605957,-109.230047,city_centroid
66805,CIRCLE K #2723553,US-27,Ringgold,GA,285,3.076,34.92052,-85.154908,city_centroid
66807,QUICK FUEL #5303,"I-35E, EXIT 436A",Dallas,TX,637,3.046,32.790439,-96.80439,city_centroid
66809,CASEYS #3449,SR-78,Wapello,IA,380,3.349,41.206982,-91.171921,city_centroid
66810,QUICK FUEL #3145,SR-83,Bensenville,IL,290,3.449,41.9536,-87.935,city_centroid
66812,FAMILY EXPRESS #47 (DISCOUNT AVAILABLE),"I-65, EXIT 201 & US-24/US-231",Remington,IN,375,3.552,40.766653,-87.15994,city_centroid
66813,MCCLURE OIL #59,I-69 EXIT 259,Gas City,IN,457,3.639,40.487895,-85.605533,city_centroid
66815,MAXS #132,US-641 N,Murray,KY,490,3.399,36.609915,-88.303249,city_centroid
66816,CIRCLE K #4707082,"I-95, EXIT 132 & SR-139",Fairfield,ME,170,3.899,44.609639,-69.63321,city_centroid
66817,JOLLY TRUCK STOP,US-82/US-287,Wichita Falls,TX,770,2.899,33.905284,-98.497645,city_centroid
66819,ROAD RANGER #265,"I-88, EXIT 54",Dixon,IL,520,3.479,41.847797,-89.489303,city_centroid
66820,CM BREAUX BRIDGE,"I-10, EXIT 109",Breaux Bridge,LA,600,3.299,30.274955,-91.905899,city_centroid
66821,DENTON GOOSE CREEK,SR-404/SR-619,Denton,MD,194,3.259,38.877928,-75.836071,city_centroid
66822,WILD BILL'S,I-78,Sherman,MS,435,2.919,34.359167,-88.841111,city_centroid
66824,STRIPES #42435,US-87/US-277,San Angelo,TX,740,2.799,31.478165,-100.481752,city_centroid
66833,STRIPES #5148,US-281,Pharr,TX,639,3.399,26.177053,-98.187022,city_centroid
66834,ROAD RANGER #186,"I-39/US-51, EXIT 27 & SR-2/CR-2200",Minonk,IL,280,3.339,40.898501,-89.034863,city_centroid
66838,RUTTERS #96,US-322 & SR-655,Milroy,PA,14,4.051,40.72033,-77.556739,city_centroid
66843,FLYING J TRAVEL PLAZA #728,"I-10, EXIT 37",El Paso,TX,640,3.092,31.758411,-106.478311,city_centroid
66844,CIRCLE K #2706984,US-77 & CR-1356,Kingsville,TX,625,2.822,27.507418,-97.859598,city_centroid
66845,CIRCLE K #2723643,SR-431,Dothan,AL,20,3.582,31.202888,-85.418036,city_centroid
66846,CIRCLE K #2723664,US-280,Childersburg,AL,615,3.899,33.266928,-86.337622,city_centroid
66847,CIRCLE K #2723667,"I-20, EXIT 185 & SR-21",Oxford,AL,615,2.999,33.596829,-85.83347,city_centroid
66848,CIRCLE K #2723695,"I-55, EXIT 265",Senatobia,MS,435,3.199,34.632306,-89.885501,city_centroid
66850,Stripes,ST 77,Riviera,TX,625,3.126,27.321735,-97.778707,city_centroid
66853,LOVES TRAVEL STOP #327,US-77 & FM-1898,Kingsville,TX,625,3.156,27.507418,-97.859598,city_centroid
66854,TA WAPAKONETA TRAVEL CENTER,"I-75, EXIT 111",Wapakoneta,OH,411,3.282,40.568978,-84.177378,city_centroid
66856,Speedway #4800,"I-94, EXIT 183",Clearwater,MN,453,3.199,45.387694,-94.045246,city_centroid
66858,LOVES TRAVEL STOP #328,"I-10, EXIT 162",Chandler,AZ,930,3.469,33.330091,-111.863156,city_centroid
66862,LOVES TRAVEL STOP #330,I-40 EXIT 280 & SR-56,Baxter,TN,460,3.234,36.124917,-85.637766,city_centroid
66863,101 TRAVEL PLAZA,"I-40, EXIT 101 & SR-104",Cedar Grove,TN,435,2.999,35.861261,-88.551702,city_centroid
66865,FLYING J FUEL STOP #741,US-287/US-281/US-82 & SR-473,Wichita Falls,TX,770,3.126,33.905284,-98.497645,city_centroid
66867,KWIK STAR #212,"US-61, EXIT 156",Maquoketa,IA,335,3.624,42.07782,-90.677075,city_centroid
66868,STRIPES #40604,US-83,Mission,TX,639,2.882,26.24153,-98.342647,city_centroid
66869,SPEEDWAY #4630,US-220 BUS & CR-782,Ridgeway,VA,185,3.409,36.5874,-79.86859,city_centroid
66870,PETRO STOPPING CENTER NAPOLEON,"US-24/US-6/CR-3, EXIT 41",Napoleon,OH,550,3.706,41.390969,-84.143271,city_centroid
66874,FLYING J TRAVEL PLAZA #733,"I-27, EXIT 4 & US-82",Lubbock,TX,700,3.332,33.586527,-101.860634,city_centroid
66876,PILOT TRAVEL CENTERS #156,SR-1633 & SR-813 & SR-9004,Mortons Gap,KY,490,3.629,37.236667,-87.475278,city_centroid
66877,PILOT TRAVEL CENTER #916- TOWN PUMP,US-93 & US-12,Lolo,MT,820,3.609,46.7585,-114.109732,city_centroid
66878,PILOT TRAVEL CENTER #915- TOWN PUMP,"I-90, EXIT 455",Billings,MT,780,3.581,45.774489,-108.500452,city_centroid
66879,TA EXPRESS,"I-40, EXIT 101",Atkins,AR,695,3.341,35.244948,-92.950696,city_centroid
66880,LOVES TRAVEL STOP #324,I-80 EXIT 242 & SR 339,Mifflinville,PA,138,3.966,41.023473,-76.292396,city_centroid
66881,PLAZAGO TRUCKSTOP,US-50/SR-61 & SR-96/SR-14,South Hutchinson,KS,570,3.269,38.007306,-97.90814,city_centroid
66888,LOVES TRAVEL STOP #334,"I-84, EXIT 211 & US-30/SR-24",Heyburn,ID,785,3.892,42.559922,-113.770885,city_centroid
66890,CASEYS #4223,US-25E,Middlesboro,KY,405,3.489,36.617188,-83.723079,city_centroid
66892,LOVES TRAVEL STOP #336,"I-94, EXIT 112",Marshall,MI,385,3.489,42.272047,-84.95828,city_centroid
66893,ONE9 #1291,US-287 & CR-174,Bowie,TX,770,2.912,33.556796,-97.837337,city_centroid
66894,PILOT TRAVEL CENTERS #259,US-69,Muskogee,OK,560,3.322,35.730661,-95.375491,city_centroid
66895,TA Express Tonkawa,"I-35, EXIT 40 & US-60",Tonkawa,OK,500,3.294,36.68062,-97.30634,city_centroid
66897,FLYING J TRAVEL PLAZA #604,"I-65, EXIT 158",Hope Hull,AL,720,3.309,32.224256,-86.393189,city_centroid
66898,PILOT TRAVEL CENTERS #384,"I-95, EXIT 58",Colonial Heights,VA,180,3.799,37.269968,-77.403829,city_centroid
66899,LOVES TRAVEL STOP #333,"I-77, EXIT 83",Fort Mill,SC,46,3.381,35.024167,-81.028056,city_centroid
66900,DODGE CITY PETRO #397,"I-65, EXIT 299 & SR-69",Hanceville,AL,615,3.919,34.051569,-86.784844,city_centroid
66902,CIRCLE K #4707239,SR-103,Warner,NH,170,3.932,43.303512,-71.835349,city_centroid
66905,CIRCLE K #4707212,SR-27,Raymond,NH,170,3.759,43.032512,-71.191159,city_centroid
66906,LOVES TRAVEL STOP #331,"I-45, EXIT 272",Hutchins,TX,630,3.102,32.639586,-96.707021,city_centroid
66908,CIRCLE K #2723708,"I-81, EXIT 77",Wytheville,VA,65,3.366,36.940669,-81.094082,city_centroid
66911,LOVES TRAVEL STOP #343,"I-20 & I-59, EXIT 165",Toomsuba,MS,705,3.009,32.429583,-88.489225,city_centroid
66912,LOVES TRAVEL STOPS #335,"I-15, EXIT 62 & SR-130",Cedar City,UT,910,3.649,37.689544,-113.074513,city_centroid
66914,FLYING J TRAVEL PLAZA #683,"I-95, EXIT 106",Kenly,NC,205,3.709,35.607742,-78.138227,city_centroid
66915,CIRCLE K #2723716,"I-81, EXIT 84",Max Meadows,VA,185,3.462,36.91708,-80.921391,city_centroid
66918,MINIT MART #647,"I-39, EXIT 35 & SR-17",Wenona,IL,280,3.499,41.054846,-89.041637,city_centroid
66920,7-ELEVEN #35562,"I-85, EXIT 32",Charlotte,NC,46,3.379,35.2269,-80.8433,city_centroid
66921,LOVES TRAVEL STOP #338,"I-95/SR-405, EXIT 90 & SR-144",Richmond Hill,GA,195,3.364,31.896152,-81.294026,city_centroid
66922,LOVES TRAVEL STOPS #339,"I-20, EXIT 115 & FM-1882",Odessa,TX,710,3.549,31.8465,-102.3663,city_centroid
66923,LOVES TRAVEL STOP #765,"I-85, EXIT 147",Commerce,GA,16,3.211,34.213413,-83.448011,city_centroid
66925,FLYING J TRAVEL PLAZA #714,"I-77, EXIT 73",Rock Hill,SC,46,3.399,34.915068,-81.012904,city_centroid
66927,PILOT TRAVEL CENTER #41,I-64 EXIT 113 SE QUAD,Mount Sterling,KY,410,3.759,38.054822,-83.938774,city_centroid
66928,FLYING J TRAVEL PLAZA #730,"I-35/US-83, EXIT 13",Laredo,TX,693,3.599,27.515538,-99.498579,city_centroid
66929,FLYING J TRAVEL PLAZA #642,"I-255,  EXIT 17",East Saint Louis,IL,540,3.389,38.631538,-90.138066,city_centroid
66931,CASEYS #3896,"I-380, EXIT 35",Center Point,IA,380,3.449,42.189844,-91.775764,city_centroid
66932,CIRCLE K #4701444,US-34 & SR-164,Monmouth,IL,345,3.399,40.910702,-90.644828,city_centroid
66935,FRANCIS CREEK TRAVEL PLAZA,SR-41,Francis Creek,WI,444,3.384,44.199964,-87.720007,city_centroid
66937,LOVES TRAVEL STOP #341,"I-44, EXIT 189",Rolla,MO,540,3.301,37.948527,-91.760348,city_centroid
66939,KWIK TRIP #416,SR-172 & CR-GV,De Pere,WI,582,3.391,44.438779,-88.080613,city_centroid
66941,PILOT TRAVEL CENTERS #367,"I-30, EXIT 87 & 88",Caddo Mills,TX,630,3.169,33.068267,-96.239093,city_centroid
66942,MAVERIK COUNTRY STORE #612,"I-15, EXIT 362",Brigham City,UT,835,3.449,41.507921,-112.015177,city_centroid
66944,LOVES TRAVEL STOP #316,"I-95, EXIT 273 & US-1",Ormond Beach,FL,75,3.477,29.2855,-81.0561,city_centroid
66945,PILOT TRAVEL CENTERS #159,"I-64, EXIT 211",Providence Forge,VA,180,3.899,37.425907,-77.071117,city_centroid
66948,CIRCLE K #4707618,"I-481, EXIT 8 & CR-82",East Syracuse,NY,220,3.799,43.073359,-76.05578,city_centroid
66951,BERKLYS TRAVEL CENTER #3,US-377/US-87,Brady,TX,575,3.616,31.128304,-99.3372,city_centroid
66953,LOVES TRAVEL STOP #355,"I-65, EXIT 16",Memphis,IN,415,3.949,38.464181,-85.777501,city_centroid
66954,LOVES TRAVEL STOP #344,I-240 EXIT 21 & US-78/SR-4,Memphis,TN,435,3.249,35.0337,-89.9343,city_centroid
66955,LOVES TRAVEL STOP #349,"I-8, EXIT 3",Yuma,AZ,900,3.502,32.701507,-114.642362,city_centroid
66956,LOVES TRAVEL STOP #348,"I-69/I-24, EXIT 27 & US-62",Calvert City,KY,490,3.689,37.014741,-88.381115,city_centroid
66957,LOVES TRAVEL STOP #346,I-65 EXIT 46 & SR-99,Columbia,TN,460,3.789,35.615577,-87.038032,city_centroid
66959,PILOT TRAVEL CENTERS #388,"I-20 & I-59, EXIT 151",Meridian,MS,705,2.979,32.357441,-88.655973,city_centroid
66961,CIRCLE K #2707020,"I-4, EXIT 32 & US-98/SR-700/SR-35",Lakeland,FL,225,3.414,28.038134,-81.939153,city_centroid
66962,PILOT TRAVEL CENTERS #242,"I-74, EXIT 109",Shelbyville,IN,375,3.999,39.50434,-85.787515,city_centroid
66963,SPARTA TRAVEL CENTER,"I-90, EXIT 28",Sparta,WI,420,3.179,43.954045,-90.814566,city_centroid
66964,PILOT TRAVEL CENTERS #239,US-30/US-23,Upper Sandusky,OH,411,3.899,40.824876,-83.297711,city_centroid
66965,EATONTON TRAVEL CENTER,US-441/US/129/SR-24,Eatonton,GA,67,3.249,33.312723,-83.36277,city_centroid
66966,LOVES TRAVEL STOP #352,I-71 EXIT 65,Jeffersonville,OH,315,3.422,39.65896,-83.56873,city_centroid
66968,FLYING J TRAVEL PLAZA #675,US-136 & SR-27,Wayland,MO,345,3.306,40.442574,-91.607864,city_centroid
66972,PETRO STOPPING CENTER #339,"I-90, EXIT 272",Spokane,WA,970,3.959,47.666485,-117.436527,city_centroid
66987,LOVES TRAVEL STOP #354,"US-78 & I-20, EXIT 172",Thomson,GA,135,3.849,33.477363,-82.494204,city_centroid
66993,PILOT TRAVEL CENTER #198,US-30 & US-31,Plymouth,IN,465,3.859,41.333897,-86.324087,city_centroid
66994,PILOT TRAVEL CENTERS #303,US-24/US-6 & SR-108,Napoleon,OH,550,3.711,41.390969,-84.143271,city_centroid
66995,PILOT TRAVEL CENTERS #322,"I-86, EXIT 37",Bath,NY,190,4.499,42.345451,-77.323255,city_centroid
66997,LOVES TRAVEL STOP #289,"I-20, EXIT 49 & SR-531",Minden,LA,745,3.149,32.632281,-93.288587,city_centroid
67008,TA ST LOUIS EAST TRAVEL CENTER,"I-55, EXIT 18",Troy,IL,574,3.379,38.724275,-89.870848,city_centroid
67009,PILOT TRAVEL CENTERS #407,"I-35, EXIT 194",Clear Lake,IA,433,3.659,43.140607,-93.384978,city_centroid
67030,LOVES TRAVEL STOP #337,"I-90 & I-35, EXIT 11",Albert Lea,MN,515,4.089,43.653678,-93.370672,city_centroid
67034,LOVES TRAVEL STOP #356,"I-75, EXIT 167",North Baltimore,OH,550,3.347,41.186703,-83.680581,city_centroid
67037,LOVES TRAVEL STOP #332,I-71 EXIT 204,Burbank,OH,305,3.689,40.963725,-81.995753,city_centroid
67038,PILOT TRAVEL CENTERS #260,US-82/SR-520 & SR-300,Albany,GA,10,3.799,31.567783,-84.161923,city_centroid
67039,ROAD RANGER #145,"I-44, EXIT 275",Fenton,MO,540,3.359,38.501489,-90.468299,city_centroid
67040,FLYING J TRAVEL PLAZA #603,US-431/SR-210 & US-231/SR-1,Dothan,AL,20,3.999,31.202888,-85.418036,city_centroid
67041,CIRCLE K #4707040,"I-95, EXIT 133 & US-201",Skowhegan,ME,170,3.726,44.777212,-69.697571,city_centroid
67044,PILOT TRAVEL CENTER #1212,"I-10, EXIT 45",Salome,AZ,930,3.959,33.748141,-113.571459,city_centroid
67047,Circle K #2746490,"I-90, EXIT 332",Mitchell,SD,455,3.064,43.710921,-98.027026,city_centroid
67051,PILOT TRAVEL CENTERS #208,"I-44, EXIT 257",Pacific,MO,540,3.324,38.492168,-90.747968,city_centroid
67053,TA LAREDO TRAVEL CENTER,"I-35/US-83, EXIT 13",Laredo,TX,693,3.649,27.515538,-99.498579,city_centroid
67054,LOVES TRAVEL STOPS #436,"I-80, EXIT 118",Salt Lake City,UT,835,3.649,40.755851,-111.896657,city_centroid
67055,FLYING J TRAVEL PLAZA #641,I-15,Mccammon,ID,825,3.749,42.63362,-112.175758,city_centroid
67056,Arco,US-2 & US-59,Erskine,MN,355,3.399,47.661817,-96.012173,city_centroid
67057,PILOT TRAVEL CENTERS #146,"I-90, EXIT 12",Castleton On Hudson,NY,12,3.999,42.538243,-73.709529,city_centroid
67058,PILOT TRAVEL CENTER #368,"I-72, EXIT 144",Decatur,IL,280,3.459,39.827137,-88.925984,city_centroid
67060,PILOT TRAVEL CENTERS #151,"I-5, EXIT 99NE",Olympia,WA,977,4.599,47.012906,-122.876311,city_centroid
67063,PILOT TRAVEL CENTERS #330,"I-35, EXIT 184 SW",New Braunfels,TX,740,3.399,29.694733,-98.113041,city_centroid
67064,LOVES TRAVEL STOP #385,"I-40, EXIT 101 & US-281",Hinton,OK,483,3.386,35.4675,-98.331348,city_centroid
67065,TA GREENWOOD TRAVEL CENTER,"I-20, EXIT 5 & US-79",Greenwood,LA,745,3.166,32.424025,-93.969252,city_centroid
67066,LOVES TRAVEL STOP #361,"I-80, EXIT 168",Newton,IA,320,3.762,41.699173,-93.045456,city_centroid
67067,LOVES TRAVEL STOP #377,"I-76/US-6, EXIT 31 & SR-52",Hudson,CO,800,3.459,40.060555,-104.653208,city_centroid
67069,FLYING J TRAVEL PLAZA #621,"I-70, EXIT 359 & US-24",Limon,CO,800,3.874,39.263889,-103.691667,city_centroid
67070,CASEYS #4225,"SR-155N, EXIT 26-A",Nashville,TN,460,3.062,36.167028,-86.778441,city_centroid
67071,FAS MART #5154,"I-270, EXIT 3 & SR-3",Hartford,IL,574,3.279,38.829852,-90.074533,city_centroid
67073,PILOT TRAVEL CENTERS #81,"I-79, EXIT 99",Portersville,PA,165,4.259,40.948651,-80.172965,city_centroid
67075,CM FOREST GOLD,SR-16,Amite,LA,600,3.399,30.718208,-90.570493,city_centroid
67076,CASH MAGIC LUCKY MAGNOLIA,SR-63/SR-16,Denham Springs,LA,600,3.399,30.5821,-90.9341,city_centroid
67077,CASH MAGIC BROUSSARD SOUTH,US-90,Broussard,LA,600,3.399,30.12189,-91.950171,city_centroid
67078,CASH MAGIC SILVER FOX,SR-63/SR-16,Denham Springs,LA,600,3.399,30.5821,-90.9341,city_centroid
67081,LOVES TRAVEL STOP #376,"I-85/SR-403, EXIT 28 & SR-54/SR-100",Hogansville,GA,18,3.689,33.164382,-84.930856,city_centroid
67082,PILOT TRAVEL CENTERS #179,"I-81, EXIT 5-B",Hagerstown,MD,22,3.959,39.632022,-77.737215,city_centroid
67085,PILOT TRAVEL CENTERS #210,"I-287, EXIT 66 & SR-17",Mahwah,NJ,105,3.899,41.074473,-74.155974,city_centroid
67086,SPEEDWAY #7945,SR-24,Swansboro,NC,205,3.699,34.699066,-77.135013,city_centroid
67087,SPEEDWAY #8189,"I-40, EXIT 408 & SR-210 & US-117",Rocky Point,NC,245,3.606,34.434418,-77.923448,city_centroid
67088,PILOT #4580,"I-26, EXIT 82",Prosperity,SC,30,3.426,34.183243,-81.532353,city_centroid
67090,LOVES TRAVEL STOP #373,US-69 & PLATTER RD,Calera,OK,253,3.229,33.928872,-96.410205,city_centroid
67091,SPEEDWAY #7903,SR-211,Raeford,NC,63,3.699,34.989009,-79.22276,city_centroid
67092,SPEEDWAY #8288,US-64 & SR-149,Plymouth,NC,177,3.207,35.850826,-76.743148,city_centroid
67094,SPEEDWAY #7943,US-64/SR-49 & US-220,Asheboro,NC,65,3.542,35.693496,-79.819678,city_centroid
67095,SPEEDWAY #8297,US-17 & US-17 BYP,Chocowinity,NC,205,3.132,35.481409,-77.086801,city_centroid
67096,SPEEDWAY #6997,I-95/US-301,Fayetteville,NC,63,3.396,35.05099,-78.842255,city_centroid
67097,SPEEDWAY #8298,SR-11/SR-55,Kinston,NC,205,3.353,35.278333,-77.585969,city_centroid
67101,SPEEDWAY #7974,US-601 & SR-24/SR-27,Midland,NC,46,3.429,35.247724,-80.531853,city_centroid
67103,SPEEDWAY #8225,US-13/US-17 & US-64,Williamston,NC,205,3.849,35.660154,-77.048344,city_centroid
67106,PILOT TRAVEL CENTER #4656,"I-295, EXIT 3-A & US-460",Disputanta,VA,180,3.572,37.148268,-77.273172,city_centroid
67107,SPEEDWAY/7fleet #4595,US-501 & SR-544,Conway,SC,205,3.089,33.873066,-79.055712,city_centroid
67108,SPEEDWAY/7fleet #4594,SR-90,Longs,SC,205,3.309,33.906408,-78.793359,city_centroid
67109,SPEEDWAY #4676,US-13/SR-32,Suffolk,VA,130,3.799,36.866823,-76.559811,city_centroid
67113,COLUMBUS WEST TRAVEL CENTER,"US-151, EXIT 118",Columbus,WI,420,3.119,43.331494,-89.027089,city_centroid
67114,SPEEDWAY #1415,"I-57, EXIT 306 & US-45/US-52",Kankakee,IL,280,3.339,41.116582,-87.869607,city_centroid
67115,CIRCLE K #3912,"I-24/SR-27, EXIT 155 & SR-28",Jasper,TN,285,2.889,35.066603,-85.614737,city_centroid
67117,MCCLURE OIL #65,US-31 & SR-38,Cicero,IN,375,3.889,40.126781,-86.024844,city_centroid
67118,ABELS QUIK SHOP #20,US-36 & CR-437,Hannibal,MO,540,3.066,39.70636,-91.38387,city_centroid
67119,EASTWAY TRUCKSTOP,SR-80,Somerset,KY,410,3.599,37.073853,-84.604362,city_centroid
67120,LOVES TRAVEL STOP #379,"I-10 & CR 255, EXIT 262 SW",Lee,FL,20,3.789,30.397863,-83.284392,city_centroid
67121,BETTY BEAVERS TRUCKSTOP,"I-88, EXIT 12 & CR-48",Otego,NY,12,3.819,42.41333,-75.207883,city_centroid
67122,WORKMANS TRAVEL CENTER,"I-540, EXIT 24 & SR-282",Alma,AR,735,3.372,35.500043,-94.207337,city_centroid
67125,LOVES TRAVEL STOP #370,I-80 EXIT 234,Hubbard,OH,573,3.466,41.162401,-80.576192,city_centroid
67126,PILOT TRAVEL CENTERS #366,"I-40, EXIT 85 CHRISTMASVILLE RD",Jackson,TN,435,3.509,35.610222,-88.814011,city_centroid
67127,LOVES TRAVEL STOP #381,"I-65, EXIT 322 & CR-55",Falkville,AL,615,3.849,34.347653,-86.913086,city_centroid
67129,PILOT TRAVEL CENTER #920,"I-70, EXIT 54",Colby,KS,525,3.634,39.383038,-101.044169,city_centroid
67130,Pilot Travel Centers #473,"I-55, EXIT 248 & US-6",Channahon,IL,290,3.359,41.434664,-88.213786,city_centroid
67133,LOVES TRAVEL STOP #365,I-80 EXIT 352,Wells,NV,835,3.716,41.129798,-114.532752,city_centroid
67137,PILOT TRAVEL CENTERS #485,"I-80, EXIT 173",Winnemucca,NV,966,3.771,40.966418,-117.746693,city_centroid
67138,Kum N Go #0561,US-65 & SR-744,Springfield,MO,535,2.899,37.2152,-93.295,city_centroid
67139,LOVES TRAVEL STOP #383,I-71 EXIT 55 & SR-1039,Sparta,KY,415,3.749,38.725582,-84.881334,city_centroid
67140,Maverik Country Store #5069,I-35 EXIT 133,Ellsworth,IA,320,3.096,42.30086,-93.548979,city_centroid
67141,KUM & GO #0022,"I-80, EXIT 182 & SR-146",Grinnell,IA,320,3.197,41.742081,-92.734432,city_centroid
67143,ALL AMERICAN STORES #7,US-30,Fort Wayne,IN,370,3.559,41.0716,-85.1367,city_centroid
67149,HOOPS TRAVEL CENTER,I-39 & SR-21,Coloma,WI,395,3.182,44.027462,-89.494332,city_centroid
67150,Maverik Country Store #5119,"US-30, EXIT 150",Ames,IA,320,3.082,42.029859,-93.639398,city_centroid
67151,CASEYS #2523,"SR-163, EXIT 29 & SR-14",Monroe,IA,320,3.199,41.535619,-93.072551,city_centroid
67155,PILOT TRAVEL CENTER #1219,"I-70, EXIT 61",Vandalia,IL,540,3.699,38.94391,-89.104116,city_centroid
67158,GOLDEN GATE AUTO TRUCK PLAZA,"I-80 , EXIT 32",Sparks,NV,966,3.539,39.547254,-119.755588,city_centroid
67160,LOVES TRAVEL STOPS #378,"I-77, EXIT 132",Ripley,WV,44,3.589,38.809042,-81.701987,city_centroid
67162,PILOT TRAVEL CENTER #495,"I-80 , EXIT 201",Brooklyn,IA,380,3.699,41.732147,-92.428462,city_centroid
67163,LOVES TRAVEL STOP #358,"I-78, EXIT 23",Hamburg,PA,208,3.857,40.548799,-75.987361,city_centroid
67164,FLYING J TRAVEL PLAZA #510,"I-15 , EXIT 188",Scipio,UT,835,3.689,39.245,-112.103333,city_centroid
67165,SOMERSET TRAVEL CENTER,"I-76 , EXIT 110",Somerset,PA,14,4.219,40.024813,-79.080814,city_centroid
67166,Circle K #4705726,US-33,Carroll,OH,315,3.246,39.795743,-82.708358,city_centroid
67167,LOVES TRAVEL STOP #372,"I-84, EXIT 374",Ontario,OR,982,3.689,44.04156,-116.978268,city_centroid
67168,LOVES TRAVEL STOP #455,"I-70, EXIT 145",Ellis,KS,525,3.623,38.947128,-99.52851,city_centroid
67169,JD ORANGEBURG,US-301/US-601/SR-4,Orangeburg,SC,135,3.342,33.502545,-80.859282,city_centroid
67170,FAST TRACK #410,"I-10, EXIT 258",Madison,FL,20,3.749,30.480209,-83.406678,city_centroid
67174,KWIK STAR #419,"US-218, EXIT 218",Charles City,IA,433,3.539,43.068327,-92.676062,city_centroid
67175,KWIK STAR #428,SR-9,Cresco,IA,515,3.524,43.363007,-92.125954,city_centroid
67178,KWIK STAR #701,US-63,Denver,IA,565,3.499,42.673137,-92.341701,city_centroid
67182,KWIK STAR #817,US-52 & SR-24,Calmar,IA,565,3.579,43.197402,-91.912579,city_centroid
67185,KWIK TRIP #385,SR-19/SR-3,Northfield,MN,451,3.499,44.458724,-93.166826,city_centroid
67186,KWIK TRIP #424,SR-15 & CR-26,Fairmont,MN,425,3.399,43.637592,-94.45095,city_centroid
67192,KWIK TRIP #464,US-63,Rochester,MN,515,3.541,44.049572,-92.48962,city_centroid
67193,KWIK TRIP #609,SR-16 & SR-43,Rushford,MN,515,3.499,43.821626,-91.75365,city_centroid
67195,KWIK TRIP #646,US-169 & CR-53,Blue Earth,MN,425,3.324,43.639426,-94.092379,city_centroid
67196,KWIK TRIP #753,US-14 & SR-42,Eyota,MN,515,3.616,44.004294,-92.244068,city_centroid
67200,KWIK TRIP #319,SR-13,Spencer,WI,395,3.476,44.739148,-90.311406,city_centroid
67202,KWIK TRIP #328,US-53 & SR-95,Blair,WI,295,3.237,44.296843,-91.223501,city_centroid
67204,KWIK TRIP #337,SR-65,New Richmond,WI,451,3.499,45.159819,-92.551333,city_centroid
67206,KWIK TRIP #352,US-53,Chippewa Falls,WI,295,3.407,44.932202,-91.384376,city_centroid
67207,KWIK TRIP #354,SR-26,Watertown,WI,420,3.372,43.192971,-88.71851,city_centroid
67208,KWIK TRIP #363,US-14 & CR-O,Richland Center,WI,420,3.389,43.362714,-90.391378,city_centroid
67209,KWIK TRIP #386,SR-64,Merrill,WI,395,3.499,45.180924,-89.690696,city_centroid
67211,KWIK TRIP #392,SR-49/SR-23,Ripon,WI,582,3.391,43.845402,-88.842433,city_centroid
67219,KWIK TRIP #455,US-8 & SR-27,Ladysmith,WI,295,3.272,45.471941,-91.108804,city_centroid
67220,KWIK TRIP #456,"US-18/151, EXIT 79 & CR-PB",Verona,WI,420,3.579,42.999913,-89.552247,city_centroid
67221,KWIK TRIP #457,"I-41/US-41, EXIT 116 & SR-44/SR-91",Oshkosh,WI,582,3.291,44.021962,-88.543635,city_centroid
67223,KWIK TRIP #476,"US-53, EXIT 140",Rice Lake,WI,295,3.432,45.510466,-91.733544,city_centroid
67226,KWIK TRIP #494,US-53 & SR-35,Onalaska,WI,515,3.336,43.897392,-91.231419,city_centroid
67229,KWIK TRIP #740,SR-15,Hortonville,WI,582,3.509,44.327306,-88.62813,city_centroid
67230,KWIK TRIP #750,US-14/US-61/SR-35,La Crosse,WI,515,3.299,43.798938,-91.217494,city_centroid
67233,KWIK TRIP #807,US-10,Brillion,WI,582,3.366,44.17792,-88.083337,city_centroid
67234,KWIK TRIP #847,SR-33 & SR-82/SR-80,Wonewoc,WI,395,3.499,43.62848,-90.239357,city_centroid
67235,FLYING J TRAVEL PLAZA #507,I-35,Jarrell,TX,765,3.221,30.748406,-97.600833,city_centroid
67237,OUTPOST TRAVEL CENTER,US-79 & CR-111,Minden,LA,745,3.132,32.632281,-93.288587,city_centroid
67239,RELAY STATION,SR-1,Shreveport,LA,745,3.132,32.503743,-93.748696,city_centroid
67241,RELAY STATION 3,SR-175,Frierson,LA,745,3.259,32.244968,-93.691488,city_centroid
67242,SPEEDWAY #6940,"I-77, EXIT 85 & SR-268",Elkin,NC,65,2.859,36.28723,-80.855365,city_centroid
67243,LOVES TRAVEL STOP #386,"I-40, EXIT 9 & SR-95",Lake Havasu City,AZ,910,3.922,34.492879,-114.308083,city_centroid
67245,SPEEDWAY #4582,US-378,Conway,SC,205,3.089,33.873066,-79.055712,city_centroid
67246,SPEEDWAY #7941,US-17 & SR-24,Jacksonville,NC,245,3.326,34.737456,-77.462815,city_centroid
67247,CIRCLE K #4707512,"I-93, EXIT 47",Methuen,MA,170,3.799,42.728019,-71.181031,city_centroid
67248,SPEEDWAY #6962,"I-40, EXIT 303",Garner,NC,177,2.921,35.681254,-78.597527,city_centroid
67255,LOVES TRAVEL STOP #393,"I-55, EXIT 13",Mccomb,MS,620,3.239,31.221594,-90.432449,city_centroid
67262,PILOT TRAVEL CENTER #497,"I-20, EXIT 165",Lincoln,AL,615,3.109,33.605913,-86.111152,city_centroid
67264,CIRCLE K #4707016,US-1,Princeton,ME,170,3.882,45.213091,-67.600826,city_centroid
67265,CIRCLE K #4707048,US-2,Lincoln,ME,170,3.732,45.350832,-68.507693,city_centroid
67269,ONVO TRAVEL PLAZA - GOULDSBORO,"I-380, EXIT 13 & SR-507",Gouldsboro,PA,200,3.586,41.2448,-75.503653,city_centroid
67271,KWIK TRIP #330,US-169 & SR-25,Belle Plaine,MN,451,3.379,44.613852,-93.760394,city_centroid
67272,PILOT TRAVEL CENTER #922- TOWN PUMP,US-2 & SR-40,Columbia Falls,MT,820,3.649,48.353394,-114.178394,city_centroid
67273,LOVES TRAVEL STOP #396,I-26 EXIT 76,Newberry,SC,30,3.416,34.284661,-81.615741,city_centroid
67274,KWIK STAR #790,"US-20, EXIT 275 & SR-13",Manchester,IA,335,3.562,42.483418,-91.449001,city_centroid
67275,KWIK TRIP #481,US-61,Red Wing,MN,451,3.324,44.552779,-92.548559,city_centroid
67279,LOVES TRAVEL STOP #391,"I-74, EXIT 123",Saint Paul,IN,375,3.989,39.427747,-85.599374,city_centroid
67281,PARKERS SURRENCY #208,US-341/SR-27 & SR-121,Surrency,GA,195,3.586,31.648931,-82.198218,city_centroid
67282,RUTTERS #65,"I-81, EXIT 14 & US-11",Chambersburg,PA,70,4.399,39.931318,-77.657928,city_centroid
67283,PILOT #4597,"I-40, EXIT 258/SR-53",Gordonsville,TN,460,3.246,36.184317,-86.000818,city_centroid
67284,LOVES TRAVEL STOP #390,"I-80, EXIT 179",North Platte,NE,475,3.456,41.132595,-100.774631,city_centroid
67285,CASEY'S #4504,"I-35, EXIT 159 & CR-C47",Dows,IA,433,3.299,42.661026,-93.505801,city_centroid
67292,LOVES TRAVEL STOP #304,"I-59, EXIT 174",Steele,AL,615,3.989,33.941679,-86.228929,city_centroid
67293,KWIK TRIP #367,SR-33/CR-A,Fox Lake,WI,582,3.246,43.581507,-88.904081,city_centroid
67294,MAPLEFIELDS,"I-87, EXIT 42/SR-11",Champlain,NY,300,3.799,44.977292,-73.446603,city_centroid
67296,LOVES TRAVEL STOP #340,"I-15, EXIT 64 & US-93",Las Vegas,NV,910,3.689,36.172082,-115.122366,city_centroid
67297,BAR-B,I-20 EXIT 370 & FM-919,Gordon,TX,637,2.932,32.547828,-98.363211,city_centroid
67298,SPEEDWAY #5360,US-42,London,OH,315,3.099,39.900074,-83.443899,city_centroid
67302,KUM & GO #0187,"I-90, EXIT 87",Sherburn,MN,440,3.187,43.661089,-94.726877,city_centroid
67303,KUM & GO #0615,"I-29, EXIT 15",Elk Point,SD,527,3.072,42.738219,-96.686954,city_centroid
67304,JACKRABBIT JUNCTION,"SR-60, EXIT 51 & CR-A22",Sibley,IA,521,3.266,43.406929,-95.7424,city_centroid
67305,RELAY STATION,"I-20, EXIT 3",Bethany,LA,745,3.122,32.366179,-94.003394,city_centroid
67306,150 QUICK STOP,US-150/SR-605,Bardstown,KY,415,3.172,37.80835,-85.461343,city_centroid
67307,CMS FUELING CENTER,I-69 EXIT 153 AT MILE 153,Lapeer,MI,342,3.899,43.057879,-83.333153,city_centroid
67308,FUEL STAR,SR-48,New Orleans,LA,619,3.279,29.960484,-90.075301,city_centroid
67311,HOLIDAY STATIONSTORE #2746409,US-53 & CR-13,Duluth,MN,334,3.499,47.094431,-91.846731,city_centroid
67312,RHODES 101 STOP #790,"I-55, EXIT 91",Scott City,MO,275,3.424,37.20771,-89.518081,city_centroid
67313,Majors 660 Diboll Truck Plaza,US-59,Diboll,TX,610,2.832,31.195028,-94.772911,city_centroid
67316,LOVES TRAVEL STOP #302,US-287 & US-412,Boise City,OK,585,3.402,36.728328,-102.535519,city_centroid
67321,LOVES TRAVEL STOP #388,"I-55, EXIT 246 & SR-35",Batesville,MS,655,3.461,34.331651,-89.91418,city_centroid
67322,LOVES TRAVEL STOP #398,"US-78, EXIT 81 & SR-178",Tupelo,MS,435,3.882,34.253834,-88.720853,city_centroid
67323,PUMP & PANTRY #13,US-281/SR-92,Saint Paul,NE,330,3.307,41.224212,-98.443987,city_centroid
67325,LOVES TRAVEL STOP #225,"I-65, EXIT 93 & US-84",Evergreen,AL,720,3.339,31.4334994,-86.9569176,manual
67329,LOVES TRAVEL STOP #387,"I-85, EXIT 4",Fair Play,SC,16,3.212,34.577548,-82.999874,city_centroid
67331,LOVES TRAVEL STOP #227,"I-20 /I-59, EXIT 100 & SR-216",Mc Calla,AL,615,3.159,33.284546,-87.102379,city_centroid
67333,PILOT #880,"I-84, EXIT 1",Montague,NJ,105,3.999,41.302259,-74.753956,city_centroid
67334,KWIK TRIP #338,US-51,Plover,WI,395,3.299,44.450673,-89.542805,city_centroid
67335,TOP STOP MARKET,"I-24, EXIT 111",Manchester,TN,285,3.016,35.481667,-86.088611,city_centroid
67336,LOVES TRAVEL STOPS #342,"I-37, EXIT 72 & US-281",Three Rivers,TX,740,3.089,28.475646,-98.178162,city_centroid
67337,KWIK TRIP #422,"I-94, EXIT 322",Oak Creek,WI,444,3.744,42.88916,-87.902661,city_centroid
67338,HUTCH'S #114,US-81,Enid,OK,337,2.999,36.402842,-97.862257,city_centroid
67340,MCCLURE,I-74 EXIT  34,Crawfordsville,IN,375,3.616,40.032524,-86.907424,city_centroid
67341,CASEYS #3898,"US-151, EXIT 49 & CR-E34",Anamosa,IA,380,3.359,42.107763,-91.285115,city_centroid
67342,One9 #1414,"I-81, EXIT 128",Elliston,VA,185,3.242,37.212651,-80.249658,city_centroid
67343,EAGLE EXPRESS,US-41,Peshtigo,WI,360,3.399,45.045778,-87.729795,city_centroid
67344,DODGE CITY SHELL,"I-65, EXIT 299",Hanceville,AL,615,3.952,34.051569,-86.784844,city_centroid
67345,STEELE SERVICE STATION,"I-59, EXIT 174",Steele,AL,587,3.889,33.941679,-86.228929,city_centroid
67348,LOVES TRAVEL STOP #389,I-90 EXIT 241,Conneaut,OH,305,3.849,41.934479,-80.580257,city_centroid
67350,DE PERE SUPER STORE,US-41,De Pere,WI,360,3.256,44.438779,-88.080613,city_centroid
67356,PRIDE CONVENIENCE STORE,"I-91, EXIT 8 & US-20",Springfield,MA,100,3.559,42.106,-72.5977,city_centroid
67357,LOVES TRAVEL STOP #353,"I-29, EXIT 62",Fargo,ND,341,3.526,46.900878,-96.793577,city_centroid
67358,KWIK TRIP #453,SR-35/SR-65,River Falls,WI,451,3.447,44.85501,-92.631275,city_centroid
67359,SAGE HILL TRAVEL CENTER,"I-15, EXIT 89 & US-91",Blackfoot,ID,825,3.569,43.194327,-112.361545,city_centroid
67360,BP,"I-95/SR-405, EXIT 49 & SR-251",Darien,GA,195,3.539,31.382574,-81.431175,city_centroid
67361,SUMNER TRUCK STOP,SR-167,Sumner,WA,977,4.299,47.203333,-122.239167,city_centroid
67362,TA Glenrio,"I-40, Exit 369 & SR-392",San Jon,NM,585,3.899,35.119848,-103.284599,city_centroid
67364,KWIK TRIP #373,"I-94, EXIT 295",Waukesha,WI,444,3.457,42.999304,-88.219559,city_centroid
67365,KWIK TRIP #491,US-151,Manitowoc,WI,582,3.382,44.097122,-87.682303,city_centroid
67366,KWIK TRIP #499,"I-43, EXIT 57",New Berlin,WI,444,3.491,42.97397,-88.155274,city_centroid
67367,KWIK TRIP #757,US-14/US-61/SR-27,Viroqua,WI,515,3.359,43.54419,-90.893865,city_centroid
67368,KWIK TRIP #653,"I-39, EXIT 87 & US-51/SR-16",Portage,WI,420,3.274,43.550145,-89.47139,city_centroid
67369,KENOSHA TRAVEL PLAZA,"I-94, EXIT 340/US-41 & SR-142",Kenosha,WI,444,3.719,42.605228,-87.829945,city_centroid
67370,CIRCLE M #43,US-441/US-23/SR-15,Rabun Gap,GA,30,3.549,34.957552,-83.390122,city_centroid
67371,PARAMOUNT TRAVEL PLAZA,"I-30, EXIT 46 & SR-19",Prescott,AR,635,3.379,33.804029,-93.372544,city_centroid
67380,MILLERS TRAVEL CENTER,"I-80, EXIT 1",Wendover,UT,835,3.599,40.597396,-113.993573,city_centroid
67381,ENMARKET #875,US-78 & US-21,Branchville,SC,195,3.266,33.262802,-80.805931,city_centroid
67382,CORNER PANTRY TRAVEL PLAZA,SR-79 & SR-40,Hermosa,SD,506,3.299,43.818845,-103.20596,city_centroid
67383,FRIENDSHIP FOOD MART #96,SR-101/SR- 2,Sandusky,OH,550,3.529,41.434878,-82.70633,city_centroid
67391,SHOEMAKERS SHELL TRAVEL CENTER,I-80 EXIT 395 AT MILE 395,Lincoln,NE,413,3.349,40.8169,-96.7103,city_centroid
67393,LOVES TRAVEL STOP #280,"I-10, EXIT 114",Buckeye,AZ,930,3.569,33.38896,-112.607728,city_centroid
67394,Circle K #2745133,US-23 & SR-38,Waycross,GA,75,3.399,31.219686,-82.364512,city_centroid
67395,KUM & GO #0267,"I-80, EXIT 267 & SR 38",Tipton,IA,380,2.982,41.756276,-91.136163,city_centroid
67396,Q C MART,US-61 & CR-E63,Welton,IA,270,3.699,41.907472,-90.606785,city_centroid
67397,EXPRESS LANE #51,I-80 EXIT 93 ROUTE 71,Ottawa,IL,290,3.599,41.352619,-88.841589,city_centroid
67398,CASEYS #3998,SR-13 & HWY-C,Lowry City,MO,400,3.249,38.140443,-93.711352,city_centroid
67400,SPEEDWAY #3547,I-75 & 696,Lima,OH,411,3.499,40.675926,-84.144049,city_centroid
67401,QUIKTRIP #973,"I-45, EXIT 272",Hutchins,TX,630,2.882,32.639586,-96.707021,city_centroid
67402,TA EXPRESS HOT SPRINGS,US-395/US-18 & SR-79,Hot Springs,SD,506,3.299,43.422308,-103.476555,city_centroid
67404,Meskwaki Travel Plaza,HIGHWAY 30 E,Tama,IA,486,3.234,41.961642,-92.580049,city_centroid
67405,ANTELOPE TRUCK STOP,"I-80, EXIT 386",Burns,WY,795,3.199,41.200297,-104.315521,city_centroid
67406,GETGO #3701,"I-99, EXIT 23",East Freedom,PA,14,4.099,40.328197,-78.447519,city_centroid
67408,STOCKTON TRAVEL CENTER,US-20/SR-78,Stockton,IL,520,3.599,42.349224,-90.020185,city_centroid
67409,XTRA MART #7025,SR-146,Sutton,MA,175,3.649,42.140586,-71.748416,city_centroid
67410,STRIPES #40532,US-83 & US-277,Carrizo Springs,TX,740,3.349,28.52779,-99.863513,city_centroid
67411,LOVES TRAVEL STOP #226,"I-25, EXIT 104",Pueblo,CO,803,3.619,38.287876,-104.584828,city_centroid
67414,PILOT TRAVEL CENTERS #590,"I-94, EXIT 100",Alexandria,MN,250,3.466,45.881747,-95.381994,city_centroid
67416,CASEYS #4025,US-61/SR-92,Muscatine,IA,380,3.299,41.430378,-91.050928,city_centroid
67417,QUIKTRIP #444,"I-10 EXIT, 139",Phoenix,AZ,930,3.369,33.451,-112.0685,city_centroid
67418,KUM & GO #0080,"US-218/SR-27, EXIT 80 & SR-22",Riverside,IA,380,3.097,41.475792,-91.57414,city_centroid
67419,LOVES TRAVEL STOP #359,"I-75, EXIT 283",Cartersville,GA,18,3.556,34.186975,-84.820401,city_centroid
67420,LOVES TRAVEL STOP #369,I-40 EXIT 163 & SR-48,Dickson,TN,460,3.176,36.076014,-87.399532,city_centroid
67421,LOVES TRAVEL STOP #375,US-79/SR-6 & FM-485,Hearne,TX,670,3.489,30.86686,-96.584256,city_centroid
67422,KUM & GO #0137,"I-80, EXIT 237",Tiffin,IA,380,3.099,41.705833,-91.662778,city_centroid
67423,FIRELAKE GRAND TRAVEL PLAZA,"I-40, EXIT 178 & SR-102",Shawnee,OK,483,2.899,35.34907,-96.931321,city_centroid
67424,FLORIDA 595 TRUCK STOP,"I-595/SR-84, EXIT 9 & US-441",Fort Lauderdale,FL,64,3.769,26.121561,-80.128778,city_centroid
67425,LITTLEFIELD EXPRESS #15,"US-67, EXIT 55 & SR-258",Bald Knob,AR,695,3.309,35.311331,-91.550197,city_centroid
67426,Spearville Truck Stop,"I-56, 126 RD",Spearville,KS,570,3.466,37.823473,-99.737041,city_centroid
67427,CASEYS #2907,I-57 & I-62,Charleston,MO,275,3.044,36.921341,-89.334207,city_centroid
67428,CONOCO,"I-95, EXIT 12",Carteret,NJ,79,3.499,40.582278,-74.231345,city_centroid
67429,7-ELEVEN #40396,"NJTP, EXIT 8A",Monroe Township,NJ,115,3.559,40.342475,-74.433568,city_centroid
67431,SPARKYS ONE STOP #32,I-30 & CR 33,Carroll,IA,320,3.232,42.071972,-94.866664,city_centroid
67432,PILOT TRAVEL CENTERS #471,US-27 & US-17,Haines City,FL,140,3.559,28.095073,-81.614712,city_centroid
67434,SHELL FOOD MART,"I-35, EXIT 54",Cameron,MO,400,2.991,39.730892,-94.243723,city_centroid
67435,7 ELEVEN #40122,I-95 MM2,Newark,DE,160,3.459,39.634869,-75.699339,city_centroid
67436,7-ELEVEN #40069,"I-81, EXIT 29",Shippensburg,PA,70,3.422,40.051359,-77.519477,city_centroid
67437,CANDIA FIRST STOP,"SR-101, EXIT 3",Candia,NH,170,3.899,43.058514,-71.304857,city_centroid
67438,LOVES TRAVEL STOPS #363,"I-75, EXIT 358 & SR-326",Ocala,FL,225,3.329,29.1981,-82.0974,city_centroid
67439,LOVES TRAVEL STOPS #380,US-287/SR-114,Rhome,TX,630,3.089,33.054045,-97.481688,city_centroid
67440,PILOT TRAVEL CENTERS #503,"I-79, EXIT 146 & CR-77",Morgantown,WV,165,4.059,39.6368,-80.018,city_centroid
67442,PILOT #4598,I-75 EXIT 56,Niota,TN,285,3.599,35.581924,-84.57215,city_centroid
67443,PILOT #4599,"I-24, EXIT 135",Monteagle,TN,285,3.336,35.240172,-85.822795,city_centroid
67612,FLYING J TRAVEL PLAZA #914- TOWN PUMP,"I-90, EXIT 96 & US-93/SR-200",Missoula,MT,820,3.609,46.856274,-114.025207,city_centroid
67613,KWIK STAR #490,"US-20, EXIT 225 & SR-27/SR-58",Cedar Falls,IA,565,3.524,42.524071,-92.449725,city_centroid
67614,KWIK TRIP #622,US-14 & CR-5,Byron,MN,515,3.574,44.037333,-92.630753,city_centroid
67615,KWIK TRIP #844,US-63,Lake City,MN,515,3.549,44.430493,-92.283778,city_centroid
67616,KWIK TRIP #887,"US-41, EXIT 139 & SR-15",Appleton,WI,582,3.302,44.277325,-88.397649,city_centroid
67617,Twice Daily Convenience Store #8046,"I-24, EXIT 31 & SR-249",Joelton,TN,460,3.349,36.328974,-86.916306,city_centroid
67618,7-ELEVEN #40441,I-80 MM 21E,West Unity,OH,550,3.662,41.575645,-84.442066,city_centroid
67619,7-ELEVEN #40442,"I-80, MM 21W",West Unity,OH,550,3.662,41.575645,-84.442066,city_centroid
67620,LOVES TRAVEL STOP #452,"I-35, EXIT 70",Pauls Valley,OK,253,3.649,34.738506,-97.219501,city_centroid
67621,FLYING J TRAVEL PLAZA #925- TOWN PUMP,"I-15, EXIT 277",Great Falls,MT,815,3.636,47.509812,-111.273397,city_centroid
67622,LOVES TRAVEL STOP #454,"I-5/US-12, EXIT 72",Chehalis,WA,977,4.589,46.638193,-122.965764,city_centroid
67623,LOVES TRAVEL STOP #301,"I-90, EXIT 2",Post Falls,ID,970,3.746,47.720475,-116.935349,city_centroid
67624,LOVES TRAVEL STOP #300,I-70 EXIT 304,Bennett,CO,800,3.326,39.725398,-104.427284,city_centroid
67625,LOVES TRAVEL STOP #453,"I-10, EXIT 130 & US-231",Cottondale,FL,20,3.553,30.800359,-85.384672,city_centroid
67626,KWIK TRIP #316,SR-15 N/SR-22 E,Hutchinson,MN,451,3.279,44.894554,-94.384691,city_centroid
67627,PILOT #4556,"I-75, EXIT 329",Wildwood,FL,225,3.226,28.845353,-82.03473,city_centroid
67628,LOVES TRAVEL STOP #394,"I-65,EXIT 230",Demotte,IN,365,3.512,41.171319,-87.249129,city_centroid
67629,KWIK TRIP #681,"I-94, EXIT 205",Saint Michael,MN,451,3.297,45.206409,-93.659253,city_centroid
67630,KWIK TRIP #630,US-151/SR-32/SR-57,Chilton,WI,582,3.366,44.024242,-88.182689,city_centroid
67634,54 TRUCK STOP,US-54,Mullinville,KS,357,3.466,37.571608,-99.46388,city_centroid
67635,LOVES TRAVEL STOP #456,I-280 EXIT 1B,Perrysburg,OH,550,3.761,41.542926,-83.592727,city_centroid
67636,LOVES TRAVEL STOPS #258,"I-35, EXIT 183",Ottawa,KS,336,3.239,38.614247,-95.274519,city_centroid
67637,Power Gas & Truck Stop,US-1/US-9/US-46 & SR-5,Palisades Park,NJ,115,3.219,40.846238,-73.995436,city_centroid
67641,DANIEL BOONE TRAVEL CENTER,US-23 /US-421/US-58 & SR-871,Duffield,VA,405,3.557,36.704402,-82.80651,city_centroid
67642,GO MART FOOD STORE #103,SR-16 & CR 50/39,Ellenboro,WV,44,3.699,39.282364,-81.060382,city_centroid
67643,QUALITY MART #62,I-77 EXIT 82,Jonesville,NC,65,2.859,36.228571,-80.787029,city_centroid
67644,PARKERS #31 (DISCOUNT AVAILABLE),US-80/SR-26 & US-280,Ellabell,GA,195,3.032,32.127304,-81.498302,city_centroid
67645,CIRCLE K #2721416,US-441 & SR-20,Gainesville,FL,75,3.899,29.645029,-82.310046,city_centroid
67647,BUCHS TRUCK STOP,SR-7,Steubenville,OH,542,3.692,40.370638,-80.66115,city_centroid
67650,VIRGINIA FAST STOP,SR-78 & SR-125,Virginia,IL,318,3.759,39.945475,-90.212681,city_centroid
67651,SIMMONS,US-60/SR-21,Ellsinore,MO,275,3.424,36.945263,-90.74853,city_centroid
67652,ON THE GO TRAVEL CENTER,"I-435, EXIT 8",Kansas City,KS,400,3.999,39.115733,-94.627139,city_centroid
67655,CIRCLE K #2706627,"I-10, EXIT 261",Slidell,LA,725,3.189,30.278411,-89.771192,city_centroid
67656,KWIK TRIP #888,US-10/US-49 & SR-54,Waupaca,WI,395,3.457,44.348101,-89.110143,city_centroid
67657,KWIK TRIP #463,US-52/SR-60,Zumbrota,MN,515,3.524,44.303179,-92.671863,city_centroid
67658,MIRABITO #41,I-81 EXIT 13,Tully,NY,12,4.299,42.806977,-76.13936,city_centroid
67664,CEFCO #16,SR-171,Godley,TX,637,2.982,32.428174,-97.534865,city_centroid
67665,ALL STAR,US-75 N,Sabetha,KS,553,3.499,39.89929,-95.811271,city_centroid
67666,5 STAR TRUCK STOP,"I-44, EXIT 137",Oklahoma City,OK,483,2.879,35.473,-97.5177,city_centroid
67668,ADVENTURE TRUCK PLAZA,SR-3185 & SR-3107,Thibodaux,LA,623,3.399,29.799213,-90.809605,city_centroid
67669,CHEVRON DBA ONE9 #1271,SR-86,Thermal,CA,900,4.259,33.543418,-116.11584,city_centroid
67676,VALERO,"I-530/US-65, EXIT 34 & SR-365",White Hall,AR,695,3.166,34.257001,-92.089718,city_centroid
67677,BIGGAS TRUCK STOP,US-190/SR-6 & FM-2818,Bryan,TX,670,3.199,30.632698,-96.36616,city_centroid
67678,7-ELEVEN #40301,I-90/I-80,Genoa,OH,550,3.662,41.530005,-83.358984,city_centroid
67682,CASEYS #2739,1323 E MAIN ST,Beloit,KS,336,3.359,39.45446,-98.111714,city_centroid
67683,CASEYS #2734,"I-80, EXIT 222",Cozad,NE,330,3.032,40.861934,-99.992091,city_centroid
67684,CASEYS #2490,"I-35, EXIT 124 & US-69",Story City,IA,320,3.062,42.183487,-93.598811,city_centroid
67685,CASEYS #2792,"I-380/US-218, EXIT 13",Cedar Rapids,IA,380,3.499,41.9743,-91.655382,city_centroid
67686,CASEYS #2956,"I-315/US-81, EXIT 40",Hesston,KS,570,3.199,38.135951,-97.449458,city_centroid
67690,CEFCO #64,ST RT 14,Mexia,TX,765,3.099,31.678386,-96.495186,city_centroid
67695,MOREHEAD TRUCKSTOP,"I-64, EXIT 133 & SR- 801",Morehead,KY,255,3.599,38.199047,-83.443645,city_centroid
67697,FLORENCE TRAVEL PLAZA,"I-95, EXIT 150",Timmonsville,SC,42,3.999,34.101241,-79.937845,city_centroid
67698,FRONTIER TRAVEL CENTER,US-12 & US-85,Bowman,ND,807,3.532,46.173316,-103.401965,city_centroid
67699,GAP FARMS TRAVEL CENTER,"I-20, EXIT 69 & SR-151",Arcadia,LA,590,3.249,32.555643,-92.924529,city_centroid
67701,MARATHON,"I-94, EXIT 331",Casselton,ND,341,3.316,46.899195,-97.213821,city_centroid
67702,SPEEDWAY #6539,US-41/SR-45 & SR-52,Land O Lakes,FL,225,3.496,28.2682,-82.465,city_centroid
67703,SPEEDWAY #6880,CR-611,Clearwater,FL,225,3.377,27.9799,-82.7806,city_centroid
67705,CITGO,US-1,North Brunswick,NJ,115,3.186,40.453767,-74.482285,city_centroid
67706,SPEEDWAY #3495,US-1/9,Elizabeth,NJ,115,3.599,40.67169,-74.204335,city_centroid
67707,SPEEDWAY #3503,"I-95, EXIT 13 & I-278/US-1/US-9",Linden,NJ,115,3.429,40.635366,-74.255567,city_centroid
67711,HOUMA COTEAU TRAVEL PLAZA,I-90/SR-20,Houma,LA,725,3.062,29.59433,-90.754808,city_centroid
67712,CASEYS #3810,"I-29, EXIT 132 & US-14",Volga,SD,530,3.279,44.322354,-96.925148,city_centroid
67715,HUTCH'S #109,"I-40, EXIT 38",Elk City,OK,483,2.969,35.410359,-99.421086,city_centroid
67716,HWY 19 SCALE,"SR-19/I-35, EXIT 66",Gaylord,MN,425,3.466,44.546298,-94.195543,city_centroid
67718,SUNSTOP #622,SR-52 & SR-167,Hartford,AL,715,3.599,31.08598,-85.719204,city_centroid
67720,REFUEL #1046,"I-20, EXIT 116 & US-15",Bishopville,SC,42,3.309,34.224101,-80.274988,city_centroid
67721,J AND D COUNTRYSIDE MARTHON,SR-76 & SR-173,Poplar Grove,IL,520,3.499,42.359365,-88.842774,city_centroid
67723,JET FOOD STORE #80,US-221/SR-135 & SR-206,Douglas,GA,10,3.457,31.497287,-82.846468,city_centroid
67724,LOVES TRAVEL STOP #458,"I-44, EXIT 88",Strafford,MO,416,3.372,37.279718,-93.10663,city_centroid
67726,SPEEDWAY #7909,"US-264, EXIT 73",Greenville,NC,205,3.132,35.6594,-77.3974,city_centroid
67727,SPEEDWAY #7907,US-264 & SR-33,Greenville,NC,205,2.944,35.6594,-77.3974,city_centroid
67728,SPEEDWAY #7905,SR-43 & SR-118,Vanceboro,NC,205,3.376,35.306255,-77.171618,city_centroid
67729,SPEEDWAY #6981,US-301 BYP,Rocky Mount,NC,177,3.432,35.923784,-77.835022,city_centroid
67732,Quik Pik,US-275 & SR-9,West Point,NE,470,3.216,41.84503,-96.731763,city_centroid
67734,TROTTER TRUCK PLAZA,ST 11,Ord,NE,330,3.299,41.596187,-98.941783,city_centroid
67735,Fast Fuel,US-81/SR-3,Kingfisher,OK,483,3.191,35.863613,-97.947293,city_centroid
67736,SPEEDWAY #9855,I-10 EXIT 49,Fabens,TX,640,3.236,31.502222,-106.158056,city_centroid
67738,SUPER JACK TRUCK STOP,US-84,Brookhaven,MS,620,3.116,31.58581,-90.451995,city_centroid
67739,STRIPES #40819,SR-359,Orange Grove,TX,625,3.066,27.948659,-97.983835,city_centroid
67742,STRIPES 7FLEET #42514,"I-20, EXIT 138",Midland,TX,710,3.459,31.989636,-102.06261,city_centroid
67743,STRIPES 7FLEET #42506,US-380 & US-277,Haskell,TX,575,3.539,33.157993,-99.730923,city_centroid
67744,STRIPES #40715,SR-107,La Villa,TX,639,3.169,26.298333,-97.928333,city_centroid
67745,STRIPES #40628,"I-2, EXIT 134 & US-83",Mission,TX,639,3.259,26.24153,-98.342647,city_centroid
67746,STRIPES #40598,I-2/US-83,Mission,TX,639,2.869,26.24153,-98.342647,city_centroid
67747,STRIPES 7FLEET #42424,US-87/US-190,Brady,TX,740,3.599,31.128304,-99.3372,city_centroid
67748,STRIPES 7FLEET #42428,"I-20 EXIT, 115",Odessa,TX,710,3.069,31.8465,-102.3663,city_centroid
67749,STRIPES 7FLEET #42436,I-20 EXIT 134,Midland,TX,612,3.066,31.989636,-102.06261,city_centroid
67750,STRIPES #40729,FM-511 & FM-802,Brownsville,TX,598,2.999,25.933743,-97.517413,city_centroid
67753,STRIPES #40892,SR-359 & SR-16,Hebbronville,TX,625,3.286,27.2997,-98.682888,city_centroid
67754,Refuel #185,US-220,Stokesdale,NC,65,3.699,36.255217,-79.970528,city_centroid
67755,BLUE WATER #12,"I-526, EXIT 23",Charleston,SC,42,3.232,32.779506,-79.937069,city_centroid
67757,KEITH'S SUPERSTORE,"I-59, I-20, EXIT 160",Meridian,MS,705,3.049,32.357441,-88.655973,city_centroid
67758,CLARKS PUMP N SHOP #47,SR-10/SR-9,Vanceburg,KY,312,3.599,38.551511,-83.355448,city_centroid
67762,CEFCO #2008,US-83/US-62 & US-287,Childress,TX,770,2.916,34.428124,-100.21017,city_centroid
67763,SHELL,US-72,Mount Pleasant,MS,435,3.399,34.9364,-89.5321,city_centroid
67764,NINNEKAH TRUCK STOP,US-277/US-81 & SR-19,Ninnekah,OK,483,3.229,34.91435,-97.933277,city_centroid
67766,STOP IN Food Store #8143,US-221/US-460 & SR-607,Montvale,VA,185,3.366,37.40696,-79.717462,city_centroid
67768,SHELL,US-60 & SR-657,Lewisport,KY,487,3.499,37.909016,-86.895712,city_centroid
67771,DUCK THRU FOOD STORE #26,"I-95, EXIT 154 & SR-308 & SR-11/SR-42",Lewiston Woodville,NC,177,3.399,36.134416,-77.206631,city_centroid
67772,STEVES SHELL,"I-55, EXIT 42",Brookhaven,MS,620,3.199,31.58581,-90.451995,city_centroid
67774,7-ELEVEN #39329,I-278/US-1,Linden,NJ,79,3.376,40.635366,-74.255567,city_centroid
67777,CIRCLE K #2721270,"I-95, EXIT 358B, SR-105",Jacksonville,FL,75,3.342,30.0759,-81.5803,city_centroid
67779,REATA PETROLEUM,I-76 & BARLOW RD,Fort Morgan,CO,800,3.439,40.254084,-103.803119,city_centroid
67782,SAMS MART #45,"I-40, EXIT 24 & SR-209",Waynesville,NC,405,3.599,35.488611,-82.988889,city_centroid
67783,RUTTERS #4,US-30 & SR-1016/2011,Wrightsville,PA,70,3.989,39.996559,-76.526971,city_centroid
67784,HAVANA CONVENIENCE,US-136,Havana,IL,368,3.799,40.295995,-90.04952,city_centroid
67787,PWI #109,"I-20, EXIT 126",Midland,TX,710,2.999,31.989636,-102.06261,city_centroid
67789,BEAR RIVER VALLEY CO OP,SR-13/SR-83,Corinne,UT,835,3.419,41.544986,-112.151388,city_centroid
67791,KINGSPORT TRUCK STOP,"I-81, EXIT 63",Kingsport,TN,405,3.899,36.552766,-82.554034,city_centroid
67792,CUBBYS #113,US-20/US-275,Oneill,NE,470,3.226,42.485733,-98.645565,city_centroid
67793,PILOT TRAVEL CENTERS #131,"I-35, EXIT 34",Osceola,IA,320,3.439,41.029503,-93.771236,city_centroid
67794,ROAD RANGER #181,"I-55, EXIT 90",Springfield,IL,318,3.299,39.80004,-89.649531,city_centroid
67795,ROAD RANGER #263,"I-80, EXIT 93",Ottawa,IL,520,3.219,41.352619,-88.841589,city_centroid
67797,CHEVRON,US-71 & SR-179,Coushatta,LA,745,3.156,32.050099,-93.315644,city_centroid
67798,SUNSTOP #631,SR-231/SR-53 & SR-123,Ozark,AL,20,3.599,31.439069,-85.643629,city_centroid
67801,SUNOCO,"I-275, EXIT 42/SR-747",Cincinnati,OH,407,3.099,39.1063,-84.5356,city_centroid
67804,SUNSTOP #616,US-84/SR-134 & CR-1,Daleville,AL,20,3.399,31.281091,-85.730473,city_centroid
67806,84 QUICK STOP,I-84,Brookhaven,MS,620,3.149,31.58581,-90.451995,city_centroid
67811,QUICK FUEL #5301,SR-360,Grand Prairie,TX,637,3.024,32.76488,-97.01121,city_centroid
67813,LEROY TRUCK PLAZA,"I-74, EXIT 149",Le Roy,IL,280,3.479,40.346781,-88.759813,city_centroid
67815,LOVES TRAVEL STOP #254,"I-70, EXIT 59 & SR-39",Mooresville,IN,375,3.929,39.591469,-86.364173,city_centroid
67818,LOVES TRAVEL STOP #457,"I-30/US-67/US-70, EXIT 128",Little Rock,AR,695,3.242,34.748342,-92.281939,city_centroid
67819,BREW #31,US-71/US-18,Spencer,IA,440,3.466,43.145107,-95.14569,city_centroid
67820,CIRCLE K #2723487,US-17 & SR-211,Supply,NC,245,3.289,33.962504,-78.296089,city_centroid
67821,FAS MART #5261,SR-9 & SR-57,Tollesboro,KY,410,3.352,38.572332,-83.560458,city_centroid
67822,SPINX #178 (DISCOUNT AVAILABLE),"I-385, EXIT 42 & I-85, EXIT 51B & US-25",Travelers Rest,SC,210,3.192,35.003929,-82.427179,city_centroid
67823,FLASH MARKET #17032,"I-555/US-63, EXIT 29 & SR-69",Trumann,AR,435,3.407,35.668914,-90.518738,city_centroid
67824,CIRCLE K #2723641,US-231/SR-87/SR-10/SR-53 & CR-21,Troy,AL,720,3.799,31.7567,-85.9993,city_centroid
67826,VALLEN MART,US-14,Volga,SD,566,3.319,44.322354,-96.925148,city_centroid
67827,GAS N GO,US-280/SR-27 & SR-520,Richland,GA,10,3.199,32.084578,-84.666724,city_centroid
67829,KWIK TRIP #721,SR-19 & SR-73,Marshall,WI,420,3.497,43.163639,-89.075331,city_centroid
67832,Sprint Mart #45,US-278/US-45,Tupelo,MS,742,3.189,34.253834,-88.720853,city_centroid
67833,PETES #05,US-59 & US-400,Parsons,KS,307,3.299,37.338888,-95.269288,city_centroid
67835,CIRCLE K #2723782,"I-40, EXIT 38 & US-421",Greensboro,NC,65,3.082,36.069741,-79.768151,city_centroid
67837,PILOT TRAVEL CENTER #1054,US-183 & SR-21,Buda,TX,740,3.416,30.091758,-97.853422,city_centroid
67839,EL TIGRE FOOD STORE #13,SR-336,Hidalgo,TX,639,3.216,26.102832,-98.253641,city_centroid
67841,CIRCLE K #2723844,US-15/US-501/US-1,Sanford,NC,177,3.049,35.464148,-79.176446,city_centroid
67842,CIRCLE K #4707627,"I-81, EXIT 48",Watertown,NY,220,4.099,43.974258,-75.912212,city_centroid
67844,UNCLE WILLIES #1288,US-13,Felton,DE,243,3.219,39.022538,-75.582906,city_centroid
67846,CEDAR RIVER PLAZA,SR-35,Stephenson,MI,360,3.419,45.416594,-87.62579,city_centroid
67847,E Z PICKENS,"US-20, EXIT 275 & SR-13",Manchester,IA,335,3.579,42.483418,-91.449001,city_centroid
67848,JEMISON EXXON,"I-65, EXIT 219 & CR-42",Jemison,AL,615,3.299,32.980539,-86.718052,city_centroid
67849,KUM & GO #0379,US-412/ US-63 & SR-25,Black Rock,AR,435,3.199,36.114874,-91.117629,city_centroid
67850,SMILEYS FUEL CITY,"I-64/I-81, EXIT 205 & SR-206",Raphine,VA,185,3.539,37.937353,-79.221903,city_centroid
67854,CircleK #2709341,US-411,Chatsworth,GA,285,3.499,34.758929,-84.794293,city_centroid
67855,FAS MART #5262,"I-64, EXIT 94 & SR-1958/SR-2888",Winchester,KY,410,2.907,37.987161,-84.178894,city_centroid
67859,PILOT #1135,US-281,Falfurrias,TX,639,3.459,27.22416,-98.140844,city_centroid
67860,SHELL,"I-55, EXIT 227 & SR-32",Oakland,MS,435,2.999,34.075552,-89.887748,city_centroid
67861,CASEYS #4308,US-34,Chariton,IA,320,3.539,41.022638,-93.30419,city_centroid
67862,SUNOCO TRUCK STOP,"I-70, EXIT 123 & SR-3",Spiceland,IN,375,3.399,39.827078,-85.445043,city_centroid
67865,PILOT TRAVEL CENTER #897,"I-95, EXIT 12B, INTERSECTION OF SR-826 & 817",Opa Locka,FL,95,3.699,25.909662,-80.247004,city_centroid
67866,QUICK DRAW TRAVEL PLAZA,"I-20, EXIT 49 & SR-531",Minden,LA,590,3.012,32.632281,-93.288587,city_centroid
67868,CHEVRON,SR-19,Huntsville,TX,670,2.979,30.7947,-95.5337,city_centroid
67871,BASIN MARKET #107,US-40,Vernal,UT,810,3.599,40.440613,-109.546883,city_centroid
67872,SMOKIES,US-45,Okolona,MS,576,3.099,33.989015,-88.759843,city_centroid
67874,RUTTERS #56,"I-83, EXIT 39A & SR-114",New Cumberland,PA,70,3.899,40.215105,-76.868909,city_centroid
67875,EXXON TIGER MART,"US-67/US-167, EXIT 28 & US-64",Beebe,AR,695,3.299,35.093743,-91.907449,city_centroid
67876,KUM & GO #0880,"US-412, EXIT 36",Stillwater,OK,560,2.954,36.104349,-97.060868,city_centroid
67877,CIRCLE K #4703701,I-24 EXIT 70,Smyrna,TN,460,3.032,35.965611,-86.504818,city_centroid
67879,Strike,US-287/96/69 & SR-347,Beaumont,TX,610,3.499,30.068805,-94.103896,city_centroid
67883,CASH MAGIC HOLLYWOOD,US-90,Berwick,LA,725,3.399,29.698786,-91.205662,city_centroid
67884,ROADRUNNER FUELS,US-550/SR-544,Aztec,NM,614,3.776,36.820499,-108.010982,city_centroid
67886,MAVERIK #5200,"I-70 BUSINESS, EXIT 25, CR-24",De Beque,CO,800,3.442,39.311764,-108.230405,city_centroid
67887,AIRLINE CHEVRON,US-61,Kenner,LA,725,3.099,29.991203,-90.247901,city_centroid
67890,KUM & GO #0449,US-60/US-71,Neosho,MO,535,3.056,36.870634,-94.386218,city_centroid
67892,TURRELL FUEL STOP,"I-55, EXIT 21",Turrell,AR,435,3.466,35.296936,-90.262979,city_centroid
67894,CIRCLE K #2705098,US-27 & SR-44,Leesburg,FL,140,3.572,28.807965,-81.885772,city_centroid
67897,KENT KWIK #273,SR-302 & SR-18,Kermit,TX,710,3.039,31.85496,-103.091269,city_centroid
67900,SPRINT FOODS #725,"I-520, EXIT 16/SR-28",Beech Island,SC,135,3.349,33.427222,-81.891111,city_centroid
67906,ON THE GO,SR-239,Prescott,KS,400,3.199,38.071802,-94.700841,city_centroid
67908,CIRCLE K #2744062,"I-25, EXIT 74",Colorado City,CO,796,3.349,37.945278,-104.834722,city_centroid
67910,G FUEL,US-40 & SR-140,Penns Grove,NJ,243,3.399,39.717938,-75.465623,city_centroid
67917,STRIPES 7FLEET #42510,"I-10, EXIT 256/US-285",Fort Stockton,TX,710,3.379,30.890785,-102.879942,city_centroid
67918,DELAWARE TRUCK STOP,"I-80, EXIT 4C/US-46",Delaware,NJ,90,3.079,40.892778,-75.065,city_centroid
67922,EXXON,"I-20, EXIT 44 & US-371 & US-80/US-79",Minden,LA,745,3.399,32.632281,-93.288587,city_centroid
67923,MONROE CENTER BP OASIS,"I-39, EXIT 111/US-51 & SR-72",Monroe Center,IL,520,3.599,42.10501,-89.016946,city_centroid
67924,KUM & GO #0026,"I-90, EXIT 26",Adrian,MN,440,3.191,43.619683,-95.927261,city_centroid
67925,CHEVRON,US-61,Baton Rouge,LA,600,3.899,30.450731,-91.186954,city_centroid
67927,STONES TRUCK STOP,"I-29, EXIT 77/US-212",Watertown,SD,566,3.382,44.904295,-97.123977,city_centroid
67929,Circle K,SR-574,Plant City,FL,225,3.326,28.0168,-82.1289,city_centroid
67930,CIRCLE K #2721426,US-98/SR-30A & SR-368,Panama City,FL,145,3.291,30.160624,-85.649403,city_centroid
67931,Forks 1&23,US-1/US-23/SR-4 & SR-19,Alma,GA,195,3.599,31.546525,-82.4633,city_centroid
67932,SPRINT MART #4144,US-82/US-45/SR-12 & SR-182,Columbus,MS,576,3.016,33.537699,-88.426194,city_centroid
67933,SUNOCO,SR-50 & SR-471,Webster,FL,140,3.336,28.577492,-82.092975,city_centroid
67934,WHISPERING PINES,SR-10,Greensburg,LA,600,3.099,30.864693,-90.725561,city_centroid
67935,CIRCLE K #2707610,"I-10, EXIT 26",Milton,FL,155,3.232,30.660413,-87.047278,city_centroid
67938,TEXACO,"I-84, EXIT 376",Tremonton,UT,835,3.456,41.701564,-112.181293,city_centroid
67939,DELTA FUEL,"I-80, EXIT 242 & SR-339",Mifflinville,PA,138,3.366,41.023473,-76.292396,city_centroid
67940,MARTIN GENERAL STORE,US-22,Ebensburg,PA,14,3.524,40.480105,-78.726294,city_centroid
67941,FIESTA MART #21,"I-40, EXIT 278",Warner,OK,560,3.639,35.494546,-95.306434,city_centroid
67943,LOVES TRAVEL STOP #459,"I-65, EXIT 133 & SR-267",Whitestown,IN,375,3.622,40.00002,-86.350716,city_centroid
67949,7-ELEVEN #36835,"I-85, EXIT 32",Pelzer,SC,30,3.182,34.646063,-82.467334,city_centroid
67952,CIRCLE K #2707682,"I-75, EXIT 164 & US-17/SR-35",Punta Gorda,FL,225,3.399,26.915163,-82.053166,city_centroid
67957,CITGO,US-27,Hialeah,FL,64,3.472,25.905,-80.3049,city_centroid
67965,DIAMOND #7,"I-65, EXIT 69",Brewton,AL,715,3.399,31.118926,-87.067325,city_centroid
67968,WHITESBURG BP,US-27/SR-16,Whitesburg,GA,18,3.699,33.511093,-84.925426,city_centroid
67974,TALL TIMBERS TRUCKSTOP,"I-10, EXIT 23 & SR-108",Sulphur,LA,690,3.832,30.219001,-93.363911,city_centroid
67976,KWIK TRIP #587,US-141 & SR-22,Lena,WI,582,3.282,44.940494,-88.054308,city_centroid
67977,KUM & GO #4127,"I-29, EXIT 127",Sloan,IA,527,3.109,42.242726,-96.230634,city_centroid
67994,Pure,US-82/SR-520/SR-135,Willacoochee,GA,10,3.466,31.345481,-83.044931,city_centroid
67997,CIRCLE K #2745137,"I-75/SR-401, EXIT 149 & SR-49",Byron,GA,85,3.199,32.647384,-83.762244,city_centroid
68002,CO RETAIL VENTURE DB,US-34 & SR-59,Yuma,CO,800,3.449,40.130063,-102.707174,city_centroid
68005,WESSON,"I-84, EXIT 22, SR-8, EXIT 22",Waterbury,CT,100,4.179,41.558,-73.0519,city_centroid
68007,Highland oil,US-412,Hardy,AR,435,3.269,36.322746,-91.411027,city_centroid
68008,FAST LANE #3,US-64 & US-49,Mc Crory,AR,435,3.399,35.247292,-91.179327,city_centroid
68009,CIRCLE K #2741779,"US-270, EXIT 2",Hot Springs National Park,AR,695,3.369,34.501475,-93.026024,city_centroid
68012,ROYAL FARMS #120,US-13/CR-16,Greenwood,DE,194,3.259,38.817519,-75.593547,city_centroid
68016,Chevron #386730,"I-10, EXIT 139",Phoenix,AZ,930,3.299,33.451,-112.0685,city_centroid
68017,TEXACO,SR-89,Prescott,AZ,930,3.739,34.629909,-113.022459,city_centroid
68019,PAC PRIDE CARDLOCK,CR-25/CR-826,Miami,FL,95,3.479,25.779,-80.1982,city_centroid
68020,EXXON,"I-10, EXIT 335/SR-121",Macclenny,FL,75,3.499,30.273671,-82.132475,city_centroid
68026,MINIT MART #600627,"I-57, EXIT 312",Kankakee,IL,399,3.449,41.116582,-87.869607,city_centroid
68029,MAPCO #3502,SR-151,Ringgold,GA,285,3.092,34.92052,-85.154908,city_centroid
68030,FIVE STAR EXPRESS,"I-520/SR-415, EXIT 16 & SR-28",Augusta,GA,135,3.499,33.460084,-81.972959,city_centroid
68031,ORCHARD STOP BP,US-30,Montgomery,IL,290,3.549,41.717742,-88.331965,city_centroid
68033,CIRCLE K #2703175,"I-520/SR-415, EXIT 9 & SR-56",Augusta,GA,135,3.282,33.460084,-81.972959,city_centroid
68036,MOBIL,"I-95, EXIT 60",Salisbury,MA,178,3.599,42.850678,-70.858822,city_centroid
68040,MISHAWAKA ROAD FLEET SITE,SR-19 & CR-20,Elkhart,IN,465,3.689,41.710083,-85.972949,city_centroid
68043,CARROLL MOTOR FUELS,US-40,Middle River,MD,22,3.139,39.340098,-76.415255,city_centroid
68048,CASEYS #3961,SR-3 & SR-143,Marcus,IA,527,3.299,42.819959,-95.803431,city_centroid
68052,CUBBYS #302,SR-39 & SR-175,Odebolt,IA,319,3.316,42.309514,-95.25005,city_centroid
68053,KJ TRAVEL CENTER,"US-20, EXIT 310",Idaho Falls,ID,825,3.407,43.517679,-111.990626,city_centroid
68055,Gallops,US-20,Michigan City,IN,370,3.399,41.698031,-86.869899,city_centroid
68062,FARMERS UNION OIL,US-83,Wilton,ND,390,3.899,47.170853,-100.794385,city_centroid
68065,Caseys #4450,US-160,Ulysses,KS,525,3.399,37.579174,-101.348846,city_centroid
68067,PUMP & PANTRY #2,US-30 & US-281,Grand Island,NE,330,3.307,40.921858,-98.341062,city_centroid
68068,ELGIN ONE STOP,SR-14 & SR-70,Elgin,NE,470,3.137,41.973239,-98.075082,city_centroid
68070,PAULS TRUCK STOP,US-171,Leesville,LA,690,3.449,31.144292,-93.223957,city_centroid
68072,FAMILY FARE #834 (DISCOUNT AVAILABLE),"US-131, EXIT 175",Byron Center,MI,371,3.739,42.801614,-85.713602,city_centroid
68073,BIG BATS 2,US-20,Chadron,NE,506,3.699,42.819268,-102.995331,city_centroid
68076,JENNINGS TRUCKSTOP,"I-10, EXIT 65",Jennings,LA,690,2.999,30.22011,-92.657405,city_centroid
68079,NORTH FORK TRUCK STOP,US-12/CR-103,White Pigeon,MI,465,3.559,41.792891,-85.67501,city_centroid
68080,SAMMYS TRUCK AUTO PLAZA,"I-49, EXIT 53",Bunkie,LA,730,3.399,30.949284,-92.182582,city_centroid
68081,SHELL,SR-308 & SR-654,Mathews,LA,725,3.459,29.681982,-90.494914,city_centroid
68091,ALLTOWN MARKETS,"SR-101, EXIT 2",Auburn,NH,178,3.799,42.992529,-71.344892,city_centroid
68093,MARATHON,US-223/CR-52,Adrian,MI,385,3.599,41.900516,-84.044556,city_centroid
68095,ALEXS MARKET AND GRILL,"I-75, EXIT 101",Holly,MI,342,4.699,42.790494,-83.612737,city_centroid
68100,REFINED MARKETERS,"I-96, EXIT 31A/US-131, EXIT 88",Grand Rapids,MI,344,3.739,42.9704,-85.6738,city_centroid
68102,SUNOCO,ST 17,Carlstadt,NJ,115,3.162,40.840298,-74.092498,city_centroid
68107,SPEEDWAY #4500,"I-35, EXIT 171/CR-11",Pine City,MN,451,3.549,45.832273,-92.982604,city_centroid
68110,CIRCLE K #4705573,SR-82,Grafton,OH,414,3.749,41.28537,-82.043098,city_centroid
68112,QUICK FUEL #3138,"I-35, EXIT 98/CR-26",Saint Paul,MN,448,3.617,45.061132,-92.954847,city_centroid
68113,CIRCLE K #4705571,ST 2,Holland,OH,550,3.549,41.622629,-83.725712,city_centroid
68114,BP,US-130,Burlington,NJ,230,3.146,40.068015,-74.845353,city_centroid
68116,Circle K #2746335,"I-35, EXIT 22",Minneapolis,MN,448,3.799,44.983473,-93.268251,city_centroid
68122,CENEX,SR-11/SR-310,Roseau,MN,449,3.499,48.826809,-95.756709,city_centroid
68124,CIRCLE K #4705587,SR-585 & SR-57,Rittman,OH,249,3.659,40.968381,-81.782599,city_centroid
68129,CULVERS HAWKINS,"US-59/I-29, EXIT 43",Saint Joseph,MO,400,3.199,39.768755,-94.838488,city_centroid
68133,CASEYS #4256,US-71/SR-175,Joplin,MO,416,3.069,37.096858,-94.505144,city_centroid
68140,CROSSROADS RATON TRUCK STOP,"I-25/US-85, EXIT 451 & US-87",Raton,NM,803,3.499,36.895187,-104.434881,city_centroid
68147,Regal Truck Stop,SR 30,New Albany,MS,435,3.249,34.485051,-89.003058,city_centroid
68148,CIRCLE K #2723389,US-49,Gulfport,MS,715,2.944,30.382556,-89.097618,city_centroid
68151,KUM & GO #0498,SR-125,Rogersville,MO,535,3.052,37.131047,-93.096449,city_centroid
68154,LOVES TRAVEL STOP #395,"I-57, EXIT 308",Kankakee,IL,290,3.379,41.116582,-87.869607,city_centroid
68155,SHEETZ #181,"I-80, EXIT 158 & SR-220",Bellefonte,PA,14,3.729,40.909377,-77.7642,city_centroid
68156,A PLUS MINI MARKET,"I-95, EXIT 26",Philadelphia,PA,160,3.999,40.1162,-75.0141,city_centroid
68157,RAJS MINI MART,US-1/SR-29,Morrisville,PA,230,3.899,40.212064,-74.822153,city_centroid
68158,SUNOCO,"I-78, EXIT 29A/SR-61",Shoemakersville,PA,90,3.639,40.495495,-75.960313,city_centroid
68161,KWIK FILL #390,SR-15 & TABER RD,Blossburg,PA,138,3.684,41.669771,-77.079711,city_centroid
68165,GOLDEN GATE Fallon,US-50,Fallon,NV,966,3.549,39.470254,-118.786112,city_centroid
68167,CIRCLE K #4707628,SR-90 & SR-5,Montezuma,NY,220,3.999,43.01,-76.703611,city_centroid
68169,GOLDEN GATE GOLDEN VALLEY,"US-395, EXIT 73",Reno,NV,966,3.949,39.526812,-119.811275,city_centroid
68174,MIRABITO #42,"I-81, EXIT 7",Castle Creek,NY,12,3.999,42.256805,-75.908746,city_centroid
68177,ONVO TRAVEL PLAZA - MIFFLINVILLE,"I-80, EXIT 242/CR-339",Mifflinville,PA,138,3.366,41.023473,-76.292396,city_centroid
68178,CIRCLE K #2723748,"I-20, EXIT 48",Pearl,MS,760,3.389,32.276837,-90.102714,city_centroid
68179,WEST PAK A POK,SR-8,Houston,MS,655,3.399,33.902554,-88.967005,city_centroid
68180,One9 #1374,"I-81, EXIT 143, SR-924",Hazleton,PA,200,3.862,40.962107,-75.978193,city_centroid
68185,CITGO,US-22/SR-72,Jonestown,PA,70,3.749,40.43607,-76.503842,city_centroid
68188,ONVO TRAVEL PLAZA - GIBSON,"I-81, EXIT 219 & SR-848",New Milford,PA,200,3.589,41.866409,-75.717113,city_centroid
68189,EAGLE EXXON,US-27/SR-29,Dayton,TN,285,3.399,35.500186,-85.013455,city_centroid
68191,MARTIN GENERAL STORE # 207,SR-865/I-99 EXIT 41,Altoona,PA,14,3.539,40.520945,-78.408901,city_centroid
68196,CATDADDY MARKET,SR-33,Tazewell,TN,405,3.299,36.471012,-83.555219,city_centroid
68211,CEFCO #2005,"I-40, EXIT 73",Amarillo,TX,585,2.869,35.166332,-101.886764,city_centroid
68212,CIRCLE K #2723415,"I-26, EXIT 16",Spartanburg,SC,210,3.099,34.935211,-81.965377,city_centroid
68213,CADOO MILLS,"I-30/US-67, EXIT 87 & FM-1903",Caddo Mills,TX,253,2.801,33.068267,-96.239093,city_centroid
68215,COWBOY TRAVEL PLAZA,"I-10, EXIT 833",Hamshire,TX,610,2.899,29.866769,-94.318739,city_centroid
68217,CIRCLE K #2723881,US-701 & US-501,Conway,SC,46,3.184,33.873066,-79.055712,city_centroid
68225,OASIS TRUCK STOP,US-60 & US-83,Canadian,TX,585,3.299,35.885906,-100.353875,city_centroid
68227,QUARLES #4914,"I-64 EXIT 297, US-13",Chesapeake,VA,130,3.526,36.735246,-76.23843,city_centroid
68234,CIRCLE K #2723705,"I-81, EXIT 80 & SR-121",Wytheville,VA,65,3.266,36.940669,-81.094082,city_centroid
68235,JOLLEY #113,"I-91, EXIT 28",Derby,VT,39,3.539,44.950182,-72.137555,city_centroid
68236,TEX BEST #506,"I-35, EXIT 84",Dilley,TX,747,3.099,28.678201,-99.174684,city_centroid
68243,PILOT EXPRESS #1173,"I-5, EXIT 135",Tacoma,WA,977,4.599,47.2764,-122.7583,city_centroid
68245,STRIPES #40705,US-77/SR-374,Combes,TX,665,2.912,26.248333,-97.733611,city_centroid
68253,KENT KWIK #262,"CR-18/I-20, EXIT 80",Monahans,TX,710,2.859,31.581294,-102.900273,city_centroid
68256,EXTRA MILE TRUCK STOP,I-30 EXIT 208,Hooks,TX,723,2.817,33.477542,-94.269188,city_centroid
68257,LOVES TRAVEL STOP #292,"I-55, EXIT 220",Dwight,IL,290,3.349,41.088701,-88.415884,city_centroid
68258,CIRCLE K #2741536,SR-83/CR-1015,Weslaco,TX,639,3.036,26.169444,-97.988714,city_centroid
68260,ALVARADO MARKET STATION,"I-35W, EXIT 26A & US-67",Alvarado,TX,637,2.844,32.439499,-97.212971,city_centroid
68261,STRIPES #2294,US-83 & FM-1120,Leakey,TX,740,2.949,29.768951,-99.747913,city_centroid
68266,FREDS FUEL AND FOOD #2,"I-57, EXIT 283 & US-24",Gilman,IL,280,3.049,40.767987,-87.993336,city_centroid
68268,SPEED SMART,"I-10, EXIT 114",Buckeye,AZ,930,3.372,33.38896,-112.607728,city_centroid
68270,MPC #2,US-67 & CR-A,Fredericktown,MO,574,2.991,37.543716,-90.310527,city_centroid
68271,PHOENIX #308,ST 210,Rocky Point,NC,245,3.619,34.434418,-77.923448,city_centroid
68273,CHISUM TRAVEL CENTER,US-70/US-54,Tularosa,NM,640,2.999,33.065049,-106.010789,city_centroid
68274,CEFCO #6,SR-6 & SR-7,Marlin,TX,765,2.999,31.303592,-96.888942,city_centroid
68276,KWIK STAR #895,US-18/US-63 EXIT 204,New Hampton,IA,565,3.449,43.056015,-92.313136,city_centroid
68277,WHITE OAK STATION #15,US-65,Harrison,AR,735,3.599,36.241707,-93.106162,city_centroid
68279,MACS MARKET #101,ST 22A,Fair Haven,VT,12,3.599,43.62345,-73.270068,city_centroid
68282,SUNSTOP #612,US-84,Andalusia,AL,720,3.486,31.297142,-86.490468,city_centroid
68290,WALTON TRUCK STOP,US-78/SR-10 & SR-83,Monroe,GA,16,3.999,33.808141,-83.707221,city_centroid
68292,GAS N GO,US-280/US-19,Americus,GA,10,3.299,32.07077,-84.224729,city_centroid
68294,BP,"I-74, EXIT 51",Galesburg,IL,270,3.499,40.952138,-90.369807,city_centroid
68298,MR FUEL #719,"I-80, EXIT 6",Gary,IN,365,3.566,41.593333,-87.346389,city_centroid
68301,LOVES TRAVEL STOP #463,I-10 EXIT 604,Seguin,TX,740,3.179,29.561316,-97.962801,city_centroid
68302,FLYING J #493,I-95 EXIT 77,Saint George,SC,42,3.519,33.184532,-80.573246,city_centroid
68303,KWIK TRIP #351,SR-13 & SR-64,Medford,WI,295,3.401,45.151185,-90.350306,city_centroid
68306,BIG D #018,SR-387 & SR-59,Gillette,WY,790,3.459,44.282009,-105.497442,city_centroid
68307,EXPRESSWAY LUVERNE,"I-90, EXIT 12",Luverne,MN,432,3.239,43.661366,-96.221562,city_centroid
68308,PINECONE TRAVEL PLAZA,"I-94, EXIT 267",Johnson Creek,WI,420,3.219,43.075051,-88.783602,city_centroid
68311,SUN DO KWIK SHOP,SR-242,Evergreen,NC,63,3.159,34.375234,-78.884638,city_centroid
68314,Refuel #313,US-183 & SR-29,Liberty Hill,TX,595,2.909,30.662953,-97.931598,city_centroid
68315,SHELL,"I-40, EXIT 200 & SR-99",Seminole,OK,483,2.859,35.224444,-96.670278,city_centroid
68316,CIRCLE K #2723622,"I-75, EXIT 345",Ringgold,GA,285,3.076,34.92052,-85.154908,city_centroid
68318,NINOS TRUCK PLAZA,"I-10, EXIT 151",Port Allen,LA,600,3.039,30.471983,-91.254088,city_centroid
68319,HOLIDAY STATIONSTORE #2746484,US-61 & US-10,Hastings,MN,448,3.569,44.718932,-92.862566,city_centroid
68321,Big's #304,"I-35, EXIT 141",Moore,TX,740,2.999,29.035377,-98.987403,city_centroid
68323,TRAINER MART,"I-10, EXIT 593",Marion,TX,740,2.999,29.56835,-98.151709,city_centroid
68328,TONKAWA TRAVEL CENTER,"I-35, EXIT 214 & US-60",Tonkawa,OK,500,3.099,36.68062,-97.30634,city_centroid
68330,SHREES TRUCK STOP,"I-90, EXIT 149 & SR-281",George,WA,920,3.569,47.079167,-119.854722,city_centroid
68332,CIRCLE K #2701526,"I-40, EXIT 208",Colfax,NC,65,2.957,36.100272,-80.010276,city_centroid
68333,GO MART FOOD STORE #106,US-250/US-219/SR-92/SR-55,Elkins,WV,44,3.499,38.925304,-79.847115,city_centroid
68335,PILOT #481,"I-75, EXIT 20",Mc Donald,TN,285,3.599,35.086902,-84.989198,city_centroid
68337,SPEEDWAY #1426,US-30 & SR-51,Merrillville,IN,290,3.886,41.4957,-87.350932,city_centroid
68339,LOVES TRAVEL STOP #464,"I-10, EXIT 523 & US-87",Comfort,TX,740,3.212,29.979072,-98.843772,city_centroid
68343,HUTCH'S #119,I-40 EXIT 40,Elk City,OK,483,2.969,35.410359,-99.421086,city_centroid
68347,ENERGY EXPRESS TRAVEL CENTER,I-70 EXIT 247,Saint Louis,MO,540,2.909,38.634616,-90.191313,city_centroid
68348,HOT SPOT #6007,"I-85, EXIT 80",Spartanburg,SC,210,3.089,34.935211,-81.965377,city_centroid
68349,SAPP BROS TRAVEL CENTER,"US-75, EXIT 116",Le Mars,IA,527,3.269,42.79623,-96.170386,city_centroid
68350,JOAQUIN QUICK STOP,US-84,Joaquin,TX,618,3.432,31.943989,-94.060833,city_centroid
68354,LEERJAK TRAVEL CENTER,US-60,Ellsinore,MO,275,3.409,36.945263,-90.74853,city_centroid
68359,LOVES TRAVEL STOP #466,"I-78, EXIT 65",Jasper,AL,615,3.556,33.871672,-87.249144,city_centroid
68360,A PLUS MINI MARKET,"I-95, EXIT 19",Philadelphia,PA,160,4.049,40.1162,-75.0141,city_centroid
68361,DUCK THRU FOOD STORE #34,US-158 & US-17,Elizabeth City,NC,130,3.499,36.3019,-76.2236,city_centroid
68362,RUTTERS #5,US-30 & SR-997,Fayetteville,PA,70,3.859,39.906543,-77.53096,city_centroid
68364,Maplefields,"I-89, EXIT 19",Saint Albans,VT,39,3.539,44.811138,-73.089025,city_centroid
68365,7-ELEVEN #36834,SR-72,Abbeville,SC,30,3.619,34.18186,-82.378452,city_centroid
68366,MARATHON,US-68/SR-80,Russellville,KY,460,3.199,36.853074,-86.888708,city_centroid
68367,LOVES TRAVEL STOP #447,"I-10 E, EXIT 0",Anthony,TX,640,3.449,31.990718,-106.597625,city_centroid
68368,AKAL TRAVEL CENTER,I-80 EX 360,Waco,NE,413,2.799,40.919826,-97.453352,city_centroid
68369,WORKMANS TRAVEL CENTER,"I-40 EXIT, 35 & SR-23",Ozark,AR,735,3.297,35.524645,-93.837423,city_centroid
68370,GULF EXPRESS DIESEL AND GAS,"I-295, EXIT 4 & SR-14",Johnston,RI,175,3.799,41.826431,-71.497646,city_centroid
68372,SPEEDWAY #8062,SR-26/CR-00,Kokomo,IN,375,3.799,40.49884,-86.145273,city_centroid
68375,PILOT #491,"I-81, EXIT 251 & US-11",Harrisonburg,VA,185,3.659,38.448864,-78.871438,city_centroid
68377,PILOT #4568,I-20 EXIT 11,Graniteville,SC,135,3.392,33.563016,-81.814686,city_centroid
68378,PILOT TRAVEL CENTERS #596,I-69 EXIT 196,Smiths Creek,MI,342,3.959,42.922072,-82.574516,city_centroid
68381,Fast Stop Travel Centers #2241,US-26 S & SR-39,Blackfoot,ID,825,3.999,43.194327,-112.361545,city_centroid
68382,QUIKTRIP #766,US-29 & SR-316,Dacula,GA,18,3.321,33.988611,-83.898056,city_centroid
68383,AYERCO 32,US-61 & SR-P,Canton,MO,494,3.016,40.143695,-91.547987,city_centroid
68386,KWIK TRIP #884,US-45 & SR-22,Clintonville,WI,582,3.559,44.636442,-88.742999,city_centroid
68389,WEBERS OF PLYMOUTH,SR-57 N/CR-PP E,Plymouth,WI,582,3.499,43.75258,-87.977906,city_centroid
68394,CHEVRON,"I-84, EXIT 343/CR-104",Ogden,UT,835,3.442,41.2443,-112.0072,city_centroid
68396,TOOT N TOTUM #44,SR-287 E/CR-335 N,Amarillo,TX,585,3.042,35.166332,-101.886764,city_centroid
68403,RUTTERS #16,"I-83, EXIT 10 & SR-214",York,PA,70,4.199,39.963539,-76.726887,city_centroid
68405,PILOT TRAVEL CENTER #1028,"I-45, EXIT 178/US-79 N",Buffalo,TX,765,3.549,31.457151,-96.058516,city_centroid
68406,TOOT N TOTUM #114,US-385/US-54,Dalhart,TX,585,3.199,36.073183,-102.517658,city_centroid
68411,PAWNEE TRAVEL PLAZA,US-412 & SR-18,Pawnee,OK,560,3.044,36.336197,-96.79227,city_centroid
68416,STRIPES 7FLEET #42515,US-87 N,Lamesa,TX,710,3.099,32.736677,-101.956914,city_centroid
68417,7-ELEVEN #42072,"I-20, EXIT 599/SR-281",Longview,TX,766,3.207,32.526854,-94.72328,city_centroid
68419,ROAD RANGERS #270,"I-35, EXIT 114/SR-462",Moore,TX,740,3.169,29.035377,-98.987403,city_centroid
68420,SHELBINA Phillips 66,US-36 & SR-15,Shelbina,MO,494,3.099,39.694718,-92.03706,city_centroid
68421,STRIPES,US-77,Refugio,TX,625,3.074,28.316944,-97.276665,city_centroid
68423,GOLDEN GATE TRUCKSTOP,"I-80, EXIT 106 & SR-398",Lovelock,NV,966,3.649,40.1819,-118.468915,city_centroid
68424,MAVERICK TRAVEL CENTER,"I-20, EXIT 386/US-281",Santo,TX,637,3.099,32.597935,-98.179675,city_centroid
68428,STRIPES #40519,US-90/CR-1023,Uvalde,TX,740,3.359,29.217238,-99.793074,city_centroid
68432,PAPA ROCK,US-79/SR-76,Clarksville,TN,460,3.199,36.522014,-87.348997,city_centroid
68434,Circle K #2741789,"I-30, EXIT 98 & US-270",Malvern,AR,695,3.439,34.355715,-92.829162,city_centroid
68440,EXPRESS GAS,"I-40, EXIT 2A/US-51",Memphis,TN,435,2.979,35.0337,-89.9343,city_centroid
68441,QUIKTRIP #1106,US-76,Anderson,SC,30,2.959,34.526051,-82.630436,city_centroid
68444,Sunoco,US-30,Roebling,NJ,160,3.159,40.115352,-74.777224,city_centroid
68446,J J OIL #07,US-160,Ulysses,KS,525,3.399,37.579174,-101.348846,city_centroid
68447,JUMPIN JACKS 419,SR-161,Rockport,IN,487,3.999,37.885803,-87.07701,city_centroid
68451,CASEYS #3439,US-63,Lime Springs,IA,433,3.566,43.45563,-92.273324,city_centroid
68453,Marathon,US-82/US-27,Cuthbert,GA,10,3.699,31.771111,-84.789444,city_centroid
68458,SPEEDWAY #6278,"I-96, EXIT 16",Coopersville,MI,456,3.499,43.06013,-85.951722,city_centroid
68462,CHEVRON,SR-24 & SR-660,Houma,LA,623,3.099,29.59433,-90.754808,city_centroid
68463,SPANISH LAKE TRUCK AND CASINO PLAZA,SR-182,New Iberia,LA,730,3.329,30.001027,-91.819959,city_centroid
68465,LOVES TRAVEL STOP #470,"I-75, EXIT 451",Jasper,FL,10,3.327,30.502914,-82.932186,city_centroid
68466,KWIK TRIP #462,SR-11 & SR-83,Burlington,WI,444,3.274,42.666034,-88.274886,city_centroid
68468,SHELL,SR-193/SR-163 & CR-26,Theodore,AL,715,3.039,30.544374,-88.180748,city_centroid
68469,8 MILE STORE,"US-64/I-40, EXIT 127",Conway,AR,695,3.399,35.084199,-92.423574,city_centroid
68471,B LINE SHELL,SR-710,Jupiter,FL,140,3.957,26.933938,-80.120091,city_centroid
68476,CREEK TRAVEL PLAZA,"I-65, EXIT 54",Atmore,AL,715,3.136,31.057245,-87.487347,city_centroid
68480,KUM & GO #0414,US-212/SR-265,Springdale,AR,645,3.142,36.183521,-94.176216,city_centroid
68493,FAST TRACK 427,"I-10, EXIT 225/US-19",Lamont,FL,20,3.739,30.365341,-83.900266,city_centroid
68494,LOVES TRAVEL STOPS #469,"I-85, EXIT 15 & US-1",South Hill,VA,180,3.949,36.712388,-78.153388,city_centroid
68497,JACKSONS FOOD STORE #30,"I-86, EXIT 61",Pocatello,ID,825,3.459,42.887592,-112.438142,city_centroid
68499,DUBOIS TRAVEL STOP,I-15 & MAIN,Dubois,ID,825,4.299,44.185769,-112.325852,city_centroid
68506,WARRIOR RIDGE,US-22 & SR-3035,Ashland,PA,14,3.699,40.773231,-76.342972,city_centroid
68511,PWI #675,I-10/US-85/US-180 EXIT 155 & SR-227,Vado,NM,640,2.949,32.115,-106.663333,city_centroid
68512,BP,US-29/SR-154,Palmetto,GA,18,3.249,33.524195,-84.678999,city_centroid
68518,CHEVRON,SR-243,Gordon,GA,85,3.359,32.909212,-83.320416,city_centroid
68520,SPEED GAS,SR-56,Rosenhayn,NJ,150,3.459,39.478056,-75.131667,city_centroid
68522,MINIT MART #600632,"I-474, EXIT 9 & SR-29",Pekin,IL,368,3.739,40.567435,-89.624332,city_centroid
68524,Coastal Fuel,US-421,Wilmington,NC,245,3.399,34.225304,-77.937856,city_centroid
68531,CASEYS #2845,"SR-150, I-380, EXIT 41",Urbana,IA,380,3.449,42.224167,-91.874167,city_centroid
68533,MACH ONE FOOD SHOP #17,US-45/US-50,Flora,IL,510,3.899,38.670337,-88.49186,city_centroid
68534,BG FOOD MART,US-31,Bowling Green,KY,460,3.057,37.007874,-86.455891,city_centroid
68535,CASEYS #3295,SR-35 & SR-27,Prairie Du Chien,WI,420,3.499,43.042649,-91.119305,city_centroid
68541,DUCK THRU #3,SR-11 & SR-561,Ahoskie,NC,130,3.562,36.295737,-76.996632,city_centroid
68542,EXCELL FUELS,SR-5,Buffalo,NY,38,3.999,42.896659,-78.884575,city_centroid
68549,GOOD 2 GO #212,US-310/SR 789,Lovell,WY,780,3.657,44.833637,-108.414107,city_centroid
68552,HUCKS FOOD & FUEL #368,"US-41, EXIT 44/SR-281",Madisonville,KY,340,3.399,37.325551,-87.495326,city_centroid
68556,MONICARLO FUEL STOP,US-61 & SR-54,Garyville,LA,623,3.199,30.05352,-90.620113,city_centroid
68559,KUM & GO #0779,"I-35, EXIT 92 & US-136",Bethany,MO,320,2.956,40.260055,-94.018863,city_centroid
68562,CHEVRON,SR-3235,Galliano,LA,725,3.499,29.431125,-90.298054,city_centroid
68572,FOOD N FUN #17,US-90 & SR-83 & CR-605,New Iberia,LA,730,3.067,30.001027,-91.819959,city_centroid
68574,SPRING STREET SERVICE STATION,US-1/US-9,Elizabeth,NJ,115,3.099,40.67169,-74.204335,city_centroid
68581,CHEVRON #308195,"I-82, EXIT 58/US-12 & SR-223",Granger,WA,977,4.329,46.348045,-120.181848,city_centroid
68588,SHELL,"US-202, EXIT 16",Orange,MA,175,3.649,42.591231,-72.305867,city_centroid
68592,Sprint Food #742,US-25/SR-121,North Augusta,SC,135,3.159,33.517766,-81.934794,city_centroid
68593,ONE9 #1285,"I-20, EXIT 386 & US-281",Santo,TX,575,2.924,32.597935,-98.179675,city_centroid
68594,CIRCLE K #2723796,SR-S-8-33 & SR-S-8-119,Charleston,SC,42,3.199,32.779506,-79.937069,city_centroid
68595,SUPER LUCKY LOUIES,US-190/SR-1,Port Allen,LA,600,3.032,30.471983,-91.254088,city_centroid
68596,FLASH MARKET SHELL,US-63,Koshkonong,MO,418,3.499,36.605553,-91.630411,city_centroid
68598,7-ELEVEN #41032,US-84 & US-259,Mount Enterprise,TX,618,3.349,31.9125,-94.623505,city_centroid
68602,NEW DIXIE MART #19,"I-95, EXIT150",Whitakers,NC,205,3.339,36.075797,-77.716743,city_centroid
68606,SAMS MART #95,SR-49,Harrisburg,NC,46,3.799,35.324731,-80.659401,city_centroid
68613,SHEETZ #236,SR-441 & SR-772,Marietta,PA,70,3.389,40.066442,-76.564527,city_centroid
68618,MINER TOWNE MART,206 R-11,Shullsburg,WI,335,3.399,42.57856,-90.226619,city_centroid
68621,CIRCLE K #2723367,"I-77, EXIT 8 & SR-148",Fancy Gap,VA,65,3.291,36.663972,-80.69075,city_centroid
68622,PILOT #474,"I-79, EXIT 67 & SR-19",Sutton,WV,44,3.866,38.673855,-80.681072,city_centroid
68623,FLYING J TRAVEL PLAZA #304,"I-469, EXIT 19 & US-30",New Haven,IN,370,3.859,41.069856,-85.01173,city_centroid
68624,PILOT #586,"I-10, EXIT 69 & SR-63",Moss Point,MS,715,3.459,30.411389,-88.534444,city_centroid
68625,FLYING J #470 HUDSON,"I-94, EXIT 10 & US-65",Roberts,WI,450,3.559,44.987356,-92.559773,city_centroid
68626,BECKS EXPRESS MART #14,SR-26,Princeton,IL,270,3.249,41.362934,-89.427017,city_centroid
68630,DOWNSTREAM Q STORE,US-166/US-400,Joplin,MO,277,3.199,37.096858,-94.505144,city_centroid
68642,EXXON SANDY RIDGE MART,"I-40/US-421, EXIT 208",Colfax,NC,65,3.099,36.100272,-80.010276,city_centroid
68643,SHELL,"I-95, EXIT 58 & US-13",Wade,NC,63,3.199,35.160559,-78.724929,city_centroid
68644,SUPERPUMPER #32,US-2,Minot,ND,452,3.599,48.22914,-101.298476,city_centroid
68650,MARATHON,"I-75, EXIT 8",Cincinnati,OH,300,3.899,39.1063,-84.5356,city_centroid
68653,KWIK TRIP #679,"I-43, EXIT 128 & SR-42",Sheboygan,WI,444,3.216,43.740981,-87.724667,city_centroid
68656,TA Express Williston,US-2 & US-85,Williston,ND,807,3.447,48.167924,-103.631699,city_centroid
68659,KWIK TRIP #659,"US-52, EXIT 56 & CR-22",Rochester,MN,515,3.549,44.049572,-92.48962,city_centroid
68663,LOVES TRAVEL STOP #474,US-85/US-2 & CR-6,Williston,ND,273,3.519,48.167924,-103.631699,city_centroid
68665,BIG D 14,"I-90, EXIT 46/US-14/SR-79",Piedmont,SD,506,3.137,44.228744,-103.368818,city_centroid
68671,CASEYS #2969,US-81 & RD F,Fairmont,NE,350,3.282,40.6404,-97.58729,city_centroid
68672,24 NORTH MOBIL,"I-495, EXIT 7A & SR-24, EXIT 14B",Bridgewater,MA,175,3.699,41.977341,-70.97234,city_centroid
68674,TEXACO,US-290 & SR-696,Elgin,TX,595,3.099,30.323136,-97.373748,city_centroid
68684,Rebecca Plantation Truck Plaza,"US-90, EXIT 200 & SR-311",Schriever,LA,623,2.999,29.712276,-90.851341,city_centroid
68685,QUICK FUEL #2403,"I-29/I-35/SR-71, EXIT 5B",Kansas City,MO,400,3.344,39.213876,-94.63318,city_centroid
68689,CHEVRON,"I-10, EXIT 59 & SR-395",Roanoke,LA,690,3.609,30.318167,-92.686973,city_centroid
68690,MARATHON,US-30 & SR-30,Mansfield,OH,315,3.499,40.7633,-82.5138,city_centroid
68691,BYRNE DAIRY #43,"I-81, EXIT 36 & SR-13",Pulaski,NY,220,4.099,43.55617,-76.125231,city_centroid
68692,DANDY MINI MART #57,SR-14,Horseheads,NY,190,3.899,42.180493,-76.834539,city_centroid
68693,SUPER STOPS,SR-70 & SR-308,Belle Rose,LA,623,3.499,30.025955,-91.044351,city_centroid
68696,STRIPES #40800,FM-351 & US-181,Beeville,TX,625,3.016,28.422246,-97.761571,city_centroid
68697,STRIPES #40915,"I-35, EXIT 8 & SR-20 & FM-1472",Laredo,TX,693,2.979,27.515538,-99.498579,city_centroid
68698,GAS N WASH,"I-80, EXIT 145 & SR-84",Mokena,IL,365,3.499,41.53421,-87.891121,city_centroid
68699,ORGANIC CONNECTION MOBIL,SR-997,Homestead,FL,95,3.344,25.476639,-80.483853,city_centroid
68701,SPEEDWAY #1421,US-45 & CR-74,Frankfort,IL,293,3.299,41.509361,-87.824774,city_centroid
68702,QUIKTRIP #1120,"I-85, EXIT 90 & SR-105",Gaffney,SC,210,3.191,35.061508,-81.649061,city_centroid
68708,LOVES TRAVEL STOP #476,"I-80, EXIT 292 & SR-130",Davenport,IA,270,3.862,41.5218,-90.5743,city_centroid
68716,ALLTOWN MARKETS #833,I-95 EXIT 41,Milford,CT,100,3.599,41.217466,-73.054948,city_centroid
68722,Pilot #140,US-40/US-191,Roosevelt,UT,835,3.759,40.310229,-110.010782,city_centroid
68730,KENT KWIK #315,SR-158 & FM-1788,Midland,TX,710,3.437,31.989636,-102.06261,city_centroid
68734,LOVES TRAVEL STOP #478,"I-15, EXIT 113",Idaho Falls,ID,825,3.756,43.517679,-111.990626,city_centroid
68737,KWIK TRIP #691,"I-39, EXIT 161",Stevens Point,WI,395,3.559,44.521221,-89.558764,city_centroid
68738,CASEYS #2316,US-136/SR-5 & SR-5,Unionville,MO,320,3.214,40.481464,-92.995094,city_centroid
68740,Certified Oil #400352,US-20 & SR-510 & SR-101,Clyde,OH,550,3.379,41.302397,-82.991849,city_centroid
68741,COUNTY LINE TRUCK STOP,SR-22,Dickinson,ND,273,3.532,46.887289,-102.787595,city_centroid
68742,ARTESIA #401,SR-82 & SR-285,Artesia,NM,593,3.439,32.838355,-104.407401,city_centroid
68796,MR FUEL #731,"I-70, EXIT 123 & SR-3",Spiceland,IN,375,3.699,39.827078,-85.445043,city_centroid
68797,SPEEDWAY #1412,SR-43,Frankfort,IL,293,3.359,41.509361,-87.824774,city_centroid
68798,PILOT DEALER #1179,SR-189,Nogales,AZ,980,4.249,31.376969,-110.943508,city_centroid
68799,SHELL FOOD MART # 25,"I-20, EXIT 77 & SR-13",Morton,MS,705,3.199,32.436105,-89.551222,city_centroid
68801,7-ELEVEN #40574,US-281,Blanco,TX,740,3.399,30.087359,-98.410663,city_centroid
68803,SHELL,"I-45, EXIT 152",Madisonville,TX,670,3.182,30.953335,-95.909094,city_centroid
68806,SHELL,US-90,Westwego,LA,725,3.066,29.914386,-90.181305,city_centroid
68808,SPEEDWAY #4574,US-701,Loris,SC,245,3.269,34.055756,-78.916096,city_centroid
68813,SPEEDWAY #8741,"I-96, EXIT 86 & SR-100",Eagle,MI,406,3.789,42.826306,-84.758971,city_centroid
68814,TA HOLBROOK,"I-40/US-180, EXIT 283",Holbrook,AZ,580,3.656,34.908451,-110.143412,city_centroid
68815,LOVES TRAVEL STOP #471,"I-35, EXIT 127 & FM-471",Natalia,TX,740,3.203,29.211669,-98.855158,city_centroid
68821,Joe's Kwik Mart #473,CR-139,Lancaster,NY,38,3.659,42.901681,-78.663085,city_centroid
68822,CASEYS #3919,"I-35/US-50, EXIT 148 & SR-131",Lebo,KS,400,3.089,38.416085,-95.822174,city_centroid
68823,FRIENDS FOOD MART,SR-13,Mansfield,OH,249,4.199,40.7633,-82.5138,city_centroid
68824,EXPRESSWAY,SR-60 & CR-9,Heron Lake,MN,425,3.299,43.79788,-95.326736,city_centroid
68825,ALLTOWN MARKETS #832,"I-95, EXIT 40",Milford,CT,100,3.599,41.217466,-73.054948,city_centroid
68826,HIGHWAY SERVICE,US-44,Seekonk,MA,175,3.319,41.837835,-71.322406,city_centroid
68828,CIRCLE K #2721540,US-78 & SR-15,New Albany,MS,435,3.759,34.485051,-89.003058,city_centroid
68831,KWIK TRIP #896,SR-65 & CR-J,Minneapolis,MN,451,3.599,44.983473,-93.268251,city_centroid
68835,SPEEDWAY #7954,US-258/SR-24,Richlands,NC,205,3.324,34.862426,-77.586305,city_centroid
68836,Corner Market #160,US-60,Pampa,TX,585,3.399,35.538043,-100.957885,city_centroid
68839,CHOCTAW TRAVEL PLAZA #641,US-69/SR-43,Stringtown,OK,560,3.159,34.467597,-96.000245,city_centroid
68840,LOVES TRAVEL STOP #475,"I-20/US-84, EXIT 242 & FM-142",Sweetwater,TX,575,3.189,32.472589,-100.397908,city_centroid
68841,PILOT TRAVEL CENTER #575,"I-95, EXIT 1",Saint Marys,GA,75,3.599,30.773467,-81.565211,city_centroid
68843,PILOT #467,"I-37, EXIT 125",San Antonio,TX,740,3.399,29.644226,-98.312774,city_centroid
68844,FLYING J #553,"I-10, EXIT 259",Fort Stockton,TX,710,3.659,30.890785,-102.879942,city_centroid
68845,PILOT TRAVEL CENTER #4651,"I-95, EXIT 4",Skippers,VA,180,3.799,36.579685,-77.543663,city_centroid
68847,CIRCLE K #2741553,US-190/US-183 & US-281,Lampasas,TX,595,2.759,31.067957,-98.183361,city_centroid
68848,CIRCLE K #2741328,"I-35, EXIT 328 & FM-2063",Hewitt,TX,765,2.866,31.458166,-97.196556,city_centroid
68849,Circle K #2706632,US-80/SR-8 & CR-480,Selma,AL,720,3.699,32.419719,-87.024527,city_centroid
68850,SPRINT MART #67,US-84/US-425,Vidalia,LA,730,3.082,31.578222,-91.469471,city_centroid
68856,KWIK N EZ #1,"I-40, EXIT 265",Checotah,OK,645,2.909,35.435786,-95.535038,city_centroid
68860,PETRO STOP #394,"I-35, EXIT 101 & FM-140",Pearsall,TX,740,3.536,28.892317,-99.094361,city_centroid
68861,KWIK TRIP #733,SR-76/SR-44,Caledonia,MN,515,3.491,43.622079,-91.483657,city_centroid
68864,QUICK FUEL #3190,"I-75, EXIT 68",Dayton,OH,317,3.677,39.7578,-84.1777,city_centroid
68865,QUICK FUEL #3192,"I-275, EXIT 42B & SR-747",Cincinnati,OH,300,3.252,39.1063,-84.5356,city_centroid
68868,PUMP & PANTRY #14,SR-92/SR-2,Broken Bow,NE,330,3.299,41.412586,-99.635452,city_centroid
68869,PUMP & PANTRY #4,SR-2 & SR-11,Cairo,NE,330,3.327,41.000183,-98.616538,city_centroid
68873,ONVO TRAVEL PLAZA - MOUNTAIN COBB,"I-84, EXIT 8",Lake Ariel,PA,200,3.586,41.439476,-75.431257,city_centroid
68874,QUIKTRIP #492,"I-10, EXIT 114 & SR-85",Buckeye,AZ,930,3.369,33.38896,-112.607728,city_centroid
68875,SHEETZ #512,"I-40, EXIT 203 & SR-66",Kernersville,NC,65,2.844,36.116534,-80.083115,city_centroid
68882,CAPITAL FUELS MYTON,US-40/191,Myton,UT,835,3.502,40.194049,-110.048056,city_centroid
68883,CBH TRAVEL CENTER,US-85,Belle Fourche,SD,506,3.299,44.672281,-103.839601,city_centroid
68885,FLYING J #488,"I-35, EXIT 69",Cotulla,TX,693,3.599,28.439837,-99.232818,city_centroid
68886,BEBO'S,SR-38,Kentwood,LA,600,3.016,30.889215,-90.472829,city_centroid
68888,Express Lane,"US-80, EXIT 33 & US-6/SR-78",Annawan,IL,270,3.299,41.398022,-89.912949,city_centroid
68890,Circle K #2741795,"I-430, EXIT 12 & SR-100",Maumelle,AR,695,3.186,34.849085,-92.405892,city_centroid
68891,LOVES TRAVEL STOP #480,I-40 EXIT 364,Lenoir City,TN,405,3.439,35.810391,-84.266501,city_centroid
68892,OLIVE EXXON,US-31,Holland,MI,371,3.799,42.7875,-86.108889,city_centroid
68893,J & H FAMILY STORE,"I-96, EXIT 52 & SR-50",Lowell,MI,371,3.789,42.95497,-85.365305,city_centroid
68894,ROCKFORD MOBIL MART,"US-131, EXIT 97",Rockford,MI,344,3.299,43.115217,-85.513606,city_centroid
68895,J & H FAMILY STORE #103,"I-196, EXIT 62",Hudsonville,MI,344,3.399,42.874805,-85.8751,city_centroid
68897,TA CARYVILLE,"I-75, EXIT 141",Pioneer,TN,405,3.007,36.469465,-84.290672,city_centroid
68899,XTRAMART,SR-9,Westborough,MA,175,3.649,42.283,-71.6015,city_centroid
68900,DUCK THRU #41,US-17/SR-37,Hertford,NC,130,3.599,36.177058,-76.424299,city_centroid
68901,SPEEDWAY #1224,"SR-741 & I-71, EXIT 25",Mason,OH,300,3.159,39.335741,-84.314935,city_centroid
68902,CASEYS #3062,SR-281 & SR-160,Medicine Lodge,KS,357,3.114,37.284452,-98.584785,city_centroid
68903,BIG D KWIK SHOP,SR-59,Gillette,WY,836,3.379,44.282009,-105.497442,city_centroid
68907,QUIKTRIP #943,"I-35E, EXIT 405 & US-77",Waxahachie,TX,630,2.896,32.380796,-96.837398,city_centroid
68908,SPEEDWAY #1804,"I-270, EXIT 32 & I-71, EXIT 116",Columbus,OH,315,3.692,40.105155,-83.010069,city_centroid
68912,Chisholm Corner #13,"SR-19 & I-35, EXIT 72",Pauls Valley,OK,569,3.089,34.738506,-97.219501,city_centroid
68913,CASEYS #3263,"I-90, EXIT 43 & SR-60",Worthington,MN,530,3.142,43.628626,-95.605907,city_centroid
68915,PUMP & PANTRY #53,US-20,Jackson,NE,527,3.412,42.452877,-96.574335,city_centroid
68916,YESWAY #1075,"I-20, EXIT 278",Tye,TX,575,2.876,32.447728,-99.868434,city_centroid
68919,GULF MART 5150,"I-90 E, MM 117",Natick,MA,34,4.066,42.287476,-71.35741,city_centroid
68921,GAS N GO,US-341/SR-7 & SR-96/SR-49,Fort Valley,GA,85,3.182,32.54956,-83.888727,city_centroid
68923,STRIPES 7FLEET #42509,US-67 & SR-137,Big Lake,TX,612,3.599,31.240592,-101.478776,city_centroid
68924,KWIK TRIP #326,"I-90, EXIT 171 & US-51 & US-14",Janesville,WI,420,3.374,42.691542,-89.033124,city_centroid
68925,KWIK TRIP #874,"I-35, EXIT 132 & US-8",Chisago City,MN,448,3.327,45.361144,-92.892134,city_centroid
68926,KWIK TRIP #872,SR-26,Jefferson,WI,420,3.382,43.000557,-88.807765,city_centroid
68927,MARATHON,US-19 & SR-80,Rosedale,VA,185,3.749,36.973981,-81.888793,city_centroid
68928,PILOT TRAVEL CENTER #475,"I-40, EXIT 196 & SR-41",Moriarty,NM,580,3.244,34.988878,-106.060871,city_centroid
68929,SPEEDWAY #6953,"I-74/US-311, EXIT 65",High Point,NC,65,3.529,35.959313,-80.011673,city_centroid
68930,PILOT #4569,"I-95, EXIT 5",Hardeeville,SC,195,3.376,32.263512,-81.066865,city_centroid
68933,RUTTERS #23,US-30 & SR-462,Mountville,PA,70,3.979,40.042742,-76.427694,city_centroid
68935,JACKSONS FOOD STORES #144,I-84 & SR-55,Nampa,ID,785,3.899,43.58342,-116.584818,city_centroid
68936,AMOCO,US-421/SR-11 & SR-53,Burgaw,NC,245,3.599,34.548679,-77.940317,city_centroid
68937,LANTZ CORNERS MINI MART #255,US-6 & US-219,Kane,PA,240,3.716,41.661861,-78.797778,city_centroid
68938,TOOT N TOTUM #23,SR-136/207 & SR-152,Borger,TX,585,3.016,35.664299,-101.403245,city_centroid
68941,ALLTOWN MARKETS #2743,"US-3, EXIT 28",North Billerica,MA,178,3.682,42.575694,-71.290217,city_centroid
68946,FLYING J #97,"I-75, EXIT 64",Vandalia,OH,317,3.352,39.888273,-84.202266,city_centroid
68947,PILOT TRAVEL CENTER #593,"I-10, EXIT 268",Tucson,AZ,980,3.302,32.213873,-110.969445,city_centroid
68949,JOES KWIK MARTS #475,US-15 & SR-20,Orange,VA,180,3.332,38.233937,-78.091224,city_centroid
68950,KWIK TRIP #608,US-52 & SR-30,Chatfield,MN,515,3.482,43.836201,-92.157351,city_centroid
68951,KWIK TRIP #313,US-10 & SR-73,Neillsville,WI,395,3.339,44.549429,-90.611197,city_centroid
68952,MAVERIK COUNTRY STORE #425,"I-84, EXIT 376, US-30/US-95",Fruitland,ID,785,3.366,44.002658,-116.914259,city_centroid
68956,SPEEDWAY #4533,"US-18/US-12, EXIT 146",Madison,WI,448,3.599,43.073,-89.3817,city_centroid
68957,TA EXPRESS #6259,US-85/SR-200,Alexander,ND,273,3.526,47.843517,-103.63961,city_centroid
68959,SPEEDWAY #5215,"I-70, EXIT 66 & SR-54",South Vienna,OH,315,3.159,39.94732,-83.615704,city_centroid
68960,MAVERIK COUNTRY STORE #484,"I-15/84, EXIT 343 & SR-126",Ogden,UT,835,3.392,41.2443,-112.0072,city_centroid
68964,JIFFY TRIP #201,US-64/SR-58,Cherokee,OK,337,3.269,36.756376,-98.359375,city_centroid
68969,MAVERIK COUNTRY STORE #474,"I-80, EXIT 115, CR-154",Salt Lake City,UT,835,3.389,40.755851,-111.896657,city_centroid
68971,FLYING J #580,"I-20, EXIT 121",Odessa,TX,710,3.566,31.8465,-102.3663,city_centroid
68972,SUNOCO CLARA BARTON PLAZA #7005,NJTP MM 5 SB,Penns Grove,NJ,115,3.899,39.717938,-75.465623,city_centroid
68974,STRIPES #40801,US-181 & SR-123 & CR-347,Karnes City,TX,625,3.174,28.882757,-97.90707,city_centroid
68976,MAVERIK COUNTRY STORE #453,"I-80, EXIT 223 & SR-305",Battle Mountain,NV,835,3.389,40.621985,-116.955439,city_centroid
68977,MAVERIK COUNTRY STORE #444,US-491 & US-666,Monticello,UT,835,3.489,37.921709,-109.315289,city_centroid
68978,MAVERIK COUNTRY STORE #287,"I-84, EXIT 36 & US-30",Nampa,ID,785,3.386,43.58342,-116.584818,city_centroid
68979,MAVERIK COUNTRY STORE #478,"I-40, EXIT 286 & SR-77",Holbrook,AZ,930,3.224,34.908451,-110.143412,city_centroid
68981,PETRO-CARD 24 #910450,US-63 & US-36,Macon,MO,494,3.239,39.748089,-92.462163,city_centroid
68982,SHELL,US-23,Grand Blanc,MI,342,3.799,42.928163,-83.626414,city_centroid
68985,LOVES TRAVEL STOP #500,"I-35, EXIT 106",Eagleville,MO,320,3.789,40.491197,-93.995058,city_centroid
68987,STRIPES #40535,I-35,Cotulla,TX,625,3.339,28.439837,-99.232818,city_centroid
68988,7-ELEVEN #40547,US-281 & SR-29,Burnet,TX,740,2.957,30.776597,-98.26424,city_centroid
68989,QUARLES #4907,SR-166,Norfolk,VA,130,3.809,36.8466,-76.2855,city_centroid
68990,LOVES TRAVEL STOP #490,"I-24, EXIT 158",Jasper,TN,285,3.252,35.066603,-85.614737,city_centroid
68991,LOVES TRAVEL STOP #514,"I-90/US-395, EXIT 221 & SR-261",Ritzville,WA,970,3.919,47.131528,-118.395812,city_centroid
68992,SHORT STOP #24,US-24,Saint Marys,KS,553,2.967,39.198674,-96.068277,city_centroid
68993,SHORT STOP #22,SR-15,Clay Center,KS,316,2.972,39.384354,-97.127793,city_centroid
68994,SHORT STOP #25,US-36 & SR-15,Washington,KS,316,2.902,39.82234,-97.048368,city_centroid
68995,ALLTOWN MARKETS #839,"I-95, EXIT 10",Darien,CT,100,3.832,41.076759,-73.485254,city_centroid
68996,BLU / DRIVEN FUELS,"I-15, EXIT 113",Idaho Falls,ID,825,3.479,43.517679,-111.990626,city_centroid
69002,KWIK TRIP #863,US-10,Stevens Point,WI,395,3.584,44.521221,-89.558764,city_centroid
69004,Maplefields,HWY 9 N & ROUTE 22,Ticonderoga,NY,39,3.749,43.846302,-73.442592,city_centroid
69005,SPEEDWAY #1017,"I-70, EXIT 186 & SR-285",Lore City,OH,315,3.232,40.045854,-81.447853,city_centroid
69006,PILOT #449,"I-70, EXIT 208",Belmont,OH,165,3.539,40.03202,-81.006564,city_centroid
69007,SPEEDWAY #7136,US-41 & US-70,Nashville,TN,460,3.242,36.167028,-86.778441,city_centroid
69008,SPEEDWAY #7137,SR-42 & SR-111,Cookeville,TN,460,3.077,36.174261,-85.49531,city_centroid
69009,PILOT #1140,US-287,Rhome,TX,630,3.176,33.054045,-97.481688,city_centroid
69010,PILOT TRAVEL CENTER #1023,US-69 & US-59/SR-287,Lufkin,TX,610,3.659,31.336004,-94.734185,city_centroid
69013,SPEEDWAY #7124,US-231/SR-10,Lebanon,TN,460,3.024,36.209792,-86.302367,city_centroid
69014,SPEEDWAY #4100,"I-94, EXIT 308 & US-41",Milwaukee,WI,448,3.599,43.0343,-87.9151,city_centroid
69015,Joe's Kwik Mart,"I-75, EXIT 7 & US-11 & US-64",Chattanooga,TN,285,3.149,35.0455,-85.3081,city_centroid
69016,SPEEDWAY #7606,"I-75, EXIT 25",Corbin,KY,405,3.519,36.934429,-84.10208,city_centroid
69017,SHELL,US-71 & SR-511,Bossier City,LA,745,2.999,32.544924,-93.703826,city_centroid
69021,SWEET CRUDE TRAVEL CENTER,HWY 85 & SR 200,Grassy Butte,ND,273,3.641,47.443072,-103.294433,city_centroid
69027,SPINX #134 (DISCOUNT AVAILABLE),SR-55 & 418,Simpsonville,SC,30,3.066,34.736944,-82.254444,city_centroid
69028,LOVES TRAVEL STOP #427,"I-75, EXIT 51",Dayton,OH,317,3.319,39.7578,-84.1777,city_centroid
69029,LOVES TRAVEL STOP #461,"I-70, EXIT 246A",Saint Louis,MO,540,3.114,38.634616,-90.191313,city_centroid
69030,LOVES TRAVEL STOP #424,"I-20, EXIT 51",Lexington,SC,135,3.407,33.981389,-81.236389,city_centroid
69031,LOVES TRAVEL STOPS #492,"I-20, EXIT 42 & US-285",Pecos,TX,710,3.449,31.414384,-103.508129,city_centroid
69036,REFUEL #1038,US-15 & SR-151,Hartsville,SC,46,3.366,34.375616,-80.084237,city_centroid
69037,CIRCLE K #2723192,US-64 & US-421,Siler City,NC,177,2.949,35.735392,-79.456624,city_centroid
69038,REFUEL #1028,US-421/US-52 & US-15,Society Hill,SC,63,3.399,34.451161,-79.886494,city_centroid
69041,SPEEDWAY #7960,US-258/US-13,Farmville,NC,205,2.899,35.580606,-77.579303,city_centroid
69042,Joes Kwik Mart #7012,US-17/701,Georgetown,SC,205,2.999,33.430776,-79.323459,city_centroid
69043,KWIK TRIP #204,"US-51, EXIT 188",Wausau,WI,395,3.332,44.963433,-89.633955,city_centroid
69045,TA BRUNSWICK #6258,"I-95, EXIT 29",Brunswick,GA,75,3.461,31.169652,-81.493045,city_centroid
69046,SPEEDWAY #6303,"I-96, EXIT 4 & US-31",Muskegon,MI,456,3.279,43.232589,-86.249191,city_centroid
69047,SPEEDWAY #7461,I-294 & SR-50/SR-31,Alsip,IL,293,3.219,41.6723,-87.7339,city_centroid
69048,QUICK FUEL #2104,"I-74, EXIT 11",Indianapolis,IN,375,3.662,39.775006,-86.109348,city_centroid
69049,CIRCLE K #2741787,"I-440, EXIT 7 & US-165",North Little Rock,AR,695,3.369,34.766974,-92.265376,city_centroid
69051,PILOT TRAVEL CENTER #1225,"I-64, EXIT 23 & SR-4",Mascoutah,IL,540,3.799,38.490278,-89.793056,city_centroid
69052,PILOT DEALER #1193,US-93,Wikieup,AZ,930,3.839,34.703333,-113.610556,city_centroid
69053,PILOT #1192,US-60,Wittmann,AZ,930,4.899,33.726425,-112.446578,city_centroid
69055,PILOT DEALER #1058,US-301 & SR-200,Waldo,FL,140,3.799,29.787096,-82.160791,city_centroid
69057,MACH ONE FOOD SHOP #18,US-45/SR-15,Fairfield,IL,340,3.729,38.378214,-88.359323,city_centroid
69058,FOOD N FUEL,SR-53,Joliet,IL,365,3.499,41.527154,-88.08241,city_centroid
69059,LOVES TRAVEL STOP #530,"I-20, EXIT 147",Moody,AL,615,3.176,33.584132,-86.51557,city_centroid
69061,SPINX #125 (DISCOUNT AVAILABLE),US-25 & SR-331,Piedmont,SC,30,3.066,34.724433,-82.470216,city_centroid
69064,DUCK THRU #7,US-258,Rich Square,NC,130,3.699,36.277256,-77.296947,city_centroid
69067,AP FUEL STOP,"I-75, EXIT 120",Lima,OH,411,3.081,40.675926,-84.144049,city_centroid
69069,SPINX #179 (DISCOUNT AVAILABLE),SR-291,Greenville,SC,210,3.799,34.9137,-82.0978,city_centroid
69073,LOVES TRAVEL CENTER #518,"I-15, EXIT 260 & SR-77",Springville,UT,835,3.689,40.162528,-111.598664,city_centroid
69076,A PLUS MINI MARKET,"I-95, MM 82",Aberdeen,MD,22,3.832,39.510886,-76.18054,city_centroid
69077,FLYING J #554,"I-37, EXIT 56",George West,TX,740,3.199,28.320388,-98.116159,city_centroid
69078,PILOT #559,"I-20, EXIT 178",Big Spring,TX,612,3.659,32.241767,-101.467517,city_centroid
69079,Circle K #2746432,SR-2,Stanley,ND,452,3.549,48.319189,-102.392802,city_centroid
69084,TIGER MART #79,SR-287 & FM-664,Waxahachie,TX,630,2.849,32.380796,-96.837398,city_centroid
69085,FATDOGS OGALLALA,"US-80, EXIT 126 & US-26/SR-61",Ogallala,NE,475,3.014,41.127505,-101.710742,city_centroid
69088,SPEEDWAY #3478,US-9 & SR-184,Perth Amboy,NJ,115,3.419,40.517551,-74.275427,city_centroid
69091,SPEEDWAY #6670,US-36/SR-67,Indianapolis,IN,375,3.229,39.775006,-86.109348,city_centroid
69095,JACKSONS FOOD STORE #23,"SR-395, EXIT 78",Reno,NV,966,3.999,39.526812,-119.811275,city_centroid
69096,SPEEDWAY #2907,US-62 & SR-18,Hermitage,PA,165,3.937,41.232601,-80.45303,city_centroid
69097,CIRCLE K #2741192,"I-30, EXIT 42B & SR-180",Dallas,TX,630,2.899,32.790439,-96.80439,city_centroid
69098,CIRCLE K #2741318,SR-285 & CR-160,Dripping Springs,TX,595,3.049,30.226768,-98.102947,city_centroid
69099,LOVES TRAVEL STOP #523,"I-10, EXIT 92",Rayne,LA,600,3.149,30.204508,-92.248592,city_centroid
69100,DADS NORTH YELLOWSTONE,US-26,Idaho Falls,ID,825,3.599,43.517679,-111.990626,city_centroid
69101,BROMPTON VALERO,"I-20, EXIT 147 WEST",Moody,AL,615,3.122,33.584132,-86.51557,city_centroid
69102,CIRCLE K #4701445,"I-57, EXIT 250 & US-36",Rantoul,IL,280,3.599,40.310742,-88.146179,city_centroid
69103,LOVES TRAVEL STOP #539,US-385 & FM-1910,Andrews,TX,710,3.689,32.320125,-102.540926,city_centroid
69104,QUIKTRIP #970,SR-12 & SR-180,Dallas,TX,630,2.976,32.790439,-96.80439,city_centroid
69106,SPINX #201,"I-185, EXIT 1A, I-385, EXIT 30",Simpsonville,SC,30,2.966,34.736944,-82.254444,city_centroid
69109,SHEETZ #497,"I-99, EXIT 15 & US-220 (BUSINESS)",Claysburg,PA,14,3.644,40.329243,-78.479658,city_centroid
69110,SHEETZ #498,US-22/US-119,Blairsville,PA,165,3.527,40.441262,-79.253329,city_centroid
69112,LOVES TRAVEL STOP #529,"I-39, EXIT 54",Oglesby,IL,290,3.389,41.292768,-89.055341,city_centroid
69115,BP,"I-90, EXIT 387/CR-151",Hartford,SD,530,2.977,43.615472,-96.950052,city_centroid
69117,SPEEDWAY #6395,US-24 & SR-64,Waterville,OH,550,3.699,41.502248,-83.733142,city_centroid
69119,CIRCLE K #2741217,"I-24, EXIT 242 & US-550/SR-24",Bernalillo,NM,580,3.526,35.328506,-106.530873,city_centroid
69122,DOUBLE QUICK #61,US-82,Leland,MS,655,3.299,33.410025,-90.892801,city_centroid
69123,LATTA TRAVEL STOP,SR-1,Ada,OK,569,3.107,34.780044,-96.69236,city_centroid
69124,LOVES TRAVEL STOP #467,"I-95, EXIT 131 & SR-68",Fort Pierce,FL,95,3.506,27.438233,-80.443963,city_centroid
69125,TA BROOKLYN,"I-80, EXIT 197",Brooklyn,IA,380,3.819,41.732147,-92.428462,city_centroid
69127,TALL TIMBERS TRUCK STOP,"I-55, EXIT 46 & SR-16",Amite,LA,600,2.999,30.718208,-90.570493,city_centroid
69128,BEACON & BRIDGE #34,"US-127, EXIT 194 & SR-55",Houghton Lake,MI,260,3.399,44.341327,-84.742175,city_centroid
69132,PILOT #1001,US-67 & SR-137,Big Lake,TX,710,4.059,31.240592,-101.478776,city_centroid
69133,PILOT TRAVEL CENTERS #557,US-180 & US-62,Hobbs,NM,593,3.729,32.72217,-103.137246,city_centroid
69134,LOVES TRAVEL STOP #486,"I-40 & US-270, EXIT 166",Choctaw,OK,483,3.337,35.471758,-97.272564,city_centroid
69135,SPEEDWAY #8013,"I-70, EXIT 21",Brookville,OH,317,3.341,39.841393,-84.416464,city_centroid
69137,CIRCLE K #2741564,"I-35/US-77, EXIT 338B",Waco,TX,765,2.889,31.552452,-97.139608,city_centroid
69139,CIRCLE K #2741545,SR-72 & US-87,Cuero,TX,747,3.099,29.090969,-97.281247,city_centroid
69141,LOVES TRAVEL STOP #558,US-283 & US-400/US-56,Dodge City,KS,570,3.789,37.756882,-100.024074,city_centroid
69142,LOVES TRAVEL STOP #517,"I-70, EXIT 26 & US-50/6",Grand Junction,CO,800,3.989,39.078326,-108.545692,city_centroid
69143,MACH 1 #21,US-45 & SR-34,Harrisburg,IL,510,3.689,37.725661,-88.54404,city_centroid
69144,STRIPES 7FLEET #42530,SR-71 & SR-16,Llano,TX,740,3.232,30.722533,-98.652727,city_centroid
69145,SPEEDWAY #9561,"I-77, EXIT 132",Ripley,WV,44,3.499,38.809042,-81.701987,city_centroid
69146,DRUMS FUEL STOP,I-80 EXIT 262,Drums,PA,200,3.569,41.025525,-75.97676,city_centroid
69149,BLU STATION- LAMAR AVE,"I-240, EXIT 30",Memphis,TN,435,2.969,35.0337,-89.9343,city_centroid
69150,BLU STATION,"I-70, EXIT 66 & SR-267",Plainfield,IN,375,3.479,39.716036,-86.395061,city_centroid
69151,PILOT #592,"I-70, EXIT 26 & US-50",Grand Junction,CO,800,3.999,39.078326,-108.545692,city_centroid
69152,LOVES TRAVEL STOP #557,"US-64/167, EXIT 44 & SR-367",Searcy,AR,695,3.362,35.253512,-91.762931,city_centroid
69153,Pilot Travel Center #1550,"I-65, EXIT 304 & SR-69/CR-437",Cullman,AL,615,3.859,34.176146,-86.829777,city_centroid
69155,PILOT TRAVEL CENTERS #1004,"I-35, EXIT 214 & US-60",Tonkawa,OK,500,3.596,36.68062,-97.30634,city_centroid
69156,BLU STATION,"I-55, EXIT 5A",Memphis,TN,435,2.969,35.0337,-89.9343,city_centroid
69159,EXXON,US-15 & SR-49,Lawrenceville,PA,32,3.699,41.978266,-77.11355,city_centroid
69162,Shell,US-20 & SR-15,Goshen,IN,370,3.549,41.584484,-85.837988,city_centroid
69163,CUBBYS #406,"I-229, EXIT 9 & SR-115",Sioux Falls,SD,530,3.099,43.6017,-96.7051,city_centroid
69164,CIRCLE K #2741557,US-190 & SR-195 & SR-3470,Killeen,TX,765,2.762,31.117,-97.7261,city_centroid
69165,EL TIPI QUICK STOP,US-283 & SR-15,Shattuck,OK,337,3.232,36.288922,-99.879303,city_centroid
69167,HOBO TRUCK STOP 2,US-50/400 & US-83,Garden City,KS,525,3.399,37.97693,-100.862088,city_centroid
69168,STRIPES 7FLEET #42470,I-20 EXIT 324 & CR-134,Cisco,TX,575,3.127,32.380043,-98.986507,city_centroid
69169,LAMBOS #5,"I-57, EXIT 212 & SR-36/CR-950",Tuscola,IL,280,3.229,39.799509,-88.281585,city_centroid
69170,SPEEDWAY #9381,US-50 & SR-14,Parkersburg,WV,430,3.464,39.264433,-81.535412,city_centroid
69171,KWIK STAR #215,US-61,Davenport,IA,270,3.649,41.5218,-90.5743,city_centroid
69172,KWIK TRIP #210,"US-53, EXIT 90",Eau Claire,WI,295,3.407,44.783972,-91.487686,city_centroid
69173,KWIK TRIP #231,US-61 & SR-310,Boscobel,WI,335,3.474,43.139327,-90.706101,city_centroid
69174,KWIK TRIP #860,SR-17,Rhinelander,WI,395,3.452,45.646718,-89.409285,city_centroid
69175,KWIK TRIP #854,US-212 & CR-33,Norwood Young America,MN,453,3.674,44.766786,-93.930067,city_centroid
69176,FLYING J TRAVEL PLAZA #1015- TOWN PUMP,SR-200/SR-16 & CR-123,Sidney,MT,780,3.384,47.713017,-104.163445,city_centroid
69177,LOVES TRAVEL STOP #426,"I-80, EXIT 34",Shelby,IA,433,3.649,41.533898,-95.446888,city_centroid
69178,LOVES TRAVEL STOP #495,"I-75, EXIT 143 & CR-78",North Fort Myers,FL,225,3.789,26.678138,-81.909632,city_centroid
69182,XtraMart #1513,"I-87, EXIT 10 & US-9",Clifton Park,NY,12,3.899,42.849865,-73.785094,city_centroid
69183,SPEEDWAY #7611,"I-71, EXIT 65 & SR-435",Jeffersonville,OH,315,3.229,39.65896,-83.56873,city_centroid
69185,LOVES TRAVEL STOP #560,US-258 & US-58,Franklin,VA,130,3.889,36.678625,-76.939108,city_centroid
69186,LOVES TRAVEL STOP #551,US-20 & CR-127,Angola,IN,465,3.889,41.656321,-85.019803,city_centroid
69187,LOVES TRAVEL STOP #559,US-82 & US-49,Indianola,MS,655,3.316,33.449075,-90.654144,city_centroid
69188,PILOT TRAVEL CENTER #1013-TOWN PUMP,"I-90, EXIT 298",Belgrade,MT,786,3.631,45.780126,-111.143927,city_centroid
69189,LOVES TRAVEL STOP #542,"I-10, EXIT 261/US-67 & I-10 BUS",Fort Stockton,TX,710,3.649,30.890785,-102.879942,city_centroid
69190,LOVES TRAVEL STOP #561,"I-10, EXIT 70 & US-90 & SR-285",Defuniak Springs,FL,20,3.609,30.751783,-86.138006,city_centroid
69193,Certified Oil #400305,SR-2 & SR-7,New Martinsville,WV,317,3.317,39.658798,-80.856541,city_centroid
69194,CHESAPEAKE HOUSE SUNOCO,"I-95, EXIT 97",North East,MD,243,3.832,39.604535,-75.953805,city_centroid
69200,BECKS EXPRESS MART #22,"I-55, EXIT 126",Lincoln,IL,280,3.299,40.14508,-89.368376,city_centroid
69201,CASEYS #3654,SR-210,Brainerd,MN,522,3.446,46.357219,-94.201873,city_centroid
69203,SPEEDWAY #1414,US-45,Mokena,IL,293,3.339,41.53421,-87.891121,city_centroid
69207,CIRCLE K #2705988,"I-10, EXIT 209A & US-90/SR-10",Tallahassee,FL,20,3.619,30.428563,-84.259337,city_centroid
69211,KWIK TRIP #213,"I-35/US-61, EXIT 139 & CR-19",Stacy,MN,451,3.377,45.398056,-92.987222,city_centroid
69213,Circle K #2741498,SR-72 & SR-16,Tilden,TX,747,3.199,28.419755,-98.569322,city_centroid
69214,MAVERIK #5031,"I-70, EXIT 90 & US-24",Rifle,CO,800,3.462,39.549073,-107.789804,city_centroid
69215,GASWAY,US-1,North Brunswick,NJ,115,3.159,40.453767,-74.482285,city_centroid
69217,Circle K #4705624,"I-76, EXIT 2 & US-224",Seville,OH,249,3.066,41.022731,-81.856199,city_centroid
69218,DANDY MINI MART #58,"I-86, EXIT 41 & US-17/15",Campbell,NY,32,3.899,42.238569,-77.206619,city_centroid
69220,CIRCLE K #2705097,"I-275, EXIT 2 & US-41",Palmetto,FL,225,3.699,27.521111,-82.5725,city_centroid
69221,PILOT TRAVEL CENTER #483,"I-80, EXIT 112 & SR-47",Morris,IL,290,3.799,41.367233,-88.417769,city_centroid
69222,PILOT TRAVEL CENTERS #1003,US-287 & US-283,Childress,TX,585,3.799,34.428124,-100.21017,city_centroid
69223,LOVES TRAVEL STOP #566,"US-231/CR-53, EXIT 12",Ozark,AL,20,3.989,31.439069,-85.643629,city_centroid
69226,STRIPES #40812,US-77,Odem,TX,625,3.199,27.940306,-97.583752,city_centroid
69228,QUIKTRIP #993,"I-20, EXIT 501 & SR-34",Terrell,TX,630,2.871,32.714292,-96.251342,city_centroid
69229,SPEEDWAY #7154,"I-40, EXIT 87 & US-70",Jackson,TN,460,3.399,35.610222,-88.814011,city_centroid
69230,JOES KWIK MARTS #6013,SR-16 & SR-73,Denver,NC,46,3.189,35.483677,-80.989785,city_centroid
69233,PILOT TRAVEL CENTER #597,US-23 & US-50,Chillicothe,OH,315,3.799,39.337997,-82.98949,city_centroid
69234,KWIK TRIP #220,US-53/SR-194,Duluth,MN,334,3.499,47.094431,-91.846731,city_centroid
69235,KWIK TRIP #203,US-2 & SR-35,Superior,WI,334,3.339,46.701552,-92.091174,city_centroid
69236,KWIK TRIP #225,SR-54/SR-55,Seymour,WI,582,3.391,44.509096,-88.317243,city_centroid
69237,KWIK TRIP #239,"I-43, EXIT 50 & SR-164",Big Bend,WI,444,3.332,42.888463,-88.212182,city_centroid
69238,KWIK TRIP #242,"US-41, EXIT 97",Fond Du Lac,WI,444,3.341,43.770446,-88.429149,city_centroid
69239,LOVES TRAVEL STOP #580,SR-20/157 & SR-133,Tuscumbia,AL,615,3.849,34.687432,-87.683259,city_centroid
69245,SPEEDWAY #7946,SR-24,Newport,NC,205,3.699,34.755076,-76.906945,city_centroid
69250,MAVERIK #5150,"I-25, EXIT 278 & SR-1",Wellington,CO,800,3.199,40.725525,-105.031844,city_centroid
69252,SPEEDWAY #6977,SR-96,Youngsville,NC,205,2.952,36.007782,-78.441198,city_centroid
69255,THE LANDING,US-82,Greenwood,MS,655,3.199,33.515884,-90.172589,city_centroid
69257,CATARINA ONE STOP,US-83,Catarina,TX,693,3.024,28.345278,-99.613056,city_centroid
69258,TEX-BEST #525,"I-37, EXIT 109 & SR-97",Pleasanton,TX,740,3.099,28.992368,-98.483061,city_centroid
69259,SPEEDWAY #7162,US-74/SR-311,Cleveland,TN,285,3.449,35.131257,-84.875006,city_centroid
69261,THORNTONS #314,SR-83,Bensenville,IL,290,3.409,41.9536,-87.935,city_centroid
69263,LOVES TRAVEL STOP #564,US-82 & SR-50 & SR-12,Columbus,MS,615,3.249,33.537699,-88.426194,city_centroid
69288,KWIK STAR #207,"US-61, EXIT 311B & US-30",De Witt,IA,270,3.624,41.826726,-90.523735,city_centroid
69289,KWIK TRIP #224,"I-35, EXIT 254",Duluth,MN,334,3.499,47.094431,-91.846731,city_centroid
69290,LOVES TRAVEL STOP #587,"I-41/US-45, EXIT 97",Fond Du Lac,WI,444,3.446,43.770446,-88.429149,city_centroid
69291,LOVES TRAVEL STOP #581,"I-70, EXIT 56 & US-89",Salina,UT,835,3.706,38.956028,-111.881072,city_centroid
69294,KWIK TRIP #317,"I-90, EXIT 28 & SR-16",Sparta,WI,515,3.242,43.954045,-90.814566,city_centroid
69296,KWIK TRIP #234,"I-35, EXIT 239",Cloquet,MN,334,3.319,46.726041,-92.45282,city_centroid
69297,KWIK TRIP #241,"US-51, EXIT 208 & SR-64",Merrill,WI,395,3.407,45.180924,-89.690696,city_centroid
69299,SPEEDWAY #7912,US-421/SR-16,Wilkesboro,NC,65,3.134,36.135857,-81.157292,city_centroid
69300,SPEEDWAY #8262,SR-306 & SR-55,Grantsboro,NC,205,3.441,35.122186,-76.884387,city_centroid
69301,SPEEDWAY #6969,US-264 & SR-99,Belhaven,NC,205,3.197,35.520493,-76.623574,city_centroid
69305,ROAD RANGER #268,"I-64, EXIT 130 & SR-1",Grayville,IL,340,3.799,38.262707,-88.003539,city_centroid
69306,PILOT TRAVEL CENTER #500,"I-75, EXIT 460 & SR-6",Jasper,FL,10,3.369,30.502914,-82.932186,city_centroid
69307,LOVES TRAVEL STOP #578,I-55 EXIT 30 & SR-140,Hamel,IL,540,3.419,38.878433,-89.872678,city_centroid
69308,LOVES TRAVEL STOP #535,SR-283,Middletown,PA,70,3.759,40.204086,-76.733127,city_centroid
69309,PILOT TRAVEL CENTER #1012,"US-218, EXIT 42B & US-34",Mount Pleasant,IA,270,3.566,40.964573,-91.561427,city_centroid
69310,PILOT TRAVEL CENTER #1006,"I-10, EXIT 456 & US-377",Junction,TX,740,3.599,30.47544,-99.74731,city_centroid
69311,GOLDEN GATE TRUCKSTOP HAWTHORNE,US-95/SR-362,Hawthorne,NV,966,4.079,38.534658,-118.641143,city_centroid
69312,ONVO TRAVEL PLAZA - DUNCANNON,US-11/15,Duncannon,PA,70,3.552,40.408678,-77.047254,city_centroid
69313,PETERSONS DIESEL FUELING,"I-5, EXIT 156",Seattle,WA,962,4.399,47.611435,-122.330456,city_centroid
69314,Circle K #4706799,"I-55, EXIT 283 & SR-43",Bridgeview,IL,291,3.919,41.743128,-87.806572,city_centroid
69315,ROAD RANGER #269,"I-70, EXIT 147 & SR-1",Marshall,IL,510,3.249,39.421999,-87.692261,city_centroid
69318,FUEL ONE,US-9 & SR-35,Avenel,NJ,115,3.372,40.582568,-74.278522,city_centroid
69319,SPEEDWAY #8190,US-117/13 BYP S,Goldsboro,NC,205,3.599,35.382585,-78.015813,city_centroid
69321,CIRCLE K #2741546,US-90,Gonzales,TX,747,2.876,29.50857,-97.449456,city_centroid
69322,SHELL SERVICE STATION,"I-10, EXIT 828 & SR-73",Winnie,TX,610,3.232,29.815676,-94.339499,city_centroid
69324,CIRCLE K #4707006,"I-95, EXIT 302 & US-1",Houlton,ME,170,3.899,46.11885,-67.863014,city_centroid
69330,KWIK TRIP #292,"I-43, EXIT 183",Green Bay,WI,582,3.391,44.485313,-88.016868,city_centroid
69333,SPEEDWAY #3578,"US-131, EXIT 64",Wayland,MI,456,3.499,42.664268,-85.619112,city_centroid
69336,SPEEDWAY #7148,"I-40, EXIT 232 & SR-109",Lebanon,TN,460,2.922,36.209792,-86.302367,city_centroid
69338,SPEEDWAY #6139,US-30 & SR-13,Pierceton,IN,465,3.729,41.212406,-85.706119,city_centroid
69339,SPEEDWAY #9383,"I-75, EXIT 29 & SR-63",Monroe,OH,300,3.202,39.441285,-84.365196,city_centroid
69341,CIRCLE K #2741067,"I-410/US-281, EXIT 41",San Antonio,TX,740,2.899,29.644226,-98.312774,city_centroid
69342,WARREN OIL,"I-90, EXIT 3 & US-41 & SR-912",Hammond,IN,365,3.439,41.609929,-87.507911,city_centroid
69344,CIRCLE K #2741078,SR-97 & SR-123,Stockdale,TX,747,3.079,29.231907,-97.935082,city_centroid
69345,RUTTERS #20,"I-76, EXIT 247 & I-283, EXIT 1A",Middletown,PA,70,3.822,40.204086,-76.733127,city_centroid
69346,D AND C FUEL SALES,US-6 & CR-4019,Tunkhannock,PA,200,3.699,41.550687,-75.941043,city_centroid
69353,SPEEDWAY #2910,"I-79, EXIT 55",Pittsburgh,PA,165,3.909,40.474536,-79.952524,city_centroid
69354,CIRCLE K #4702411,US-36,Danville,IN,375,3.789,39.762815,-86.534254,city_centroid
69362,HART MARATHON,US-31,Hart,MI,456,3.449,43.70676,-86.314152,city_centroid
69365,Circle K #4703911,SR-109 & SR-52,Portland,TN,460,2.959,36.567306,-86.505923,city_centroid
69369,SPEEDWAY #2912,SR-65,Baden,PA,165,3.912,40.641595,-80.198471,city_centroid
69374,7-ELEVEN #40558,SR-6 & CR-185,Woodway,TX,765,2.986,31.505074,-97.231062,city_centroid
69377,CIRCLE K #4705628,SR-21 & SR-585,Barberton,OH,249,3.582,41.018589,-81.615314,city_centroid
69379,Kum & Go #0535,US-6 & US-65,Des Moines,IA,320,2.987,41.6005,-93.6088,city_centroid
69380,CASEYS #2967,SR-43 & SR-2,Bennet,NE,413,3.229,40.63822,-96.5134,city_centroid
69384,KWIK TRIP #209,"US-41, EXIT 148 & SR-55",Kaukauna,WI,582,3.369,44.29561,-88.271692,city_centroid
69390,MINIT MART #600625,"I-57, EXIT 283 & US-24",Gilman,IL,280,3.399,40.767987,-87.993336,city_centroid
69392,LOVES TRAVEL STOP #600,"I-69, EXIT 214",Pendleton,IN,457,3.576,39.979237,-85.794614,city_centroid
69393,LOVES TRAVEL STOP #594,US-35 & SR-850,Bidwell,OH,315,3.849,38.927647,-82.270092,city_centroid
69394,SPEEDWAY #3424,"I-75, EXIT 73 & SR-55",Troy,OH,411,3.136,40.037394,-84.203151,city_centroid
69395,SPEEDWAY #3766,US-52,Indianapolis,IN,375,3.599,39.775006,-86.109348,city_centroid
69396,SPEEDWAY #7158,"I-40, EXIT 320 & SR-98",Crossville,TN,460,3.072,35.944041,-85.017171,city_centroid
69397,SPEEDWAY #7163,"I-40/US-412, EXIT 85",Jackson,TN,460,3.349,35.610222,-88.814011,city_centroid
69398,SPEEDWAY #7114,"I-75, EXIT 4, SR-153, EXIT 1 & US-64/US-11",Chattanooga,TN,285,3.082,35.0455,-85.3081,city_centroid
69399,SPEEDWAY #7147,"I-75, EXIT 49 & SR-30",Athens,TN,285,3.349,35.457389,-84.604261,city_centroid
69400,CASEYS #4411,US-641 & SR-58,Benton,KY,490,3.199,36.880649,-88.354773,city_centroid
69401,CASEYS #3205,"I-29, EXIT 47 & US-275/SR-92",Council Bluffs,IA,319,3.599,41.252954,-95.880992,city_centroid
69402,SHELL,"I-71, EXIT 151 & SR-95",Mount Gilead,OH,315,3.759,40.538371,-82.806235,city_centroid
69403,SHORTYS ONE STOP,US-83/12/SR-20,Selby,SD,248,3.089,45.478587,-100.054067,city_centroid
69405,FLYING J #551,"I-20, EXIT 330 & SR-206",Cisco,TX,575,3.142,32.380043,-98.986507,city_centroid
69407,Cenex,US-14/CR-812 & US-83,Blunt,SD,571,3.102,44.502572,-99.946278,city_centroid
69410,LOVES TRAVEL STOP #602,"I-90, EXIT 67B",Box Elder,SD,506,3.989,44.119858,-103.068237,city_centroid
69412,CIRCLE K #4705724,US-127 & CR-144,Paulding,OH,411,3.699,41.141016,-84.572227,city_centroid
69413,ASAP GENERAL STORE #300,"I-40, EXIT 66 & US-183",Clinton,OK,483,3.149,35.511543,-98.979533,city_centroid
69414,FLEX MARKET,"I-65 EXIT20, US-31 W EXIT 4",Bowling Green,KY,460,2.999,37.007874,-86.455891,city_centroid
69416,CIRCLE K #2740541,HWY 90,Roans Prairie,TX,670,3.072,30.486944,-95.986667,city_centroid
69417,LOVLEN FOODS,US-58 & SR-615,Drewryville,VA,130,3.049,36.685433,-77.359098,city_centroid
69421,CIRCLE K #2741257,"I-10, EXIT 19B",El Paso,TX,640,2.916,31.758411,-106.478311,city_centroid
69423,FAST MARKET #4574,SR-375 & CR-258,El Paso,TX,640,2.906,31.758411,-106.478311,city_centroid
69425,5R TRAVEL CENTER,"I-10, US HWY 180, EXIT 82A",Deming,NM,640,3.049,32.231808,-107.746559,city_centroid
69426,LOVES TRAVEL STOP #553,"I-40 E, EXIT 163",Williams,AZ,930,3.596,35.249842,-112.190623,city_centroid
69434,CIRCLE K #2741559,US-281 & SR-29,Burnet,TX,595,2.916,30.776597,-98.26424,city_centroid
69436,CIRCLE K #2741077,SR-97 & CR-433,Pleasanton,TX,747,2.949,28.992368,-98.483061,city_centroid
69437,CountryMark,SR-66,Evansville,IN,340,3.699,37.9746,-87.5674,city_centroid
69438,LOVES TRAVEL STOP #585,"I-49/US-71, EXIT 27 & SR-86",Neosho,MO,277,3.397,36.870634,-94.386218,city_centroid
69439,LOVES TRAVEL STOP #608,"I-135, EXIT 60 & US-56",Mcpherson,KS,570,3.324,38.373732,-97.654989,city_centroid
69440,LOVES TRAVEL STOP #592,US-24 & SR-101,Woodburn,IN,370,3.849,41.136102,-84.892871,city_centroid
69441,LOVES TRAVEL STOP #610,"I-20, EXIT 307 & US-283",Baird,TX,575,3.107,32.391557,-99.37766,city_centroid
69442,Eagle #51,US-83 & FM-1917,Carrizo Springs,TX,740,3.279,28.52779,-99.863513,city_centroid
69446,SUPER SAVE #4,SR-33 & SR-15,Farmerville,LA,719,3.479,32.753378,-92.317955,city_centroid
69448,STRIPES #42525,"I-27/US-87, EXIT 2",Lubbock,TX,700,2.957,33.586527,-101.860634,city_centroid
69451,LOVES TRAVEL STOP #603,I-95 EXIT 366 AT PECAN PARK RD,Jacksonville,FL,75,3.399,30.0759,-81.5803,city_centroid
69452,DANDY MINI MART #5,HWY 6,Towanda,PA,32,3.999,41.763758,-76.464527,city_centroid
69453,7-ELEVEN #41033,US-69,Woodville,TX,610,3.149,30.775133,-94.425494,city_centroid
69454,SPEEDWAY #6092,"I-65, EXIT 76A & US-31",Taylorsville,IN,375,3.357,39.295833,-85.950833,city_centroid
69455,SPEEDWAY #4214,"I-45, EXIT 46 & US-100",Milwaukee,WI,448,3.366,43.0343,-87.9151,city_centroid
69458,PEOSTA KWIK STOP,"US-20, EXIT 308",Peosta,IA,335,3.489,42.443535,-90.809372,city_centroid
69459,LOVES TRAVEL STOP #583,"I-64, EXIT 27 & SR-161",New Baden,IL,540,3.849,38.531485,-89.692232,city_centroid
69462,LOVES TRAVEL STOP #619,"I-59, EXIT 29 & SR-26",Poplarville,MS,725,3.176,30.852362,-89.564751,city_centroid
69465,MAVERIK COUNTRY STORE #476,US-59,Gillette,WY,790,3.366,44.282009,-105.497442,city_centroid
69467,CIRCLE K #2741547,US-181,Floresville,TX,740,2.996,29.169338,-98.193589,city_centroid
69468,TOOT N TOTUM #100,US-83,Perryton,TX,585,2.999,36.374825,-100.815558,city_centroid
69469,QUIKTRIP #1110,"I-85, EXIT 60 & US-101",Greer,SC,210,3.086,34.8968,-82.267442,city_centroid
69471,Circle K #2741501,"I-37, EXIT 3A",Corpus Christi,TX,625,3.104,27.794086,-97.402994,city_centroid
69474,LOVES TRAVEL STOP #577,"I-85, EXIT 22",Shorter,AL,720,3.221,32.383585,-85.91616,city_centroid
69475,GUTHRIE TRAVEL CENTER,I-35 EXT 138C,Guthrie,OK,483,2.966,35.832955,-97.435995,city_centroid
69477,LOVES TRAVEL STOP #621,US-36 & SR-110,Bevier,MO,310,3.439,39.749707,-92.561925,city_centroid
69480,VAN HOOK TRAVEL CENTER,US-23,New Town,ND,452,3.562,47.977154,-102.485793,city_centroid
69483,LOVES TRAVEL STOP #607,"US-63, EXIT 40 & SR-463",Jonesboro,AR,435,3.439,35.833016,-90.696526,city_centroid
69484,KWIK TRIP #774,SR-13,Adams,WI,395,3.274,43.896688,-89.821869,city_centroid
69485,7-ELEVEN #41036,US-96,San Augustine,TX,618,3.159,31.515173,-94.132581,city_centroid
69486,DUCK THRU FOOD STORE #42,SR-186 & SR-305,Seaboard,NC,130,3.299,36.488552,-77.411306,city_centroid
69487,CIRCLE K #2742034,"I-35, EXIT 176",Schertz,TX,740,2.794,29.568159,-98.272214,city_centroid
69489,SPRINT FOODS #728,SR-38,Bennettsville,SC,63,3.399,34.625501,-79.689826,city_centroid
69492,GOOD 2 GO #418,"I-15, EXIT 273 & US-54 & US-91",Mona,UT,835,3.429,39.838165,-111.848001,city_centroid
69494,TMI FUEL STOP,SR 1,Port Allen,LA,600,3.066,30.471983,-91.254088,city_centroid
69495,QUIKTRIP #72,US-69 & US-62,Muskogee,OK,560,3.032,35.730661,-95.375491,city_centroid
69496,LOVES TRAVEL STOP #601,"I-70, EXIT 115 & SR-109",Knightstown,IN,375,3.949,39.806029,-85.526148,city_centroid
69497,MACH ONE FOOD SHOP #10,"I-70 & EXIT 129, SR-49",Casey,IL,510,3.199,39.301716,-87.991306,city_centroid
69499,HANKS TRUCK STOP,US-39 & US-30,Hanna,IN,457,3.499,41.408767,-86.775922,city_centroid
69500,ROAD RANGER #271,"I-20, EXIT 108",Odessa,TX,710,3.516,31.8465,-102.3663,city_centroid
69501,VALLEY COUNTRY STORE,"I-84, EXIT 16B & SR-79",Jerome,ID,787,3.432,42.71784,-114.501244,city_centroid
69504,KWIK TRIP #245,SR-42,Plainview,MN,515,3.624,44.16373,-92.162125,city_centroid
69505,KWIK TRIP #282,"I-43, EXIT 43 & SR-83",Mukwonago,WI,444,3.337,42.882054,-88.345116,city_centroid
69506,KWIK TRIP #290,"I-94/US-41, EXIT 321",Oak Creek,WI,444,3.719,42.88916,-87.902661,city_centroid
69508,KWIK TRIP #777,SR-49 & CR-F,Berlin,WI,582,3.426,43.976936,-88.949009,city_centroid
69510,CLARK #3121,SR-46 & SR-24,Caro,MI,260,3.399,43.483272,-83.383469,city_centroid
69512,LOVES TRAVEL STOP #589,"I-27/US-87, EXIT 8 & FM-2641",Lubbock,TX,700,3.332,33.586527,-101.860634,city_centroid
69513,KWIK TRIP #885,WI-29 EXIT 132,Abbotsford,WI,395,3.452,44.964057,-90.299438,city_centroid
69514,Flying J #1033,"I-20, EXIT 138 & SR-158",Midland,TX,710,3.566,31.989636,-102.06261,city_centroid
69520,SPEEDWAY #2908,SR-51,Perryopolis,PA,165,3.916,40.085724,-79.754384,city_centroid
69521,CASEYS #3319,"US-30, EXIT 158",Nevada,IA,320,2.989,42.018983,-93.446219,city_centroid
69522,FUEL EXPRESSO 17,"I-35 & EXIT 187, SR-68",Ottawa,KS,400,3.172,38.614247,-95.274519,city_centroid
69524,CONCORD XTRAMART,"I-93, EXIT 17 & US-4",Concord,NH,178,3.659,43.218525,-71.527734,city_centroid
69525,DILLEY TRUCK STOP,"I-35 & EXIT 85, FM 117",Dilley,TX,740,3.066,28.678201,-99.174684,city_centroid
69526,STRIPES 7FLEET #42469,"I-20, US-80 EXIT 15A",Santo,TX,575,2.917,32.597935,-98.179675,city_centroid
69527,Exxon,"I-96, EXIT 129",Fowlerville,MI,406,3.749,42.661438,-84.072085,city_centroid
69528,KWIK STAR #283,"I-380/US-218/SR-27, EXIT 13",Cedar Rapids,IA,380,3.532,41.9743,-91.655382,city_centroid
69530,CIRCLE K #2741030,"I-35, EXIT 160",San Antonio,TX,740,2.999,29.644226,-98.312774,city_centroid
69531,Kwik Star#223,"I-35, EXIT 194 & US-18/SR-122",Clear Lake,IA,433,3.079,43.140607,-93.384978,city_centroid
69532,JACKSONS FOOD STORE #147,"I-84, EXIT 27/US-20 & SR-19",Caldwell,ID,785,3.579,43.662719,-116.700038,city_centroid
69534,CAIRO TRAVEL CENTER,US-84/SR-38,Cairo,GA,20,3.424,30.9517,-84.2048,city_centroid
69536,7-ELEVEN #40802,US-87,Nixon,TX,740,3.079,29.301649,-97.752898,city_centroid
69541,PILOT #1027,US-385 & CR-E,Vega,TX,585,3.306,35.373212,-102.356572,city_centroid
69542,PILOT #1030,"I-57, EXIT 353",Alsip,IL,290,3.359,41.6723,-87.7339,city_centroid
69545,LOVES TRAVEL STOP #628,"I-35E, EXIT 386 & FM-1134",Italy,TX,630,3.102,32.178508,-96.88229,city_centroid
69546,KWIK TRIP #186,"I-35, EXIT 183",Hinckley,MN,334,3.352,46.018876,-92.899333,city_centroid
69547,KWIK TRIP #297,"US-10, WI-441",Menasha,WI,582,3.491,44.211164,-88.417536,city_centroid
69549,KWIK TRIP #178,"I-494, EXIT 64B & SR-156",South Saint Paul,MN,451,3.607,44.888128,-93.046013,city_centroid
69550,KWIK TRIP #273,"I-35, EXIT 251B & SR-23",Duluth,MN,334,3.499,47.094431,-91.846731,city_centroid
69553,SPEEDWAY #2120,US-30,Oswego,IL,293,3.249,41.684893,-88.345305,city_centroid
69554,SPEEDWAY #8047,"I-70, EXIT 104 & SR-9",Greenfield,IN,375,3.599,39.790204,-85.814102,city_centroid
69558,CIRCLE K #2741070,FM-1560,San Antonio,TX,740,2.914,29.644226,-98.312774,city_centroid
69559,CASEYS #3424,"I-35, EXIT 26 & SR-30",Ellendale,MN,433,3.499,43.882591,-93.319492,city_centroid
69560,LOVES TRAVEL STOP #614,"I-40, EXIT 149",Albuquerque,NM,580,3.521,35.0936,-106.6423,city_centroid
69561,SPEEDWAY #7156,"I-40/75, EXIT 374 & SR-131",Knoxville,TN,405,3.266,35.9609,-83.9189,city_centroid
69562,SPEEDWAY #8796,"I-496, EXIT 11",Lansing,MI,406,3.699,42.7323,-84.556,city_centroid
69563,SPEEDWAY #9651,"I-75, EXIT 104",Lexington,KY,410,3.149,38.017394,-84.485423,city_centroid
69564,SPEEDWAY #7106,"I-40, EXIT 280 & SR-56",Baxter,TN,460,3.066,36.124917,-85.637766,city_centroid
69565,PILOT #1021,"I-196, EXIT 49",Holland,MI,406,3.999,42.7875,-86.108889,city_centroid
69566,PILOT TRAVEL CENTER #1024,"I-80, EXIT 132B & SR-53",Joliet,IL,290,3.799,41.527154,-88.08241,city_centroid
69567,KWIK TRIP #166,"I-35, EXIT 214",Moose Lake,MN,334,3.319,46.44724,-92.746648,city_centroid
69568,KWIK TRIP #295,SR-26 & SR-59,Milton,WI,420,3.399,42.779087,-88.953087,city_centroid
69570,CENEX CONVENIENCE,SR-34 & CR-21,Detroit Lakes,MN,341,3.499,46.834877,-95.800606,city_centroid
69572,AC & T GARLAND GROH,I-81 EXIT 7B,Hagerstown,MD,70,3.559,39.632022,-77.737215,city_centroid
69573,AC & T Falling Waters,"I-81, EXIT 23",Falling Waters,WV,70,3.849,39.586473,-77.885152,city_centroid
69574,LOVES TRAVEL STOP #622,"I-94, EXIT 45 & CR-B",Menomonie,WI,450,3.579,44.87182,-91.92651,city_centroid
69575,LOVES TRAVEL STOP #537,"I-68, EXIT 46 & US-220/SR-144",Cumberland,MD,14,4.249,39.6504,-78.7574,city_centroid
69576,PILOT #498,US-69/75 & SR-7,Atoka,OK,253,3.499,34.34451,-96.141827,city_centroid
69580,GORES TRAVEL PLAZA,US-270/SR-3,Seiling,OK,483,3.149,36.127823,-98.88746,city_centroid
69581,BYRNE DAIRY #22,"I-81, EXIT 15 & US-20",La Fayette,NY,220,4.299,42.890959,-76.106116,city_centroid
69584,LOVES TRAVEL STOP #648,US-70,Valliant,OK,253,3.099,34.009056,-95.068625,city_centroid
69585,LOVES TRAVEL STOP #618,"I-75, EXIT 136 & SR-32",Sadieville,KY,300,3.139,38.390816,-84.538424,city_centroid
69587,LAMBOS #3,"I-57, EXIT 190A & SR-16",Mattoon,IL,280,3.399,39.480184,-88.376152,city_centroid
69588,FUEL CITY,"I-30, EXIT 52B & US-80",Mesquite,TX,630,2.966,32.767821,-96.608219,city_centroid
69589,LOVES TRAVEL STOP #604,I-35 EXIT 157 & SR-33,Guthrie,OK,483,3.319,35.832955,-97.435995,city_centroid
69590,LOVES TRAVEL STOP #654,US-81,Union City,OK,483,3.376,35.391333,-97.93979,city_centroid
69591,REBEL PLUS #841,"I-75, EXIT 116 & CR-865",Bonita Springs,FL,225,3.539,26.3869,-81.733,city_centroid
69592,SPEEDWAY #6131,"I-465, EXIT 49",Indianapolis,IN,375,3.799,39.775006,-86.109348,city_centroid
69594,SPEEDWAY #8480,US-30 & CR-36,Plainfield,IL,293,3.279,41.600884,-88.199391,city_centroid
69595,SPEEDWAY #7176,US-31/SR-6,Columbia,TN,460,3.359,35.615577,-87.038032,city_centroid
69596,SPEEDWAY #4250,SR-72,Des Plaines,IL,293,3.289,42.046734,-87.885899,city_centroid
69597,SPEEDWAY #2918,US-119,Uniontown,PA,165,3.916,39.889733,-79.728216,city_centroid
69598,SPEEDWAY #8133,SR-237,Berea,OH,305,3.499,41.367557,-81.861756,city_centroid
69599,One9 SPEEDWAY #2917,SR-48 & SR-130,Monroeville,PA,165,3.992,40.429026,-79.762279,city_centroid
69601,LOVES TRAVEL STOP #638,US-54,Texhoma,OK,585,3.509,36.52529,-101.839351,city_centroid
69605,CASEYS #3305,SR-23 & SR-47,Ogilvie,MN,333,3.371,45.847632,-93.435921,city_centroid
69607,PANOLA PINES PLAZA,I-59,Carthage,TX,618,3.139,32.154379,-94.352721,city_centroid
69608,STRIPES,FM 1924,Mission,TX,639,3.099,26.24153,-98.342647,city_centroid
69611,CUBBYS #2104,CR-131,Shelby,NE,313,3.399,41.243544,-97.429536,city_centroid
69612,ROAD RANGER #272,"I-35, EXIT 39 & SR-44",Encinal,TX,693,3.539,28.051329,-99.340902,city_centroid
69614,RUTTERS #36,US-15 & SR-234,York Springs,PA,70,4.299,40.00839,-77.106136,city_centroid
69615,LOVES TRAVEL STOP #631,US-275/SR-64,Valley,NE,270,3.346,41.318581,-96.346288,city_centroid
69616,FLYING J #552,"I-71, EXIT 32 & SR-350",Lebanon,OH,407,3.399,39.442047,-84.218754,city_centroid
69618,LOVES TRAVEL STOP #656,US-50/400,Holcomb,KS,525,3.729,37.993105,-100.989323,city_centroid
69621,Circle K #2741096,"I-10/US-90, EXIT 591 & FM-1518",Converse,TX,740,2.936,29.517331,-98.321673,city_centroid
69625,RUTTERS #34,US-30 & SR-23,Leola,PA,70,4.199,40.096448,-76.192109,city_centroid
69626,CASEYS #2860,US-160 & FM-6070,West Plains,MO,535,3.419,36.728418,-91.871681,city_centroid
69627,STRIPES #40601,US-83 & FM-2360,Rio Grande City,TX,639,2.996,26.394194,-98.810444,city_centroid
69629,SWANTON MOBIL,"I-89, EXIT 21 & SR-78",Swanton,VT,39,3.539,44.916754,-73.121124,city_centroid
69630,MANSFIELD TRAVEL PLAZA,SR-175 & SR-509,Mansfield,LA,745,3.019,32.023863,-93.698045,city_centroid
69632,Circle K #2709300,US-72/SR-2,Huntsville,AL,460,2.977,34.726866,-86.567318,city_centroid
69633,ONE9 EXPRESS FUEL,"I-10, EXIT 42 & FM-1110",Clint,TX,640,2.802,31.549418,-106.20383,city_centroid
69636,PETRO WILMINGTON,"I-55, EXIT 240",Wilmington,IL,290,3.399,41.298063,-88.130083,city_centroid
69637,PILOT TRAVEL CENTER #1041,SR-64 & CR-23,Carol Stream,IL,290,3.699,41.9166,-88.1209,city_centroid
69643,Tex-Best #524,SR-44 E,Alice,TX,625,2.899,27.743171,-98.083622,city_centroid
69646,Arco dba One9 #1258,"I-10, EXIT 19",Quartzsite,AZ,930,3.359,33.5675,-114.2731,city_centroid
69647,SPEEDWAY #6207,SR-25,Batavia,IL,293,3.599,41.848165,-88.309756,city_centroid
69648,BP-GIANT OIL #440,"I-71, EXIT 204 & SR-83",Burbank,OH,249,3.232,40.963725,-81.995753,city_centroid
69649,SPEEDWAY #2921,"I-80, EXIT 29 & SR-8",Harrisville,PA,573,3.434,41.163087,-79.979639,city_centroid
69651,LOVES TRAVEL STOP #074,SR-19 & SR-76,Lindsay,OK,483,3.091,34.821116,-97.599788,city_centroid
69652,LOVES TRAVEL STOP #633,US-30,Plymouth,IN,365,3.849,41.333897,-86.324087,city_centroid
69653,LOVES TRAVEL STOP #644,"I-70, EXIT 437 & US-385",Burlington,CO,800,3.889,39.310649,-102.258281,city_centroid
69654,LOVES TRAVEL STOP #636,US-169,Nowata,OK,500,3.399,36.694565,-95.640421,city_centroid
69657,JIFFY MART,US-7 & SR-22A,Ferrisburgh,VT,39,3.599,44.212822,-73.258575,city_centroid
69658,Missouri Travel,"I-29, EXIT 75 & US-30",Missouri Valley,IA,319,3.424,41.564399,-95.891346,city_centroid
69659,QUIKTRIP #1092,"I-77, EXIT 77 & US-21/SR-5",Rock Hill,SC,46,3.134,34.915068,-81.012904,city_centroid
69662,STRIPES 7FLEET #42472,US-377,Brownwood,TX,575,2.962,31.704658,-98.975164,city_centroid
69663,STRIPES #2484,SR-480 & FM-1021,Eagle Pass,TX,740,3.199,28.702786,-100.48176,city_centroid
69664,7-ELEVEN #40544,US-281,Lampasas,TX,765,2.916,31.067957,-98.183361,city_centroid
69666,7-ELEVEN #40587,SR-21 & FM-150,Maxwell,TX,595,3.152,29.878628,-97.852852,city_centroid
69668,LOVES TRAVEL STOP #643,"I-55/57, EXIT 66A & US-60",Sikeston,MO,490,3.549,36.891111,-89.58197,city_centroid
69669,LOVES TRAVEL STOP #623,"I-20/SR-349, EXIT 131",Midland,TX,710,3.556,31.989636,-102.06261,city_centroid
69670,LOVES TRAVEL STOP #611,"I-90, EXIT B3 & SR-22",Canaan,NY,12,3.979,42.413168,-73.415889,city_centroid
69671,LOVES TRAVEL STOP #655,US-83 & SR-96,Scott City,KS,525,3.637,38.47994,-100.899331,city_centroid
69672,STRIPES 7FLEET #42507,US-285,Pecos,TX,710,3.379,31.414384,-103.508129,city_centroid
69673,QUIKTRIP #1863,"SEC HWY 114, I-35",Roanoke,TX,630,2.976,32.98639,-97.205346,city_centroid
69674,WEIGLES #64,"I-75, EXIT 122 & SR-61",Clinton,TN,405,2.996,36.08688,-84.189735,city_centroid
69676,SPEEDWAY #8495,"US-19/SR-400, EXIT 12",Alpharetta,GA,18,3.349,34.1048,-84.2949,city_centroid
69679,LOVES TRAVEL STOP #627,US-27 & SR-54,Davenport,FL,140,3.552,28.22,-81.6205,city_centroid
69680,PILOT #1042,I-55 EXIT 283,Bridgeview,IL,290,3.799,41.743128,-87.806572,city_centroid
69681,PILOT TRAVEL CENTER #1549,"I-20, EXIT168 & SR-77",Lincoln,AL,615,3.109,33.605913,-86.111152,city_centroid
69682,PILOT #1577,"I-75, EXIT 141 & SR-63",Pioneer,TN,405,3.026,36.469465,-84.290672,city_centroid
69683,GOOD TO GO #88,"I-55, EXIT 283",Chicago,IL,291,3.619,41.885847,-87.618123,city_centroid
69684,KWIK TRIP #140,"SR-29, EXIT 177",Schofield,WI,395,3.424,44.906407,-89.581789,city_centroid
69686,CASEYS #3472,SR-125 & SR-78,Virginia,IL,368,3.659,39.945475,-90.212681,city_centroid
69687,CASEYS #3470,US-421 & SR-16,Monon,IN,375,3.779,40.861176,-86.863537,city_centroid
69688,CASEYS #3431,US-150 & SR-54,Farmer City,IL,368,3.339,40.244689,-88.663385,city_centroid
69693,MAVERIK COUNTRY STORE #527,"US-89, EXIT 405",Ogden,UT,835,3.439,41.2443,-112.0072,city_centroid
69694,MAVERIK COUNTRY STORE #533,US-91 & SR-101,Wellsville,UT,835,3.444,41.634302,-111.931676,city_centroid
69695,MAVERIK COUNTRY STORE #488,"I-15/US-89, EXIT 288",Draper,UT,835,3.446,40.504599,-111.88096,city_centroid
69696,MAVERIK COUNTRY STORE #531,"I-80/15, EXIT 305D",Logan,UT,835,3.431,41.747025,-111.822613,city_centroid
69698,KUM & GO #0891,I-44 (EASTBOUND),Vinita,OK,560,3.059,36.633353,-95.138164,city_centroid
69699,CIRCLE K #2741552,"SR-969, SR-130, EXIT 444",Austin,TX,595,2.932,30.505972,-97.747187,city_centroid
69701,PUMP & PANTRY #48,US-30 & SR-25,Fremont,NE,486,3.319,41.441637,-96.494468,city_centroid
69702,SPEEDWAY #7159,"I-40/SR-66, EXIT 412",Dandridge,TN,405,3.259,36.001798,-83.404435,city_centroid
69703,CIRCLE K #2741831,"I-35, EXIT 8B & SR-20",Laredo,TX,693,2.902,27.515538,-99.498579,city_centroid
69707,SUPER S TRAVEL PLAZA,"I-49, EXIT 241",Ida,LA,745,3.059,32.993393,-93.902186,city_centroid
69708,TA Express #289,US-59,Nacogdoches,TX,618,3.139,31.618534,-94.651093,city_centroid
69709,LOVES TRAVEL STOP #626,US-287,Dumas,TX,585,3.416,35.882315,-101.967984,city_centroid
69710,LOVES TRAVEL STOP #625,"I-80, EXIT 59 & SR-17J",Sidney,NE,475,3.472,41.142778,-102.9775,city_centroid
69711,PILOT #1047,"I-295, EXIT 25",Jacksonville,FL,75,3.359,30.0759,-81.5803,city_centroid
69712,LOVES TRAVEL STOP #650,"I-84/US-30, EXIT 159",Boardman,OR,935,3.522,45.827165,-119.72057,city_centroid
69713,EAGLE #56,"I-45, Exit 189",Teague,TX,765,3.482,31.632772,-96.27778,city_centroid
69715,CASEYS #2712,SR-8/SR-14,Superior,NE,413,3.362,40.031537,-98.077872,city_centroid
69719,SHEETZ #033,"I-99/US-220, EXIT 41 & SR-865",Altoona,PA,14,3.529,40.520945,-78.408901,city_centroid
69720,PILOT #1046,US-27 & SR-80,South Bay,FL,176,3.799,26.670126,-80.731214,city_centroid
69721,MFA,US-36,Brookfield,MO,276,3.249,39.784612,-93.071948,city_centroid
69723,SPEEDWAY #5036,I-90 & US-20,Hampshire,IL,293,3.369,42.080748,-88.517033,city_centroid
69727,PETRO-CARD 24 #910880,SR-6/13,Gallatin,MO,276,3.299,39.902486,-93.978748,city_centroid
69729,MFA OIL,US-63 & HWY E,Queen City,MO,494,3.249,40.415175,-92.566263,city_centroid
69731,PETRO-CARD 24 #910561,"I-49, EXIT 102A",Nevada,MO,277,3.349,37.840853,-94.357127,city_centroid
69732,PETRO-CARD 24 #911043,US-65,Sedalia,MO,392,3.249,38.696076,-93.232268,city_centroid
69735,PETRO-CARD 24 #910200,US-65 & BUS US-36,Chillicothe,MO,276,3.289,39.796569,-93.550887,city_centroid
69740,LOVES TRAVEL STOP #613,"I-81, EXIT 24 & SR-80",Meadowview,VA,185,3.599,36.761175,-81.851205,city_centroid
69741,LOVES TRAVEL STOP #659,"I-10, EXIT 133B",Tolleson,AZ,930,3.569,33.434686,-112.277444,city_centroid
69742,LOVES TRAVEL STOP #630,US-412/64,Enid,OK,337,3.787,36.402842,-97.862257,city_centroid
69743,LOVES TRAVEL STOP #647,US-81,Belleville,KS,523,3.816,39.824054,-97.629016,city_centroid
69744,LOVES TRAVEL STOP #632,US-54 & US-83,Liberal,KS,585,3.666,37.043789,-100.92857,city_centroid
69745,PILOT #1070,"I-40/US-54, EXIT 277 & US-84",Santa Rosa,NM,580,3.462,34.933276,-104.682155,city_centroid
69746,Maverik Country Store #5014,I-80 E EXIT 110 & HWY169,De Soto,IA,320,3.099,41.533285,-94.027582,city_centroid
69747,SUNOCO,I-69 & YS HWY 30,Fort Wayne,IN,370,3.604,41.0716,-85.1367,city_centroid
69748,SUNOCO,SR-930 E,Fort Wayne,IN,370,3.597,41.0716,-85.1367,city_centroid
69750,CIRCLE K #2704041,"I-35, EXIT 183",New Braunfels,TX,740,2.859,29.694733,-98.113041,city_centroid
69751,MFA,CR-37,Purdy,MO,416,3.349,36.806917,-93.916376,city_centroid
69755,PILOT #1082,"I-526, EXIT 19",Charleston,SC,42,3.416,32.779506,-79.937069,city_centroid
69758,MAVERIK COUNTRY STORE #537,I-215 EXIT 21,Salt Lake City,UT,835,3.382,40.755851,-111.896657,city_centroid
69764,MAVERIK COUNTRY STORE #538,I-15 & SR-99,Fillmore,UT,835,3.387,38.980539,-112.331321,city_centroid
69765,7-ELEVEN #40509,I-90/80 EB,Howe,IN,465,3.899,41.728594,-85.472746,city_centroid
69766,Marathon,"I-75, EXIT 99 & SR-119",Anna,OH,411,3.029,40.405105,-84.210344,city_centroid
69770,SASSYS TRUCK STOP,"I-86, EXIT 23 & US-219",Limestone,NY,240,3.159,42.063945,-78.631979,city_centroid
69772,CIRCLE K #2741825,"I-410, EXIT 2 & FM-2536",San Antonio,TX,740,3.099,29.644226,-98.312774,city_centroid
69780,Bolingbrook Mart,"I-55, EXIT 269",Bolingbrook,IL,293,3.639,41.697605,-88.087315,city_centroid
69782,BYRNE DAIRY #14,SR-414 & SR-318,Waterloo,NY,190,3.999,42.904515,-76.875498,city_centroid
69783,SHEETZ #603,"I-78 US-22, EXIT 13 & SR-501",Bethel,PA,208,3.327,40.480834,-76.274209,city_centroid
69784,KWIK TRIP #158,US-10 & SR-23,Saint Cloud,MN,451,3.277,45.540972,-94.181857,city_centroid
69785,LOVES TRAVEL STOP #662,US-287 & SR-285,Quanah,TX,585,3.849,34.29555,-99.749438,city_centroid
69786,LOVES TRAVEL STOP #671,"I-55, EXIT 63 & US-61",Blytheville,AR,275,3.456,35.934482,-89.922497,city_centroid
69787,LOVES TRAVEL STOP #616,"I-49, EXIT 158",Harrisonville,MO,400,3.429,38.64193,-94.32852,city_centroid
69788,LOVES TRAVEL STOP #612,"SR-370, EXIT 9 & SR-141",Bridgeton,MO,540,3.121,38.750627,-90.416101,city_centroid
69789,LOVES TRAVEL STOP #620,US-301 & SR-20,Hawthorne,FL,140,3.789,29.573998,-82.105625,city_centroid
69790,LOVES TRAVEL STOP #641,I-155/US-412 EXIT 13 & SR-78,Dyersburg,TN,275,3.402,36.044447,-89.383644,city_centroid
69791,PILOT #1083,US-287 & US-54,Stratford,TX,585,3.499,36.33349,-101.988568,city_centroid
69792,FLYING J #1061,"I-44, EXIT 72",Springfield,MO,416,3.382,37.2152,-93.295,city_centroid
69797,KWIK TRIP #149,US-10,Saint Cloud,MN,451,3.211,45.540972,-94.181857,city_centroid
69798,LOVES TRAVEL STOP #060,US-36 & US-283,Norton,KS,525,3.109,39.840706,-99.887832,city_centroid
69799,MAVERIK COUNTRY STORE #387,"I-40, EXIT 253",Winslow,AZ,930,3.236,35.16078,-110.511382,city_centroid
69800,MAVERIK COUNTRY STORE #502,US-385 & SR-2,Alliance,NE,795,3.259,42.114943,-102.888045,city_centroid
69801,MAVERIK COUNTRY STORE #409,"I-580, EXIT 41 & SR-531",Carson City,NV,966,3.589,39.089147,-119.782899,city_centroid
69803,THORNTONS #319,"I-55, EXIT 248 & US-6",Channahon,IL,399,3.249,41.434664,-88.213786,city_centroid
69804,KWIK TRIP #184,"I-94, EXIT 293",Pewaukee,WI,444,3.449,43.078777,-88.272922,city_centroid
69809,KWIK TRIP #162,"I-94, EXIT 202",Elk River,MN,451,3.297,45.313601,-93.5814,city_centroid
69811,Chisholm Corner #16,US-81 & SR-7,Marlow,OK,569,3.016,34.638681,-97.940955,city_centroid
69813,SHEETZ #608,"I-81, EXIT 24 & CR-696",Shippensburg,PA,70,3.286,40.051359,-77.519477,city_centroid
69814,Allsup's #2454,US-87 & SR-163,Sterling City,TX,612,3.224,31.835063,-101.001729,city_centroid
69815,CENEX ZIP TRIP #75,"I-94/US-12, EXIT 138 & US-59",Miles City,MT,780,3.497,46.407459,-105.833193,city_centroid
69816,STRIPES #42503,"I-27, EXIT 1",Lubbock,TX,700,2.951,33.586527,-101.860634,city_centroid
69817,LOVES TRAVEL STOP #639,"I-20, EXIT 96",Lake,MS,705,3.162,32.345909,-89.341354,city_centroid
69818,LOVES TRAVEL STOP #675,US-75,Okmulgee,OK,560,3.217,35.628805,-95.96967,city_centroid
69819,FLYING J #1086,SR-18 & SR-5,Marion,IN,457,3.489,40.574333,-85.674127,city_centroid
69820,CUBBYS #304,SR-7,Manson,IA,319,3.299,42.528503,-94.530386,city_centroid
69821,FUEL CITY HALTOM CITY,"I-35W, EXIT 52B & TX-121",Haltom City,TX,630,2.966,32.808742,-97.270891,city_centroid
69823,LOVES TRAVEL STOP #664,US-41,Terre Haute,IN,375,3.949,39.4666,-87.4138,city_centroid
69824,LOVES TRAVEL STOP #663,US-190 & LA-103,Port Barre,LA,730,3.124,30.547788,-91.928576,city_centroid
69825,KWIK TRIP #154,MN-15,Sauk Rapids,MN,451,3.302,45.604032,-94.159088,city_centroid
69826,LOVES TRAVEL STOP #629,I-65 EXIT 108 & SR-76,White House,TN,460,3.159,36.460048,-86.670524,city_centroid
69827,KWIK TRIP #164,US-12/SR-29,Menomonie,WI,295,3.499,44.87182,-91.92651,city_centroid
69830,RUTTERS #69,"I-78/US-22, EXIT 29 & SR-61",Hamburg,PA,208,3.866,40.548799,-75.987361,city_centroid
69832,LOVES TRAVEL STOP #595,"I-10, EXIT 28 & SR-49",Gulfport,MS,733,3.144,30.382556,-89.097618,city_centroid
69833,LOVES TRAVEL STOP #658,US-412,Watts,OK,416,3.347,36.115216,-94.634472,city_centroid
69835,LOVES TRAVEL STOP #653,US-287,Eads,CO,800,3.476,38.444141,-102.50536,city_centroid
69837,LOVES TRAVEL STOP #606,"I-94, EXIT 73B & US-6",South Holland,IL,290,3.329,41.597916,-87.593814,city_centroid
69840,KUM & GO #0370,"I-80, EXIT 439 & SR-370",Gretna,NE,486,2.921,41.134458,-96.245837,city_centroid
69842,KUM & GO #0863,"I-44, EXIT 215 & SR-97",Sapulpa,OK,560,3.232,36.00297,-96.11061,city_centroid
69845,Maverik Country Store #5013,US-40 & SR-13,Craig,CO,800,3.459,40.522351,-107.561458,city_centroid
69847,KWIK STAR #145,US-52,Guttenberg,IA,335,3.599,42.759443,-91.119015,city_centroid
69848,KWIK TRIP #173,SR-17,Rhinelander,WI,395,3.452,45.646718,-89.409285,city_centroid
69850,KUM & GO #0539,"I-80 E, & SR-415 EXIT 135",Des Moines,IA,320,3.072,41.6005,-93.6088,city_centroid
69851,SPEEDWAY #3995,I-90,Belvidere,IL,293,3.849,42.259465,-88.850943,city_centroid
69852,KWIK TRIP #141,SR-61,Two Harbors,MN,334,3.499,47.039364,-91.678264,city_centroid
69854,LOVES TRAVEL STOP #637,"I-39, EXIT 115 & CR-CS",Poynette,WI,420,3.789,43.401342,-89.418857,city_centroid
69855,LOVES TRAVEL STOP #670,US-18,Floyd,IA,433,3.649,43.143049,-92.723988,city_centroid
69856,LOVES TRAVEL STOP #657,"I-77, EXIT 5 & SR-48",Cayce,SC,46,3.397,33.962567,-81.067084,city_centroid
69858,TEX-BEST #528,US-181,Elmendorf,TX,740,2.892,29.230793,-98.371982,city_centroid
69859,BIG BOSS TRAVEL PLAZA,I-12 EXIT 22,Livingston,LA,600,3.166,30.474107,-90.767339,city_centroid
69861,HUCKS FOOD & FUEL #379,"I-57, EXIT 53",Marion,IL,340,2.929,37.725662,-88.929447,city_centroid
69862,CASEYS #3503,US-69/SR-52,Pleasanton,KS,400,3.199,38.182285,-94.70567,city_centroid
69863,GOLDEN GATE,I-80 EXIT 352A & US-93,Wells,NV,835,3.416,41.129798,-114.532752,city_centroid
69865,7-ELEVEN #40036,SR-33 & SR-632,Lanexa,VA,180,3.659,37.419391,-76.902684,city_centroid
69870,CIRCLE K #4705720,"I-280, EXIT 7 & SR-2",Oregon,OH,550,3.609,41.641842,-83.471366,city_centroid
69871,CIRCLE K #2741595,SR-71 & FM-1209,Bastrop,TX,595,2.954,30.13883,-97.292101,city_centroid
69873,KWIK TRIP #142,"US-10, EXIT 186 & SR-13",Marshfield,WI,395,3.479,44.6688,-90.1716,city_centroid
69874,LOVES TRAVEL STOP #687,"I-72, EXIT 64 & US-67",Jacksonville,IL,540,3.489,39.729269,-90.236238,city_centroid
69875,LOVES TRAVEL STOP #680,US-81,Norfolk,NE,470,3.316,42.032914,-97.422898,city_centroid
69876,LOVES TRAVEL STOP #684,"I-35, EXIT 133 & SR-175",Ellsworth,IA,433,3.689,42.30086,-93.548979,city_centroid
69877,LOVES TRAVEL STOP #669,US-61 & SR-19,New London,MO,345,3.236,39.591672,-91.39599,city_centroid
69878,SPEEDWAY #7412,SR-83 & SR-19,Bensenville,IL,293,3.379,41.9536,-87.935,city_centroid
69879,SPEEDWAY #3700,I-70 EXIT 77,Indianapolis,IN,375,3.319,39.775006,-86.109348,city_centroid
69880,Speedway #6809,"I-290, EXIT 13A",Franklin Park,IL,293,3.329,41.933878,-87.873423,city_centroid
69881,KWIK TRIP #458,SR-55,Buffalo,MN,451,3.549,45.181371,-93.863479,city_centroid
69882,SPEEDWAY #7103,US-43,Lawrenceburg,TN,460,3.574,35.250668,-87.352582,city_centroid
69884,AKAL TRAVEL CENTER,"I-40, EXIT 267 & SR-379",Santa Rosa,NM,721,2.879,34.933276,-104.682155,city_centroid
69885,BELL STORES #146,SR-43 & SR-183,Malvern,OH,249,3.579,40.684532,-81.18378,city_centroid
69886,LOVES TRAVEL STOP #676,SR-50,Syracuse,NE,413,3.444,40.661386,-96.182407,city_centroid
69887,CIRCLE K #2701869,SR-21 & SR-307,Savannah,GA,195,3.116,32.067631,-81.102394,city_centroid
69888,OASIS STOP N GO #17,US-30,Twin Falls,ID,787,3.699,42.556495,-114.469265,city_centroid
69892,MAVERIK COUNTRY STORE #547,US-26,Casper,WY,790,3.186,42.845763,-106.316571,city_centroid
69893,DOMINO EXPRESS #24,US-412/US-270/US-183/SR-3 & SR-15,Woodward,OK,337,2.999,36.426784,-99.402016,city_centroid
69894,Circle K #2746446,US-2,Williston,ND,452,4.042,48.167924,-103.631699,city_centroid
69895,Shell,"I-80, EXIT 122",Minooka,IL,290,3.149,41.461516,-88.278596,city_centroid
69900,LOVES TRAVEL STOP #605,"I-70, EXIT 59 & SR-41",Springfield,OH,315,3.479,39.924167,-83.808889,city_centroid
69901,KWIK TRIP #638,SR-42,Two Rivers,WI,582,3.391,44.166008,-87.585504,city_centroid
69902,MAVERIK COUNTRY STORE #441,"I-182/US-12, EXIT 9",Pasco,WA,925,4.279,46.249183,-119.104387,city_centroid
69903,LOVES TRAVEL STOP #642,US-60 & US-385,Hereford,TX,585,3.416,34.837037,-102.40503,city_centroid
69904,LOVES TRAVEL STOP #695,US-54/400,Cunningham,KS,570,3.657,37.666149,-98.39297,city_centroid
69905,KWIK TRIP #105,"I-41, EXIT 157",De Pere,WI,582,3.352,44.438779,-88.080613,city_centroid
69906,LOVES TRAVEL STOP #692,US-169 & SR-39,Chanute,KS,570,3.276,37.674928,-95.456962,city_centroid
69907,STRIPES #41023,SR-358 & FM-665,Corpus Christi,TX,625,3.071,27.794086,-97.402994,city_centroid
69908,LOVES TRAVEL STOP #685,"I-74, EXIT 51",Knoxville,IL,270,3.889,40.910672,-90.287116,city_centroid
69912,AMPM,"I-10, EXIT 140",Phoenix,AZ,930,3.282,33.451,-112.0685,city_centroid
69913,ROSS FUEL CENTER,US-60/US-67,Poplar Bluff,MO,275,3.491,36.766235,-90.416647,city_centroid
69914,PETRO COLUMBIA,"I-77, EXIT 5 & SR-48",Columbia,SC,46,3.412,34.0004,-81.033418,city_centroid
69915,PETES #16,"I-49/US-71, EXIT 120 & CR-B",Rich Hill,MO,277,3.149,38.09438,-94.363454,city_centroid
69921,LOVES TRAVEL STOP #688,"I-70, EXIT 119 & SR-130",Greenup,IL,510,3.289,39.239454,-88.144502,city_centroid
69922,LOVES TRAVEL STOP #686,"I-84/I-15, EXIT 363",Brigham City,UT,835,3.756,41.507921,-112.015177,city_centroid
69923,Circle K #2741821,FM 471 & SR 211,San Antonio,TX,740,3.032,29.644226,-98.312774,city_centroid
69926,TONKAWA TRADING POST,"I-35, EXIT 214 & US-60",Tonkawa,OK,500,2.999,36.68062,-97.30634,city_centroid
69927,LOVES TRAVEL STOP #682,"I-81, EXIT 10A",Hagerstown,MD,22,3.949,39.632022,-77.737215,city_centroid
69928,KUM & GO #1837,SR-51,Broken Arrow,OK,560,3.052,36.054435,-95.722269,city_centroid
69929,PETES #14,US-69/SR 7,Fort Scott,KS,307,3.199,37.834159,-94.704221,city_centroid
69930,CONCORDE TRAVEL CENTER,"I-65, EXIT 219 & CR-42",Jemison,AL,720,3.299,32.980539,-86.718052,city_centroid
69931,SHELL,"I-565, EXIT 7 & CR-127",Madison,AL,615,3.349,34.7837,-86.7486,city_centroid
69932,CIRCLE K #2741847,SR-16,San Antonio,TX,740,3.072,29.644226,-98.312774,city_centroid
69933,Flyers #3202,"I-17, EXIT 201",Phoenix,AZ,930,3.369,33.451,-112.0685,city_centroid
69934,KWIK TRIP #135,SR-35 N,Superior,WI,334,3.499,46.701552,-92.091174,city_centroid
69935,KWIK TRIP #586,"I-41, EXIT 45",Butler,WI,444,3.474,43.105405,-88.071043,city_centroid
69936,LOVES TRAVEL STOP #683,US-27,Moore Haven,FL,176,3.789,26.832749,-81.218776,city_centroid
69937,MAVERIK COUNTRY STORE #385,"I-15, EXIT 119",Idaho Falls,ID,825,3.426,43.517679,-111.990626,city_centroid
69938,MAVERIK COUNTRY STORE #388,US-60 & SR-77,Show Low,AZ,930,3.229,34.060117,-110.054633,city_centroid
69939,MAVERIK COUNTRY STORE #377,"I-15, EXIT 244 & US-6",Santaquin,UT,835,3.402,39.980356,-111.793819,city_centroid
69940,SAPP BROS TRAVEL CENTER,"I-49, EXIT 157",Harrisonville,MO,400,3.402,38.64193,-94.32852,city_centroid
69941,QUIKTRIP #949,"I-20 E, EXIT 406",Weatherford,TX,630,2.917,32.8435,-97.7047,city_centroid
69943,ASAP GENERAL STORE #313,US-81,Duncan,OK,483,3.132,34.507277,-97.940322,city_centroid
69944,TRUCK WORLD,"I-76, EXIT 57",North Jackson,OH,573,3.259,41.088044,-80.86225,city_centroid
69945,BP,"I-465, EXIT 49",Indianapolis,IN,375,3.799,39.775006,-86.109348,city_centroid
69946,KUM & GO #0119,"I-35, EXIT 214 & SR-105",Northwood,IA,433,3.116,43.450604,-93.241943,city_centroid
69947,THORNTONS #607,I-24 EXIT 62 & SR-171,Antioch,TN,460,2.899,36.06,-86.672222,city_centroid
69948,CIRCLE T,US-190/SR-21,Bryan,TX,670,3.459,30.632698,-96.36616,city_centroid
69949,THE CROSSING TRAVEL MARK,US-83 & SR-153,Winters,TX,575,3.041,31.962028,-99.955114,city_centroid
69952,HUTCH'S #120,"I-40, EXIT 25",Sayre,OK,483,2.984,35.304722,-99.642928,city_centroid
69954,Exxon,"I-80, EXIT 27A & US-46",Budd Lake,NJ,79,3.119,40.873108,-74.742552,city_centroid
69955,QUIKTRIP #1044,"I-85, EXIT 63 & SR-2180",Kannapolis,NC,46,3.154,35.502016,-80.635875,city_centroid
69957,LOVES TRAVE STOP #698,"I-75/SR-401, EXIT 153",Macon,GA,85,3.369,32.84386,-83.598686,city_centroid
69958,LOVES TRAVEL STOP #693,US-30/23 & SR-199,Upper Sandusky,OH,411,3.889,40.824876,-83.297711,city_centroid
69959,BISCUIT HILL TRAVEL PLAZA,"I-40, EXIT 192",Shawnee,OK,483,2.909,35.34907,-96.931321,city_centroid
69960,PILOT CENTER #1014- TOWN PUMP,"I-94, EXIT 213 & SR-16",Glendive,MT,807,3.419,47.100813,-104.728716,city_centroid
69962,LUFKIN TRAVEL PLAZA,US-59 & CR-819,Lufkin,TX,618,2.816,31.336004,-94.734185,city_centroid
69963,7 CLANS RED ROCK GASINO,US-177,Red Rock,OK,500,3.089,36.474754,-97.164021,city_centroid
69964,SHEETZ #621,"I-77 & US-70, Exit 49A",Statesville,NC,46,2.849,35.8381,-80.8842,city_centroid
69969,USA GAS,SR-47,Newfield,NJ,150,3.169,39.555257,-75.027558,city_centroid
69974,LOVES TRAVEL STOP #672,US-77BUS & FM-1945,Sinton,TX,625,3.149,28.033895,-97.519582,city_centroid
69975,LOVES TRAVEL STOP #703,US-50,South Hutchinson,KS,570,3.301,38.007306,-97.90814,city_centroid
69976,KWIK TRIP #583,"I-94, EXIT 89 & SR-23",Wisconsin Dells,WI,420,3.237,43.650789,-89.76652,city_centroid
69977,KWIK TRIP #855,US-12,Baraboo,WI,420,3.116,43.482531,-89.746168,city_centroid
69978,LOVES TRAVEL STOP #678,US-271,Paris,TX,630,3.366,33.658077,-95.537881,city_centroid
69979,LOVES TRAVEL STOP #681,"I-82/US-12, EXIT 80",Prosser,WA,925,4.589,46.223183,-119.771014,city_centroid
69980,RUTTERS #70,SR-896 & SR-741,Strasburg,PA,208,4.199,39.970075,-76.184824,city_centroid
69981,RANCHLAND GAS STATION,US-82,Benjamin,TX,770,3.299,33.583889,-99.791944,city_centroid
69982,RUTTERS #68,US-422 & SR-934,Annville,PA,70,4.299,40.345608,-76.544676,city_centroid
69983,MICKEY MART #57,US-250,Strasburg,OH,249,3.492,40.60028,-81.536646,city_centroid
69986,YESWAY #1061,US-180 & SR-137,Lamesa,TX,612,3.099,32.736677,-101.956914,city_centroid
69987,LOVES TRAVEL STOP #679,"I-90, EXIT 495 & SR-47",Hardin,MT,780,3.704,45.749843,-107.607457,city_centroid
69988,LOVES TRAVEL STOP #640,"I-43, EXIT 120 & CR-OK",Sheboygan,WI,444,3.289,43.740981,-87.724667,city_centroid
69989,LOVES TRAVEL STOP #677,US-45A,West Point,MS,615,3.259,33.626496,-88.68226,city_centroid
69990,LOVES TRAVEL STOP #691,US-50/93 & US-6,Ely,NV,910,3.649,39.309356,-114.878011,city_centroid
69991,WA SHE SHU TRAVEL PLAZA,US-395,Gardnerville,NV,966,3.699,38.898268,-119.726902,city_centroid
69992,KWIK TRIP #120,SR-15 & CR-4,Saint Cloud,MN,451,3.277,45.540972,-94.181857,city_centroid
69993,CEFCO #99,US-290,Giddings,TX,595,3.159,30.177725,-96.93322,city_centroid
69995,PILOT EXPRESS #1178,"I-10, EXIT 273",Tucson,AZ,980,3.219,32.213873,-110.969445,city_centroid
69996,YESWAY #1078,US-83 & SR-153,Winters,TX,575,2.999,31.962028,-99.955114,city_centroid
69998,CASEYS #3604,US-75,Hinton,IA,527,3.299,42.604046,-96.305033,city_centroid
69999,RUTTERS #71,"I-99, EXIT 28 & US-22",Duncansville,PA,14,4.099,40.426228,-78.43833,city_centroid
70001,LOVES TRAVEL STOP #690,US-23,Circleville,OH,315,3.789,39.598836,-82.929966,city_centroid
70002,LOVES TRAVEL STOP #699,US-49,Magee,MS,620,3.607,31.849513,-89.750325,city_centroid
70003,SPEEDWAY #2926,SR-837,Clairton,PA,165,3.926,40.298917,-79.910096,city_centroid
70004,SPEEDWAY #7775,US-23 & CR-192,Delaware,OH,315,3.619,40.293186,-83.072312,city_centroid
70007,FLYING J #1096,"I-95, EXIT 201 & CR-524",Cocoa,FL,143,3.699,28.367183,-80.746455,city_centroid
70008,Amigo's,"I-10, EXIT 661 & FM-609",Flatonia,TX,610,3.082,29.709493,-97.098685,city_centroid
70009,KWIK TRIP #661,SR-69 & BUS-11,Monroe,WI,420,3.362,42.599076,-89.6403,city_centroid
70010,Kwik Star #567,US-65 & SR-3,Hampton,IA,565,3.504,42.740531,-93.210954,city_centroid
70011,KWIK TRIP #279,"US-63, EXIT 59",Rochester,MN,515,3.549,44.049572,-92.48962,city_centroid
70012,MAVERIK COUNTRY STORE #549,"I-70, EXIT 283",Aurora,CO,800,3.186,39.736788,-104.864618,city_centroid
70014,PETRO-CARD 24 #919141,SR-179,Jamestown,MO,310,3.479,38.779292,-92.480651,city_centroid
70016,CASEYS #2743,SR-43/SR-2 & SR-66A,Palmyra,NE,413,3.199,40.704964,-96.399903,city_centroid
70017,PACIFIC PRIDE,I-79 & US-19,Morgantown,WV,430,3.459,39.6368,-80.018,city_centroid
70019,QUICKLEES #1,"I-390, EXIT 9 & SR-15",Avon,NY,190,3.999,42.903034,-77.727398,city_centroid
70022,SHEETZ #583,US-322 & SR-655,Reedsville,PA,14,3.416,40.672189,-77.611589,city_centroid
70024,KWIK TRIP #827,"I-41, EXIT 167",Green Bay,WI,582,3.499,44.485313,-88.016868,city_centroid
70025,SPEEDWAY #6245,SR-43,Carrollton,OH,249,3.559,40.578663,-81.081789,city_centroid
70026,SPEEDWAY #8883,I-80 EXIT 73,Peru,IL,293,3.149,41.333021,-89.126478,city_centroid
70027,SPEEDWAY #8851,SR-31,South Elgin,IL,293,3.559,41.996868,-88.298558,city_centroid
70028,LOVES TRAVEL STOP #697,"US-321, EXIT 37",Newton,NC,46,3.689,35.649766,-81.242546,city_centroid
70029,LOVES TRAVEL STOP #696,"I-10, EXIT 843",Beaumont,TX,610,3.294,30.068805,-94.103896,city_centroid
70030,SPEEDWAY #3991,"I-80 E, & I-94 E",Gary,IN,290,3.712,41.593333,-87.346389,city_centroid
70031,SPEEDWAY #8020,US-30,Upper Sandusky,OH,550,3.799,40.824876,-83.297711,city_centroid
70032,Kwik Star #569,US-20,Waterloo,IA,565,3.574,42.477784,-92.366099,city_centroid
70033,KWIK TRIP #111,SR-36 & CR-15,Stillwater,MN,448,3.541,45.050007,-92.830032,city_centroid
70034,SPEEDWAY #8799,I-55 EXIT 282A & SR-171,Bedford Park,IL,293,3.599,41.759444,-87.786667,city_centroid
70035,SPEEDWAY #8064,"I-55, EXIT 178 & SR-43",West Lafayette,IN,375,3.582,40.444025,-86.923661,city_centroid
70036,Speedway #3994,SR-38 & CR-21,West Chicago,IL,293,3.599,41.888558,-88.202168,city_centroid
70037,SPEEDWAY #8738,"I-70, EXIT 23 & SR-59",Brazil,IN,375,3.699,39.521041,-87.127767,city_centroid
70038,SPEEDWAY #1830,US-31,Grand Haven,MI,456,3.899,43.037838,-86.191227,city_centroid
70039,TEX-BEST #527,SR-162 & SR-16,Jourdanton,TX,747,2.921,28.902985,-98.544037,city_centroid
70040,TEX BEST #503,"I-35, EXIT 215 & CR-210",Kyle,TX,595,2.806,30.0043,-97.837106,city_centroid
70041,LOVES TRAVEL STOP #705,"I-64/SR-33, EXIT 211 & SR-609",Providence Forge,VA,180,3.889,37.425907,-77.071117,city_centroid
70042,Kwik Star #103,US-65,Iowa Falls,IA,565,3.374,42.513756,-93.270943,city_centroid
70043,KWIK TRIP #571,"I-35, EXIT 235 & SR-210",Carlton,MN,515,3.319,46.6484,-92.470984,city_centroid
70044,Thorntons #325,"I-94, EXIT 73B & US-6",South Holland,IL,365,3.699,41.597916,-87.593814,city_centroid
70049,KWIK STAR #581,"I-380, EXIT 17",Cedar Rapids,IA,380,3.541,41.9743,-91.655382,city_centroid
70050,KWIK TRIP #124,US-51,De Forest,WI,420,3.236,43.235748,-89.329652,city_centroid
70053,KWIK TRIP #964,"US-12, EXIT 250 & CR-M",Middleton,WI,420,3.529,43.105196,-89.507258,city_centroid
70054,KWIK TRIP #976,CR-241 & CR-ZZ,Oak Creek,WI,444,3.579,42.88916,-87.902661,city_centroid
70058,KWIK TRIP #590,CR-4 & CR-22,Rochester,MN,515,3.624,44.049572,-92.48962,city_centroid
70059,KWIK TRIP #118,US-2 & LAKESHORE DRIVE,Ashland,WI,334,3.699,46.577948,-90.876712,city_centroid
70062,KWIK TRIP #970,SR-164 & SR-59,Waukesha,WI,444,3.532,42.999304,-88.219559,city_centroid
70063,QUICK FUEL #2206,US-41,Marietta,GA,18,3.519,33.9043,-84.468,city_centroid
70066,KWIK TRIP #957,US-18 & CR-PD,Madison,WI,420,3.604,43.073,-89.3817,city_centroid
70067,KWIK TRIP #240,"I-94, EXIT 115 & CR-A",Black River Falls,WI,395,3.312,44.292101,-90.847952,city_centroid
70068,LOVES TRAVEL STOP #712,"I-44, EXIT 107",Newcastle,OK,483,3.426,35.245269,-97.621573,city_centroid
70069,CASEYS #3486,"I-49, EXIT 159",Harrisonville,MO,400,3.229,38.64193,-94.32852,city_centroid
70074,CASEYS #3430,US-71 & US-136/SR-46,Maryville,MO,400,3.137,40.343399,-94.873479,city_centroid
70075,KWIK TRIP #815,US-63 & SR-48,Cumberland,WI,295,3.624,45.5403,-92.029709,city_centroid
70076,PETRO-CARD 24 #910681,SR-32,Salem,MO,392,3.099,37.616952,-91.525809,city_centroid
70078,KWIK TRIP #573,I-94 & CR-EE,Eau Claire,WI,295,3.399,44.783972,-91.487686,city_centroid
70079,PILOT #1118,US-60,Clovis,NM,593,4.079,34.412585,-103.221391,city_centroid
70080,FLYING J #1117,SR-25,Rochester,IN,370,3.859,41.065493,-86.231007,city_centroid
70081,PILOT EXPRESS #1032,SR-7,Steubenville,OH,249,3.629,40.370638,-80.66115,city_centroid
70082,KWIK TRIP #588,US-51 & SR-70,Woodruff,WI,395,3.096,45.918583,-89.69545,city_centroid
70083,KWIK TRIP #596,US-14,Black Earth,WI,420,3.444,43.132213,-89.738974,city_centroid
70084,SPEEDWAY #4440,SR-131,Waukegan,IL,293,3.659,42.363611,-87.844722,city_centroid
70085,Pilot #1114,SR-83,Bensenville,IL,290,3.389,41.9536,-87.935,city_centroid
70087,PILOT EXPRESS  #1098,"I-95, EXIT 14",Newark,NJ,105,3.999,40.7308,-74.1744,city_centroid
70088,KWIK TRIP #138,SR-13,Park Falls,WI,395,3.147,45.936345,-90.424648,city_centroid
70090,SPEEDWAY #7111,"I-40, EXIT 143 & SR-13",Hurricane Mills,TN,460,3.032,35.974859,-87.767129,city_centroid
70091,SPEEDWAY #7503,I-70 & I-57 EXIT 159,Effingham,IL,293,3.199,39.121727,-88.561105,city_centroid
70093,LOVES TRAVEL STOP #694,US-45/SR-5 & SR-57,Ramer,TN,435,3.462,35.064181,-88.601733,city_centroid
70095,LOVES TRAVEL STOP #713,US-380 & FM-1304,Bridgeport,TX,630,2.949,33.187027,-97.78098,city_centroid
70096,LOVES TRAVEL STOP #661,US-65 & SR-81,Pine Bluff,AR,695,3.319,34.215405,-91.995812,city_centroid
70097,KWIK TRIP #112,SR-32 & SR-23,Sheboygan Falls,WI,444,3.292,43.726598,-87.824228,city_centroid
70098,KWIK TRIP #110,US-2,Ashland,WI,334,3.699,46.577948,-90.876712,city_centroid
70099,QUIKTRIP #1883,"I-35, EXIT 497 & US-82",Gainesville,TX,253,2.976,33.625943,-97.103208,city_centroid
70100,LOVES TRAVEL STOP #718,"I-65, EXIT 158",Hope Hull,AL,720,3.266,32.224256,-86.393189,city_centroid
70104,LOVES TRAVEL STOP #649,"I-76/US-6, EXIT 89",Brush,CO,800,4.089,40.260255,-103.62788,city_centroid
70105,LOVES TRAVEL STOP #708,"I-75, EXIT 314 & CR-48",Bushnell,FL,225,3.296,28.661062,-82.155297,city_centroid
70106,LOVES TRAVEL STOPS #719,"I-35, EXIT 308",Troy,TX,765,3.159,31.175855,-97.285205,city_centroid
70107,LOVES TRAVEL STOP #711,"I-71, EXIT 165 & SR-97",Bellville,OH,315,3.709,40.613604,-82.517516,city_centroid
70108,RICKY ROCKETS FUEL CENTER,SR-50 & SR-83,Midlothian,IL,291,3.099,41.634106,-87.732418,city_centroid
70111,KWIK TRIP #557,"I-39, EXIT 126 & CR-V",De Forest,WI,420,3.311,43.235748,-89.329652,city_centroid
70117,RUTTERS #72,"I-81, EXIT 16 & US-30",Saint Thomas,PA,70,4.399,39.924052,-77.7908,city_centroid
70118,SPEEDWAY #7118,US-41,Smyrna,TN,460,3.016,35.965611,-86.504818,city_centroid
70122,Circle K #2709301,SR-67,Decatur,AL,615,3.899,34.589599,-86.98868,city_centroid
70124,TA Express Lamar,US-50/385,Lamar,CO,525,3.439,38.084136,-102.619195,city_centroid
70125,SPEEDWAY #7391,I-76 EXIT 232,North Lima,OH,305,3.699,40.964866,-80.654911,city_centroid
70126,SPEEDWAY #3535,"I-71,EXIT 165 & SR-97",Bellville,OH,315,3.599,40.613604,-82.517516,city_centroid
70127,SPEEDWAY #2929,"US-22, US-119",New Alexandria,PA,165,3.972,40.398112,-79.396594,city_centroid
70128,CIRCLE K #4703913,"I-40 E, EXIT 87",Jackson,TN,460,3.349,35.610222,-88.814011,city_centroid
70130,SIDE TRACK,SR-57,Wrightsville,GA,85,3.316,32.721866,-82.726206,city_centroid
70131,THORNTONS #323,SR-64,Lombard,IL,290,3.299,41.872139,-88.015988,city_centroid
70135,KUM & GO #1455,"I-44, EXIT 130",Lebanon,MO,535,3.092,37.685049,-92.655029,city_centroid
70136,FUEL CITY SAGINAW,CR-156,Fort Worth,TX,630,2.966,32.7469,-97.3268,city_centroid
70137,RUTTERS #8,"I-83, EXIT 14 & SR-182",York,PA,70,4.199,39.963539,-76.726887,city_centroid
70140,CASEYS #3593,SR-7 & US-50,North Vernon,IN,375,3.592,39.001763,-85.627216,city_centroid
70142,ONVO TRAVEL PLAZA - AVIS,"US-220, EXIT 118",Avis,PA,138,3.539,41.184722,-77.314167,city_centroid
70143,KWIK TRIP #104,"I-94, HWY-24, EXIT 178",Clearwater,MN,448,3.277,45.387694,-94.045246,city_centroid
70144,LOVES TRAVEL STOP #635,"I-49, EXIT 24 & SR-282",Alma,AR,645,3.459,35.500043,-94.207337,city_centroid
70145,MAVERIK COUNTRY STORE #578,US-26 & US-91,Idaho Falls,ID,825,3.402,43.517679,-111.990626,city_centroid
70146,MAVERIK COUNTRY STORE #567,"I-90, EXIT 291A",Spokane,WA,970,3.969,47.666485,-117.436527,city_centroid
70150,LOVES TRAVEL STOP #704,"I-29, EXIT 35B & US-34",Pacific Junction,IA,319,3.789,41.027123,-95.804645,city_centroid
70151,LOVES TRAVEL STOP #721,"I-45, EXIT 246 & FM-1183",Ennis,TX,630,3.036,32.332102,-96.622363,city_centroid
70154,Stinker,"US-34, CR-56",Kersey,CO,800,3.499,40.396305,-104.528768,city_centroid
70155,MARATHON,"US-24, I-96 EXIT 179",Redford,MI,549,4.999,42.375554,-83.28895,city_centroid
70156,MAVERIK COUNTRY STORE #348,"US-91, SR-130",Cedar City,UT,791,3.452,37.689544,-113.074513,city_centroid
70157,LOVES TRAVEL STOP #702,US-63,Waterloo,IA,565,3.769,42.477784,-92.366099,city_centroid
70158,FLYING J #1068,"I-26, EXIT 194 & SR-16",Summerville,SC,42,3.509,33.028045,-80.173852,city_centroid
70159,LOVES TRAVEL STOP #717,US-460 & SR-156,Disputanta,VA,180,3.562,37.148268,-77.273172,city_centroid
70160,COMMON CENTS #212,I-90 & SR-337,Sheridan,WY,836,3.561,44.78486,-106.964795,city_centroid
70162,PILOT #1049,US-58,Suffolk,VA,130,3.899,36.866823,-76.559811,city_centroid
70163,KWIK TRIP #598,SR-23,Paynesville,MN,451,3.399,45.398798,-94.715709,city_centroid
70164,ONVO TRAVEL PLAZA - BLAKESLEE,I-80 EXIT 284,Blakeslee,PA,200,3.566,41.048502,-75.534309,city_centroid
70168,KWIK TRIP #575,CR-75,Saint Joseph,MN,451,3.302,45.565124,-94.336688,city_centroid
70169,ROCKING Oil,SR-21,Caldwell,TX,670,3.099,30.529819,-96.714292,city_centroid
70170,LOVES TRAVEL STOP #716,SR-3005,Elizabethtown,KY,460,3.599,37.706973,-85.858977,city_centroid
70171,CITGO HERITAGE RIDGE,US-151 & SR-26,Waupun,WI,582,3.147,43.632441,-88.737253,city_centroid
70172,MACH 1 #3,I-57 & SR-14,Benton,IL,540,3.379,37.99998,-88.922659,city_centroid
70174,LOVES TRAVEL STOP #701,"I-69, EXIT 176",Capac,MI,342,3.949,43.019976,-82.925188,city_centroid
70176,MAVERIK COUNTRY STORE #565,I-84,Boise,ID,785,3.396,43.6154,-116.2161,city_centroid
70177,MAVERIK COUNTRY STORE #497,US-160 & SR-145,Cortez,CO,614,3.416,37.354949,-108.583726,city_centroid
70179,WORKMANS TRAVEL CENTER,"I-49, EXIT 78 & SR-264",Lowell,AR,645,3.402,36.243318,-94.082725,city_centroid
70180,Gulf,SR-83,Bensenville,IL,297,3.059,41.9536,-87.935,city_centroid
70181,CIRCLE K #2723778,US-501 & SR-78/CR-1303,Sanford,NC,177,3.049,35.464148,-79.176446,city_centroid
70182,SHELL,US-169,Blue Earth,MN,425,3.299,43.639426,-94.092379,city_centroid
70183,PILOT # 1134,US-285 & CR-652,Orla,TX,593,3.759,31.825,-103.908333,city_centroid
70185,PILOT # 1147,SR-302,Kermit,TX,710,3.256,31.85496,-103.091269,city_centroid
70187,PILOT # 1146,I-20 & SR-17,Pecos,TX,710,3.466,31.414384,-103.508129,city_centroid
70188,KUM & GO #0890,I-44 (WESTBOUND),Vinita,OK,560,3.059,36.633353,-95.138164,city_centroid
70189,HUDSON IRVING 24,SR-3A,Hudson,NH,34,3.799,42.769038,-71.412144,city_centroid
70190,LOVES TRAVEL STOP #726,I-25 EXIT 191,Belen,NM,580,3.522,34.645562,-106.761215,city_centroid
70191,LOVES TRAVEL STOP #734,"I-44, EXIT 5 & US-70",Randlett,OK,770,3.121,34.174045,-98.459974,city_centroid
70192,LOVES TRAVEL STOP #720,"I-49, EXIT 94 & SR-1",Boyce,LA,730,3.174,31.321601,-92.686681,city_centroid
70207,PILOT TRAVEL CENTERS #1344,I-20 EXIT 425,Fort Worth,TX,630,2.909,32.7469,-97.3268,city_centroid
70208,GOLDEN GATE PETRO,SR-648,Sparks,NV,966,3.986,39.547254,-119.755588,city_centroid
70209,PUMP N PETES #42,"I-49, EXIT 66 & CR-K",Jasper,MO,416,3.199,37.318224,-94.273126,city_centroid
70210,CASEYS #3889,SR-29 & CR-1350,Henry,IL,368,3.349,41.111543,-89.374328,city_centroid
70214,RACETRAC #688,I-20 & SR-6,Lithia Springs,GA,18,2.972,33.793889,-84.660556,city_centroid
70216,PILOT #1110,I-25 & SR-105,Monument,CO,803,3.579,39.100726,-104.85416,city_centroid
70217,MR GAS #20,I-84 EXIT 165,Jerome,ID,785,3.407,42.71784,-114.501244,city_centroid
70218,LOVES TRAVEL STOP #725,I-69 & SR-260,Hanson,KY,490,3.599,37.438246,-87.475135,city_centroid
70219,LOVES TRAVEL STOP #709,US-59 & SR-116,Lufkin,TX,610,3.649,31.336004,-94.734185,city_centroid
70220,LOVES TRAVEL STOP #497,"I-40, EXIT 154 & US-64",Statesville,NC,46,3.689,35.8381,-80.8842,city_centroid
70221,PILOT #1092,CR-70 E,Cedar Rapids,IA,380,3.779,41.9743,-91.655382,city_centroid
70222,GOOD TO GO #45,"US-52 & SR-55, SR-18",Fowler,IN,375,3.699,40.625511,-87.309019,city_centroid
70223,SPEEDWAY #8749,"I-75, EXIT 116",Flint,MI,342,3.089,43.0233,-83.6856,city_centroid
70224,GOLDEN GATE PETROLEUM,I-70 EXIT 42,Palisade,CO,810,3.549,39.103178,-108.367977,city_centroid
70225,Union 76 Pilot,US-130,Riverton,NJ,105,3.999,40.011389,-75.015278,city_centroid
70227,LOVES TRAVEL STOP #724,"I-75, EXIT 414 & US-41",Lake City,FL,225,3.339,30.0949,-82.7117,city_centroid
70229,TA EXPRESS HENDERSON #969,I-11 EXIT 15A,Henderson,NV,910,3.639,35.992678,-114.951684,city_centroid
70232,RUTTERS #73,"I-81, EXIT 8 & CR-32",Inwood,WV,70,3.659,39.370093,-78.024189,city_centroid
70233,RUDS,SR-31 & I-94 EXIT 127,New Salem,ND,390,3.499,46.851248,-101.424453,city_centroid
70236,LOVES TRAVEL STOP #733,"I-25, EXIT 347",Las Vegas,NM,580,3.489,35.594862,-105.227162,city_centroid
70238,ROAD RANGER #275,"I-10, EXIT 400 & US-277",Sonora,TX,740,3.549,30.555752,-100.630667,city_centroid
70239,GOOD 2 GO #717,"I-25, EXIT 145",Colorado Springs,CO,803,3.479,38.8335,-104.8206,city_centroid
70240,MAVERIK COUNTRY STORE #370,"I-15, EXIT 10",Saint George,UT,910,3.542,37.106651,-113.595261,city_centroid
70241,MAVERIK COUNTRY STORE #460,SR-88,Minden,NV,966,3.526,39.021766,-119.731363,city_centroid
70242,ROAD RANGER #276,"I-35, EXIT 342A",Waco,TX,765,3.049,31.552452,-97.139608,city_centroid
70243,CASEYS #4415,US-68 & US-31W /SR-526,Bowling Green,KY,460,2.999,37.007874,-86.455891,city_centroid
70245,YESWAY #1168,US-287 & CR-368,Iowa Park,TX,770,2.889,33.94235,-98.674497,city_centroid
70246,7-Eleven #37565,SR-944 & SR-9,Miami,FL,95,3.249,25.779,-80.1982,city_centroid
70247,EXXON DBA ONE9 #1416,I-20 EXIT 458,Dallas,TX,630,2.992,32.790439,-96.80439,city_centroid
70249,Caseys #4466,US-231 & SR-100,Scottsville,KY,460,3.312,36.761437,-86.192863,city_centroid
70251,Marathon,SR-42 & US-49,Hattiesburg,MS,620,3.032,31.314553,-89.306471,city_centroid
70254,LOVES TRAVEL STOP #732,I-70 & CR-829,Abilene,KS,523,3.762,38.937144,-97.20632,city_centroid
70255,J&H  FAMILY STORE #152,SR-55,Cadillac,MI,344,3.259,44.250447,-85.430046,city_centroid
70256,PILOT TRAVEL CENTER #1128,SR-60,Bartow,FL,140,3.599,27.895664,-81.812684,city_centroid
70257,LOVES TRAVEL STOP #739,I-2,Donna,TX,639,3.649,26.167138,-98.052925,city_centroid
70258,CASEYS #3677,US-59 & SR-30,Slayton,MN,530,3.299,43.985596,-95.755448,city_centroid
70262,ASAP GENERAL STORE #332,US-70 & US-377,Madill,OK,569,3.016,34.07126,-96.787258,city_centroid
70263,ENMARKET #769,US-301,Statesboro,GA,195,3.699,32.440841,-81.773956,city_centroid
70265,Speedee Mart # 2875,I-80 & CR-238,Milford,NE,413,3.432,40.763153,-97.05763,city_centroid
70266,PILOT #1161,I-20,Odessa,TX,710,3.566,31.8465,-102.3663,city_centroid
70267,LOVES TRAVEL STOP #728,"I-5, EXIT 238 & SR-164",Albany,OR,935,3.847,44.627722,-123.094409,city_centroid
70268,CASEYS #3396,SR-92 & SR-149,Sigourney,IA,380,3.362,41.330071,-92.201888,city_centroid
70269,CASEYS #3589,"I-29, EXIT 2",North Sioux City,SD,527,3.059,42.532706,-96.50761,city_centroid
70270,CASEYS #3685,US-50/US400  & SR-25,Lakin,KS,525,3.192,37.938197,-101.271297,city_centroid
70271,CASEYS #1160,US-20,Plainview,NE,470,3.229,42.346701,-97.778615,city_centroid
70273,SPEEDWAY #5457,"I-264 E, EXIT 14 & SR-864 N",Louisville,KY,415,3.029,38.2435,-85.7639,city_centroid
70274,Kwik Star #920,US-18 & US-69,Garner,IA,433,3.399,43.114395,-93.594394,city_centroid
70276,STAR EXPRESS #5,US-301 & SR-648,Petersburg,VA,180,3.049,37.220001,-77.432594,city_centroid
70277,KWIK TRIP #595,SR-46,Amery,WI,448,3.561,45.325238,-92.361527,city_centroid
70278,KWIK TRIP #923,"I-41, EXIT 146 & CR-N",Little Chute,WI,582,3.269,44.284248,-88.311989,city_centroid
70279,KWIK TRIP #926,SR-19 & SR-21,New Prague,MN,448,3.291,44.540239,-93.580473,city_centroid
70280,LOVES TRAVEL STOP #668,"I-25, EXIT 250 & SR-56",Berthoud,CO,800,3.391,40.299333,-105.105459,city_centroid
70281,LOVES TRAVEL STOP #645,"I-75, EXIT 18",Monroe,MI,325,3.239,41.92751,-83.404848,city_centroid
70282,PLEASANT SPRINGS TRAVEL,"I-39, EXIT 147 & CR-N",Cottage Grove,WI,420,3.391,43.078405,-89.201692,city_centroid
70283,SPEEDWAY #3996,US-12 & SR-120,Round Lake,IL,293,3.399,42.366809,-88.088819,city_centroid
70284,ROBINSON CORINTH IRVING,"I-395 N, EXIT 3",Corinth,ME,170,3.932,44.983655,-69.008532,city_centroid
70285,IRVING MAINWAY,SR-16 E,Dover Foxcroft,ME,170,3.866,45.18774,-69.204472,city_centroid
70286,ROBINSONS IRVING,SR-7,Corinna,ME,170,3.932,44.926045,-69.232341,city_centroid
70287,LOVES TRAVEL STOP #710,US-31 & SR 28,Tipton,IN,457,3.847,40.281725,-86.043291,city_centroid
70291,LOVES TRAVEL STOP #723,"I-80, EXIT 310 & CR-322",Laramie,WY,795,3.616,41.312907,-105.581146,city_centroid
70292,FLYING J #1171,I-15,Mesquite,NV,910,3.706,36.8055,-114.0663,city_centroid
70293,KWIK TRIP #922,US-8,Cameron,WI,295,3.664,45.403836,-91.730992,city_centroid
70295,SPEEDWAY #8080,I-69 & US-20,Angola,IN,465,3.599,41.656321,-85.019803,city_centroid
70296,MAVERIK COUNTRY STORE #573,SR-68 & SR-154,Riverton,UT,835,3.136,40.53789,-111.954661,city_centroid
70297,KWIK STAR #509,SR-169 & BUS-20,Fort Dodge,IA,433,3.202,42.508817,-94.180737,city_centroid
70298,LOVES TRAVEL STOP #740,"I-95, EXIT 38 & SR-68",Yemassee,SC,42,3.419,32.642983,-80.812932,city_centroid
70299,Mr Fuel dba Pilot Express #1149,"I-295, EXIT 41 & SR-105",Jacksonville,FL,75,3.239,30.0759,-81.5803,city_centroid
70300,PILOT #1194,I-10 & US-60,Phoenix,AZ,930,6.039,33.451,-112.0685,city_centroid
70301,GOLDEN GATE TRUCKSTOP,I-80 & SR-535,Elko,NV,787,3.599,40.826247,-115.724679,city_centroid
70302,KWIK TRIP #117,CR-9 & CR-4,Duluth,MN,334,3.499,47.094431,-91.846731,city_centroid
70303,Kwik Star #1004,US-63,Waterloo,IA,565,3.574,42.477784,-92.366099,city_centroid
70304,Rusty Lantern,"I-95, EXIT 109A & SR-202",Augusta,ME,170,3.887,44.323228,-69.766548,city_centroid
70305,LOVES TRAVEL STOP #737,I-40/US-270,El Reno,OK,483,3.344,35.533468,-97.959091,city_centroid
70306,KWIK STAR #1001,US-6,Newton,IA,320,3.249,41.699173,-93.045456,city_centroid
70307,KWIK TRIP #592,"I-35, EXIT 159 & CR-1",Rush City,MN,451,3.377,45.684496,-92.997876,city_centroid
70308,KWIK TRIP #946,SR-32,Pulaski,WI,582,3.457,44.66112,-88.263447,city_centroid
70309,PILOT #1165,SR-18 & SR-128,Jal,NM,593,3.366,32.112816,-103.199724,city_centroid
70310,LANCASTER CONVENIENCE,US-2 & US-70,Lancaster,MA,34,3.706,42.450984,-71.686831,city_centroid
70311,RACING MART,SR-8,Adams,MA,215,3.699,42.622319,-73.117225,city_centroid
70313,Flyer's #3207,"SR-143, EXIT 2",Phoenix,AZ,930,3.389,33.451,-112.0685,city_centroid
70314,CASEYS #2721,US-34,Lincoln,NE,413,3.336,40.8169,-96.7103,city_centroid
70318,LOVES TRAVEL STOP #738,"I-30/US-67, EXIT 122 & SR-19/SR-11",Sulphur Springs,TX,723,3.309,33.134541,-95.592161,city_centroid
70319,SPEEDWAY #3650,"I-76, EXIT 11 & SR-261",Wadsworth,OH,305,3.699,41.038375,-81.737373,city_centroid
70320,SPEEDWAY #7177,"I-24, EXIT 158 & SR-27",Jasper,TN,285,3.014,35.066603,-85.614737,city_centroid
70321,PILOT TRAVEL CENTER #1132,SR-171 & SR-78,Brawley,CA,900,4.759,32.979181,-115.529613,city_centroid
70322,INDIAN HILL IRVING,SR 6,Greenville,ME,170,3.866,45.471566,-69.584376,city_centroid
70323,LOVES TRAVEL STOP #750,I-74 EXIT 206,Oakwood,IL,280,3.389,40.116656,-87.7825,city_centroid
70324,LOVES TRAVEL STOP #729,CR-17 & US-20,Goshen,IN,465,3.722,41.584484,-85.837988,city_centroid
70325,KWIK STAR #927,US-169 & US-169 BUS/US-20 BUS,Fort Dodge,IA,433,3.202,42.508817,-94.180737,city_centroid
70326,PILOT #1207,"I-20, EXIT 79 & SR-464",Monahans,TX,710,3.466,31.581294,-102.900273,city_centroid
70328,Thorntons #7,US-12 & US-45,Franklin Park,IL,290,3.329,41.933878,-87.873423,city_centroid
70329,1 STOP TRAVEL PLAZA,US-14 & US-83,Pierre,SD,571,3.382,44.369514,-100.321057,city_centroid
70331,LOVES TRAVEL STOP #707,"I-64, EXIT 21",Covington,VA,185,3.649,37.784203,-80.003176,city_centroid
70333,KWIK STAR #932,"I-80, EXIT 143 & CR-S14",Altoona,IA,320,2.959,41.647549,-93.472415,city_centroid
70334,KWIK TRIP #1021,SR-11 & CR-E,Brodhead,WI,420,3.416,42.611074,-89.371409,city_centroid
70336,SPEEDWAY #3962,"I-39,  EXIT 3 & SR-9",Roscoe,IL,293,3.469,42.421659,-88.99433,city_centroid
70337,LOVES TRAVEL STOP #700,I-10 EXIT 404 & SR-467,Sonora,TX,710,3.647,30.555752,-100.630667,city_centroid
70338,LOVES TRAVEL STOP #747,"I-75, EXIT 90",Sidney,OH,411,3.346,40.287357,-84.162223,city_centroid
70340,PIT STOP,SR-53 & SR-74,Joliet,IL,399,3.499,41.527154,-88.08241,city_centroid
70341,LOVES TRAVEL STOP #741,US-29,Reidsville,NC,65,3.999,36.343209,-79.664212,city_centroid
70342,AF TRUCK CENTER,"I-294, EXIT 33 & SR-64",Melrose Park,IL,293,3.459,41.900347,-87.858066,city_centroid
70343,PILOT TRAVEL CENTER #1103,"I-5, EXIT 208 & SR-530",Arlington,WA,962,4.559,48.18293,-122.112126,city_centroid
70344,KWIK TRIP #928,US-169,Princeton,MN,451,3.399,45.585115,-93.596143,city_centroid
70345,LOVES TRAVEL STOP #742,"I-196, EXIT 52",Holland,MI,406,4.089,42.7875,-86.108889,city_centroid
70346,Kwik Star #924,SR-17 & US-20 EXIT 140,Webster City,IA,433,3.202,42.465682,-93.826216,city_centroid
70349,WEIGELS #90,SR-139 & SR-66,Kodak,TN,405,3.199,35.972215,-83.617111,city_centroid
70350,CIRCLE K #2741859,CR-802,Brownsville,TX,665,3.029,25.933743,-97.517413,city_centroid
70351,MAVERIK COUNTRY STORE #606,US-91,Franklin,ID,825,3.579,42.030389,-111.822862,city_centroid
70352,KWIK TRIP #1019,CR-5 & SR-65,Isanti,MN,448,3.474,45.468212,-93.226565,city_centroid
70353,ASAP General Store #314,"US-62, US-81, SR-9",Chickasha,OK,483,3.132,35.026751,-97.951847,city_centroid
70357,Certified Oil #400489,"I-71, EXIT 104",Columbus,OH,315,3.409,40.105155,-83.010069,city_centroid
70358,FOOD N FUEL #25,SR-15 & US-12,Milbank,SD,248,3.369,45.206127,-96.62548,city_centroid
70359,PILOT # 1185,"I-15, EXIT 9   3",Littlefield,AZ,910,3.689,36.866524,-113.913693,city_centroid
70360,MAVERIK COUNTRY STORE #595,"I-84, EXIT 28",Caldwell,ID,785,3.369,43.662719,-116.700038,city_centroid
70361,MAVERIK COUNTRY STORE #599,US-89 & CR-122,Thayne,WY,825,3.669,42.933026,-111.011354,city_centroid
70366,FAST STOP,US-41,Escanaba,MI,360,3.399,45.76587,-87.088985,city_centroid
70371,KENT KWIK #440,US-277,Haskell,TX,575,3.539,33.157993,-99.730923,city_centroid
70373,KWIK TRIP #791,US-45 & SR-54,New London,WI,582,3.484,44.392847,-88.755428,city_centroid
70374,LOVES TRAVEL STOP #746,I-72 & SR-121,Decatur,IL,280,3.449,39.827137,-88.925984,city_centroid
70375,QUIKTRIP #1853,US-81,Decatur,TX,630,2.899,33.235077,-97.573995,city_centroid
70376,QUIKTRIP #1935,SR-183,Dallas,TX,630,2.976,32.790439,-96.80439,city_centroid
70377,WEIGELS #81,I-81 & SR-32,Morristown,TN,405,3.259,36.195672,-83.275519,city_centroid
70379,SPEEDWAY #7209,US-411 & SR-20,Cartersville,GA,18,3.116,34.186975,-84.820401,city_centroid
70380,LOVES TRAVEL STOP #714,"I-85, EXIT 29",Charlotte,NC,46,3.522,35.2269,-80.8433,city_centroid
70383,SPEEDWAY #4400,I-10 & SR-59,Loxley,AL,715,3.282,30.617964,-87.75624,city_centroid
70385,LONGHORN EXPRESS,US-70,Ardmore,OK,253,3.009,34.176681,-97.134157,city_centroid
70388,PILOT #1205,"I-20, EXIT 80",Monahans,TX,710,3.466,31.581294,-102.900273,city_centroid
70389,PILOT #1145,SR-191,Midland,TX,710,3.566,31.989636,-102.06261,city_centroid
70390,FLYING J #1206,SR-302 & CR-313,Kermit,TX,710,3.256,31.85496,-103.091269,city_centroid
70391,MACH 1 #12,I-57 EXIT 65,West Frankfort,IL,510,3.199,37.897914,-88.930724,city_centroid
70403,MAVERIK COUNTRY STORE #607,"I-90, EXIT 1",Post Falls,ID,970,3.376,47.720475,-116.935349,city_centroid
70404,MAVERIK COUNTRY STORE #602,"I-25 EXIT, 138",Colorado Springs,CO,803,3.289,38.8335,-104.8206,city_centroid
70405,LOVES TRAVEL STOP #760,SR-18 & SR-234,Eunice,NM,593,3.329,32.439225,-103.159407,city_centroid
70406,LOVES TRAVEL STOP #754,SR-251,Rochelle,IL,520,3.749,41.928156,-89.071035,city_centroid
70407,BOLLA MARKET,"I-495, EXIT 57",Islandia,NY,83,3.539,40.790556,-73.202222,city_centroid
70408,BOLLA MARKET,"I-495, EXIT 64",Medford,NY,83,3.539,40.817416,-72.985214,city_centroid
70409,SPEEDWAY #6512,"I-196, EXIT 49 & SR-40",Holland,MI,456,3.899,42.7875,-86.108889,city_centroid
70410,SPEEDWAY #4107,I-285 & US-78,Stone Mountain,GA,18,3.529,33.794233,-84.201754,city_centroid
70411,MARATHON,SR-72,Elberton,GA,16,3.899,34.108202,-82.844765,city_centroid
70413,CASEYS #3782,US-169 & SR-2,Mount Ayr,IA,320,3.164,40.7142,-94.232146,city_centroid
70415,GARDEN TRUCK STOP,SR-55 /EXIT 35,Vineland,NJ,150,3.999,39.48177,-75.009087,city_centroid
70416,ALLSUPS CONVENIENCE STORE #2361,US-54 & US-287,Stratford,TX,585,2.957,36.33349,-101.988568,city_centroid
70417,CASEYS #3434,US-63,Denver,IA,565,3.499,42.673137,-92.341701,city_centroid
70419,FUEL AMERICA TRAVEL CENTER,I-35 EXIT 24,Laredo,TX,693,3.099,27.515538,-99.498579,city_centroid
70420,Circle K #2709302,SR-67,Decatur,AL,615,3.507,34.589599,-86.98868,city_centroid
70421,CASEYS #3581,US-62/US-67,Corning,AR,695,3.282,36.415532,-90.58702,city_centroid
70422,CIRCLE K #2741675,"I-10, EXIT 134",Tolleson,AZ,930,3.519,33.434686,-112.277444,city_centroid
70423,LOVES TRAVEL STOP #763,I-90 & US-20,Hampshire,IL,290,3.449,42.080748,-88.517033,city_centroid
70424,LOVES TRAVEL STOP #743,"I-75, EXIT 144A",Bridgeport,MI,260,3.279,43.355309,-83.854906,city_centroid
70425,LOVES TRAVEL STOP #731,"I-79, EXIT 105 & SR-108",Slippery Rock,PA,165,4.249,41.045412,-80.046847,city_centroid
70426,BISHOPS TRAVEL CENTER,US-27,Attapulgus,GA,20,3.699,30.748889,-84.483889,city_centroid
70427,PARKERS #64 (DISCOUNT AVAILABLE),SR-307,Savannah,GA,195,3.032,32.067631,-81.102394,city_centroid
70428,PARKERS #63 (DISCOUNT AVAILABLE),US-301,Jesup,GA,195,3.116,31.604326,-81.88706,city_centroid
70429,BP,SR-76,Adel,GA,10,2.969,31.125143,-83.421346,city_centroid
70430,SPRINT FOODS #715,I-520 & SR-56,Augusta,GA,135,3.192,33.460084,-81.972959,city_centroid
70431,TA EXPRESS HOLSTEIN #941,I-20 E,Holstein,IA,527,3.559,42.494779,-95.564971,city_centroid
70432,GAS N WASH,SR-43,Frankfort,IL,365,3.499,41.509361,-87.824774,city_centroid
70433,GAS N WASH,SR-126,Plainfield,IL,290,3.599,41.600884,-88.199391,city_centroid
70434,HUCKS FOOD & FUEL #371,SR-148 & SR-142,Mount Vernon,IL,340,3.099,38.317014,-88.910525,city_centroid
70436,CASEYS #3492,US-36,Marysville,KS,413,3.299,39.842827,-96.642183,city_centroid
70437,Thorntons #155,"SR-1020 N, & SR1065 E",Louisville,KY,415,2.906,38.2435,-85.7639,city_centroid
70438,BREAU BRIDGE TRUCKSTOP AND CASINO,SR-94,Breaux Bridge,LA,730,3.229,30.274955,-91.905899,city_centroid
70439,CHEVRON,I-20 & SR-151,Arcadia,LA,590,3.189,32.555643,-92.924529,city_centroid
70440,MOUND MINI MART,I-696,Warren,MI,325,3.699,42.5159,-82.9824,city_centroid
70441,BREAK TIME #3165,US-50 & SR-13,Warrensburg,MO,400,3.292,38.766695,-93.727341,city_centroid
70442,GOLDEN GATE PETRO,I-580 & US-50,Carson City,NV,966,3.599,39.089147,-119.782899,city_centroid
70443,GLUCKSTADT FLEETWAY,"I-55, EXIT 112",Madison,MS,760,3.199,32.467065,-90.108744,city_centroid
70445,CASEYS #3514,SR-1,Oakes,ND,341,3.382,46.128796,-98.099339,city_centroid
70446,ALLSUPS CONVENIENCE STORE #2220,US-285,Loving,NM,640,3.599,32.274034,-104.091376,city_centroid
70447,84 QUIK STOP,"I-84, EXIT 3 & US-6",New Hampton,NY,120,3.459,41.362714,-74.443483,city_centroid
70448,CIRCLE K #4707623,"I-81, EXIT 31",Brewerton,NY,220,4.089,43.225194,-76.135132,city_centroid
70450,QUEENSBURY,SR-149,Queensbury,NY,12,3.789,43.328983,-73.681846,city_centroid
70452,LOVES TRAVEL STOP #749,SR-78,Westmorland,CA,900,4.779,33.041058,-115.630723,city_centroid
70453,MARIETTA PETROLEUM,"I-35, EXIT 15 & SR-32",Marietta,OK,253,2.922,33.943099,-97.114801,city_centroid
70454,DANDY MINI MART #36,US-220,Monroeton,PA,200,4.032,41.699387,-76.500995,city_centroid
70455,RUTTERS #37,US-332/US-22 & SR-75,Mifflintown,PA,70,4.099,40.572666,-77.376119,city_centroid
70456,RUTTERS #67,SR-16 & SR-75,Mercersburg,PA,70,4.399,39.819519,-77.907259,city_centroid
70457,RUTTERS #15,"I-83, EXIT 22 & SR-4009",York,PA,70,4.199,39.963539,-76.726887,city_centroid
70458,STOP-A MINIT,US-25 & SR-418,Pelzer,SC,30,2.899,34.646063,-82.467334,city_centroid
70459,GET N GO #22,I-90 & SR-115,Sioux Falls,SD,530,2.939,43.6017,-96.7051,city_centroid
70460,ALLSUPS CONVENIENCE STORE #2371,US-87,San Angelo,TX,612,3.206,31.478165,-100.481752,city_centroid
70461,CIRCLE K #2741074,I-35 & FM-1103,New Braunfels,TX,740,2.844,29.694733,-98.113041,city_centroid
70463,CIRCLE K #2741496,US-290,Chappell Hill,TX,670,2.999,30.183271,-96.234739,city_centroid
70464,GOLDEN GATE PETEROLEUM 24 RD,US-6,Grand Junction,CO,810,3.539,39.078326,-108.545692,city_centroid
70466,Circle K #2741925,SR-19,Trinity,TX,670,2.899,30.941951,-95.340295,city_centroid
70467,QUIKTRIP #598,"I-80, EXIT 439, SR-370",Omaha,NE,486,2.927,41.168343,-96.209633,city_centroid
70468,CIRCLE K #2741325,I-14 & SR-121,Belton,TX,765,2.886,31.072298,-97.472025,city_centroid
70469,TA EXPRESS #286,I-30 & SR-423,Mount Vernon,TX,637,3.299,33.170204,-95.218106,city_centroid
70472,SHELL/ONE9 #1304,I-820 & CR-156,Fort Worth,TX,630,2.892,32.7469,-97.3268,city_centroid
70474,EXXON,"I-30, EXIT 42A",Dallas,TX,630,3.499,32.790439,-96.80439,city_centroid
70476,KWIK TRIP #1037,SR-65/23,Mora,MN,451,3.394,45.895786,-93.294234,city_centroid
70478,TA Express Salina,"I-70, EXIT 56",Salina,UT,835,3.649,38.956028,-111.881072,city_centroid
70479,CROSSROADS MARKET,US-60 & SR-657,Gladstone,VA,185,3.439,37.547252,-78.850838,city_centroid
70480,BIG B TRUCK STOP,"I-90, EXIT 321",Sprague,WA,962,3.899,47.324725,-117.989684,city_centroid
70481,GOHL POST BP,"I-39, EXIT 100",Endeavor,WI,420,3.176,43.696305,-89.461699,city_centroid
70482,BIG D OIL #19,SR-259 & SR-387,Midwest,WY,790,3.459,43.410829,-106.266818,city_centroid
70483,BOLLA MARKET,SR-27 & CR-47,Copiague,NY,83,3.399,40.677833,-73.396271,city_centroid
70484,ALLSUPS CONVENIENCE STORE #2117,SR-18 & CR-97,Lovington,NM,700,3.104,32.951166,-103.348849,city_centroid
70485,ALLSUPS CONVENIENCE STORE #2145,SR-132,Hobbs,NM,593,3.382,32.72217,-103.137246,city_centroid
70488,ALLSUPS CONVENIENCE STORE #2365,US-380 & SR-214,Plains,TX,700,3.369,33.189354,-102.829367,city_centroid
70491,MFA OIL PETRO CARD 24,US-36,Hamilton,MO,276,3.241,39.736412,-93.990898,city_centroid
70492,KWIK TRIP #1033,US-51 EXIT 191B,Wausau,WI,395,3.454,44.963433,-89.633955,city_centroid
70493,LOVES TRAVEL STOP #759,US-63/SR-11,Hazen,AR,695,3.226,34.783833,-91.576699,city_centroid
70494,7-ELEVEN #37570,I-76/US-6,Commerce City,CO,800,3.639,39.825875,-104.911349,city_centroid
70495,LOVES TRAVEL STOP #689,US-65 & US-82,Lake Village,AR,695,3.269,33.327408,-91.282487,city_centroid
70496,KWIK TRIP #1015,"I-43, EXIT 171",Denmark,WI,582,3.362,44.359392,-87.827036,city_centroid
70498,KWIK TRIP #939,"SR-29, EXIT 101",Stanley,WI,295,3.469,44.968872,-90.938935,city_centroid
70500,STRIPES 7FLEET #42526,SR-289,Lubbock,TX,700,3.056,33.586527,-101.860634,city_centroid
70501,STRIPES 7FLEET #42527,SR-191 & US-349,Midland,TX,710,3.472,31.989636,-102.06261,city_centroid
70502,STRIPES 7FLEET #42532,SR-302 & FM-1936,Odessa,TX,710,3.099,31.8465,-102.3663,city_centroid
70503,STRIPES 7FLEET #42491,US-67 & SR-137,Big Lake,TX,710,3.549,31.240592,-101.478776,city_centroid
70505,STRIPES #42593,LOOP 289 & MLK BLVD,Lubbock,TX,700,2.966,33.586527,-101.860634,city_centroid
70507,ALLSUPS CONVENIENCE STORE #2154,SR-206 / US-283,Coleman,TX,575,3.159,31.828651,-99.427007,city_centroid
70508,7-ELEVEN #34715,I-294 EXIT 20,Schiller Park,IL,290,4.579,41.956304,-87.869179,city_centroid
70509,ALLSUPS CONVENIENCE STORE #2108,US-377 & US-183,Early,TX,575,2.932,31.741944,-98.945278,city_centroid
70510,ALLSUPS CONVENIENCE STORE #2147,SR-6 & CR-454,De Leon,TX,630,3.159,32.108742,-98.54894,city_centroid
70516,STRIPES 7FLEET #42528,"I-20, EXIT 217 & SR-139",Colorado City,TX,575,2.899,32.398736,-100.860948,city_centroid
70527,THORNTONS #164,I-65 EXIT 16 & US-31,Memphis,IN,415,3.626,38.464181,-85.777501,city_centroid
70530,LOVES TRAVEL STOP #767,FM-511 & SR-48,Brownsville,TX,625,3.156,25.933743,-97.517413,city_centroid
70538,SPEEDWAY #9329,"I-64 EXIT 43, SR 395 & 2823",Waddy,KY,410,3.149,38.105445,-85.12883,city_centroid
70539,PILOT #1174,"I-70/SR-1, EXIT 147",Marshall,IL,510,3.299,39.421999,-87.692261,city_centroid
70540,LOVES TRAVEL STOP #674,US-27 & SR-60,Lake Wales,FL,140,3.552,27.903734,-81.548805,city_centroid
70541,Kwik Star#1012,US-71 & SR-9,Spirit Lake,IA,440,3.299,43.426211,-95.112336,city_centroid
70543,ALLSUPS CONVENIENCE STORE #2078,US-60,White Deer,TX,585,2.969,35.42781,-101.173993,city_centroid
70544,ALLSUPS CONVENIENCE STORE #2100,US-87,Odonnell,TX,700,3.099,32.977331,-101.827099,city_centroid
70545,ALLSUPS CONVENIENCE STORE #2205,SR-83,Denver City,TX,700,3.366,32.971114,-102.831251,city_centroid
70546,ALLSUPS CONVENIENCE STORE #2370,US-287 & SR-70,Clarendon,TX,585,2.929,34.952878,-100.895157,city_centroid
70547,ALLSUPS CONVENIENCE STORE #2140,SR-114,Bridgeport,TX,630,2.899,33.187027,-97.78098,city_centroid
70548,ALLSUPS CONVENIENCE STORE #2114,US-84,Muleshoe,TX,700,3.191,34.219308,-102.749631,city_centroid
70549,ALLSUPS CONVENIENCE STORE #2194,214 PLAINS HIGHWAY,Denver City,TX,700,3.382,32.971114,-102.831251,city_centroid
70550,TEXACO #379545,US-290,Giddings,TX,595,3.399,30.177725,-96.93322,city_centroid
70551,KWIK TRIP #1047,SR-100 & SR-59,Milwaukee,WI,444,3.541,43.0343,-87.9151,city_centroid
70552,KWIK TRIP #941,US-2,Duluth,MN,334,3.499,47.094431,-91.846731,city_centroid
70553,KWIK TRIP #1028,US-59,Worthington,MN,425,3.166,43.628626,-95.605907,city_centroid
70554,HORSESHOE CONVENIENCE,SR 302 & IC 200,Mentone,TX,710,3.107,31.738374,-103.550316,city_centroid
70555,THORNTONS #615,I-40 EXIT 188,Kingston Springs,TN,460,2.982,36.095324,-87.115646,city_centroid
70556,ZIP ZONE EXPRESS,US-23,Catlettsburg,KY,255,3.699,38.379946,-82.632065,city_centroid
70557,LOVES TRAVEL STOP #727,"I-44, EXIT 283 & US-69",Big Cabin,OK,560,3.412,36.607931,-95.274736,city_centroid
70558,LOVES TRAVEL STOP #752,"I-43, EXIT 25 & SR-67",Elkhorn,WI,520,3.241,42.700928,-88.546209,city_centroid
70559,KWIK TRIP #1026,"HWY-23/ HWY-169, EXIT 23",Milaca,MN,453,3.369,45.779481,-93.645266,city_centroid
70560,PILOT DEALER #1235,"I-8, EXIT 42",Tacna,AZ,900,3.599,32.6975,-113.952778,city_centroid
70561,PILOT #1143,I-20 & SR-302,Odessa,TX,710,3.599,31.8465,-102.3663,city_centroid
70562,SPEEDWAY #7161,I-65 & US-31,Portland,TN,460,3.024,36.567306,-86.505923,city_centroid
70563,PILOT DEALER #1234,US-93 & CR-145,Willow Beach,AZ,910,3.839,35.8316,-114.4441,city_centroid
70564,SPEEDWAY #7236,"I-90/SR-2, EXIT 151",Avon,OH,305,3.659,41.446713,-82.020359,city_centroid
70565,Kwik Star #1025,SR-9/SR-4,Estherville,IA,425,3.332,43.401709,-94.818001,city_centroid
70567,LEDGEWOOD BP,I-80/SR-46,Ledgewood,NJ,115,3.299,40.878028,-74.655405,city_centroid
70571,LOVES TRAVEL STOP #748,"I-90, I-80 & SR-49",Edon,OH,550,3.887,41.584219,-84.757002,city_centroid
70572,LOVES TRAVEL STOP #745,I-94,Saint Clair,MI,342,3.949,42.825453,-82.513256,city_centroid
70573,KWIK TRIP #1038,US-12,Prairie Du Sac,WI,420,3.484,43.295631,-89.745233,city_centroid
70574,SPEEDWAY #3961,"I-55, EXIT 109",Williamsville,IL,318,3.299,39.930438,-89.534172,city_centroid
70575,SPEEDWAY #6721,SR 51,Mc Kees Rocks,PA,165,3.899,40.471742,-80.087567,city_centroid
70576,KWIK TRIP #593,"I-94, EXIT 41 & SR-25",Menomonie,WI,295,3.574,44.87182,-91.92651,city_centroid
70577,SPEEDWAY #3715,US-30,Crest Hill,IL,293,3.299,41.566239,-88.116924,city_centroid
70578,COMMON CENTS #125,"I-90/US-14, EXIT 61",Rapid City,SD,506,3.207,44.077041,-103.200259,city_centroid
70579,Exxon/One9 #1338,I-35 & CR-372,Jarrell,TX,765,2.886,30.748406,-97.600833,city_centroid
70580,LOVES TRAVEL STOP #753,I-90 EXIT 96 & SR-474,Missoula,MT,820,3.674,46.856274,-114.025207,city_centroid
70581,LOVES TRAVEL STOP #773,"SR-14 & I-59/20, EXIT 40",Eutaw,AL,615,3.137,32.888871,-87.930297,city_centroid
70582,Kwik Star #1039,I-80 EXIT 301,Bettendorf,IA,270,3.649,41.550865,-90.494201,city_centroid
70583,LOVES TRAVEL STOP #783,US-60 & US-63,Willow Springs,MO,535,3.419,36.995812,-91.940545,city_centroid
70584,PILOT TRAVEL CENTER #1209,"I-20, EXIT 136 & SR-349",Midland,TX,710,3.566,31.989636,-102.06261,city_centroid
70585,PILOT TRAVEL CENTER #1211,US-385 & CR-1910,Andrews,TX,710,3.639,32.320125,-102.540926,city_centroid
70586,MAVERIK COUNTRY STORE #610,I-80,Winnemucca,NV,966,3.389,40.966418,-117.746693,city_centroid
70587,MAVERIK COUNTRY STORE #623,US-89,Gunnison,UT,835,3.419,39.154464,-111.816701,city_centroid
70588,SPEEDWAY #7217,I-70 EXIT 49,Smithton,PA,165,3.916,40.144267,-79.731277,city_centroid
70590,CIRCLE K #2722291,US-1 & SR-206,Saint Augustine,FL,75,3.379,29.8364,-81.2745,city_centroid
70591,SPEEDWAY #6465,"I-77, EXIT 101",Canton,OH,249,3.607,40.7962,-81.3768,city_centroid
70592,LOVES TRAVEL STOP #751,"I-20, EXIT 87",Elgin,SC,135,3.426,34.161963,-80.811292,city_centroid
70593,LOVES TRAVEL STOP #735,I-75/SR-401,Calhoun,GA,285,3.279,34.496456,-84.934545,city_centroid
70595,SPEEDWAY #6509,"I-74, EXIT 206",Oakwood,IL,280,3.199,40.116656,-87.7825,city_centroid
70596,SPEEDWAY #7208,I-85 EXIT 137,Jefferson,GA,16,3.119,34.106197,-83.570813,city_centroid
70597,SPEEDWAY #9394,SR-4 & US-25,Lexington,KY,410,3.129,38.017394,-84.485423,city_centroid
70598,SPEEDWAY #7175,US-78 & SR-175,Memphis,TN,435,3.199,35.0337,-89.9343,city_centroid
70599,Jet Food Store,US-278,Warrenton,GA,85,3.416,33.40914,-82.63568,city_centroid
70600,KWIK STAR #1027,US-65,Mason City,IA,433,3.264,43.149869,-93.195379,city_centroid
70601,24/7 TRAVEL STORE,I-70 EXIT 275,Abilene,KS,523,2.994,38.937144,-97.20632,city_centroid
70603,ROAD RANGER #277,"I-30, EXIT 201 & SR-8",New Boston,TX,766,3.081,33.462119,-94.433882,city_centroid
70604,KWIK STAR #940,US-69 & SR-9,Forest City,IA,433,3.449,43.269184,-93.635595,city_centroid
70605,SPEEDWAY #1042,"I-55 & SR-50, EXIT 286",Cicero,IL,291,3.569,41.845556,-87.753889,city_centroid
70606,SPEEDWAY #7179,"I-65 & SR-101, EXIT 38",Smiths Grove,KY,415,3.066,37.058104,-86.193757,city_centroid
70607,SPEEDWAY #8544,"I-55 & US-6, EXIT 24B",Channahon,IL,291,3.249,41.434664,-88.213786,city_centroid
70608,KWIK TRIP #1017,US-10/SR-47,Anoka,MN,451,3.624,45.238537,-93.407822,city_centroid
70609,JP TRAVEL PLAZA,"I-75, EXIT 205 & SR-16",Jackson,GA,18,3.159,33.282006,-83.978391,city_centroid
70611,Shell,US-6 & SR-3,Kendallville,IN,370,3.499,41.448206,-85.260874,city_centroid
70612,SHREES TRUCK STOP #2,I-90 EXIT 101,Thorp,WA,920,3.809,47.017785,-120.678557,city_centroid
70615,THORNTONS #0334,I-57 EXIT 350 & SR-83,Posen,IL,365,3.399,41.62766,-87.687213,city_centroid
70617,QUIKTRIP #224,"I-435, EXIT 57",Kansas City,MO,400,3.099,39.213876,-94.63318,city_centroid
70618,LOVES TRAVEL STOP #744,"I-270 N, EXIT 49",Lockbourne,OH,315,3.456,39.814236,-82.976369,city_centroid
70619,KWIK TRIP #1049,US-212 & CR-68,Glencoe,MN,448,3.524,44.778001,-94.161554,city_centroid
70620,LOVES TRAVEL STOP #779,I-30 EXIT 97,Malvern,AR,635,3.499,34.355715,-92.829162,city_centroid
70621,FRIENDLY GUS STORE #24,I-16 EXIT 53 & SR-19,Dublin,GA,85,3.399,32.547794,-82.90368,city_centroid
70622,SPEEDWAY #6781,US-422,Douglassville,PA,208,3.799,40.270876,-75.739673,city_centroid
70623,SPEEDWAY #1127,"I-55, EXIT 267 & SR-53",Bolingbrook,IL,293,3.299,41.697605,-88.087315,city_centroid
70624,KWIK STAR #929,I-74 EXIT 2,Bettendorf,IA,270,3.599,41.550865,-90.494201,city_centroid
70625,BROWNVILLE IRVING,SR-11,Brownville,ME,170,3.932,45.341229,-69.042331,city_centroid
70626,GOLDEN GATE PETROLEUM,"I-70, EXIT 97",Silt,CO,810,3.459,39.541464,-107.657411,city_centroid
70628,PILOT #1195,"I-90, EXIT 106",Ellensburg,WA,977,3.839,46.999632,-120.516274,city_centroid
70629,KWIK TRIP #930,"I-35, EXIT 147 & SR-95",North Branch,MN,448,3.402,45.516479,-92.937097,city_centroid
70630,SPEEDWAY #3632,"I-76, EXIT 33 & SR-43",Kent,OH,249,3.532,41.14492,-81.34976,city_centroid
70632,CIRCLE K #4706705,SR-394,Crete,IL,365,3.499,41.438952,-87.602738,city_centroid
70634,CORNER MARKET #101,US-83 & SR-96,Scott City,KS,525,3.359,38.47994,-100.899331,city_centroid
70635,CIRCLE K #4705706,US-224 & SR-99,Willard,OH,249,3.599,41.053056,-82.726389,city_centroid
70637,CIRCLE K #2704111,I-2/US-83 & CR-493,Donna,TX,639,3.009,26.167138,-98.052925,city_centroid
70638,LOVES TRAVEL STOP #769,"I-70, EXIT 358A & US-75",Topeka,KS,570,3.284,39.0541,-95.6719,city_centroid
70640,LOVES TRAVEL STOP #794,SR-3/SR-33,Watonga,OK,483,3.376,35.853762,-98.417487,city_centroid
70641,LOVES TRAVEL STOP #706,"I-81/I-64, EXIT 213",Staunton,VA,185,3.649,38.145104,-79.07519,city_centroid
70642,LOVES TRAVEL STOP #776,"I-20, EXIT 15",Vicksburg,MS,760,3.549,32.325824,-90.85065,city_centroid
70643,LOVES TRAVEL STOP #774,US-431/CR-248,Smiths Station,AL,720,3.194,32.520072,-85.100027,city_centroid
70644,KWIK TRIP #1031,I-494 EXIT 20,Delano,MN,451,3.524,45.034222,-93.801644,city_centroid
70645,QUIKTRIP #4048,"I-410, EXIT164B",San Antonio,TX,740,2.966,29.644226,-98.312774,city_centroid
70646,KWIK TRIP #1051,I-43 & CR-N,Green Bay,WI,582,3.441,44.485313,-88.016868,city_centroid
70647,PILOT #1227,I-20 EXIT 66,Pyote,TX,710,3.466,31.539491,-103.139676,city_centroid
70648,BARRINGTON APPLEGREEN,SR-125 & SR-9,Barrington,NH,178,3.899,43.2027,-71.037675,city_centroid
70649,KWIK TRIP #931,SR-95,North Branch,MN,448,3.427,45.516479,-92.937097,city_centroid
70650,MAVERIK COUNTRY STORE #581,"I-15 N, EXIT 334 & SR-193",Clearfield,UT,835,3.336,41.129388,-112.048224,city_centroid
70651,WALBURG TRAVEL CENTER,"I-35, EXIT 266",Georgetown,TX,595,2.832,30.633038,-97.670704,city_centroid
70652,ROADYS MACH 1 #14,I-57 EXIT 94,Mount Vernon,IL,574,3.099,38.317014,-88.910525,city_centroid
70653,MACH 1 #24,I-74 EXIT 215A & SR-1,Tilton,IL,280,3.199,40.096406,-87.644048,city_centroid
70654,PILOT #1269,I-10 EXIT 378,San Simon,AZ,980,3.309,32.208167,-109.367152,city_centroid
70655,GOLDEN GATE PETROLEUM,US-6,Grand Junction,CO,810,3.499,39.078326,-108.545692,city_centroid
70656,LOVES TRAVEL STOP #757,"US-23, EXIT 25",Milan,MI,325,3.489,42.091373,-83.677636,city_centroid
70657,INTERFUEL,I-96 EXIT 167,Springfield,VA,60,3.899,38.779718,-77.186582,city_centroid
70658,CASEYS #3708,SR-235,New Carlisle,OH,411,3.259,39.930025,-84.021704,city_centroid
70660,CASEYS #3852,"I-35, EXIT 33 & US-34",Creston,IA,320,3.349,41.062384,-94.369151,city_centroid
70661,CASEYS #3238,US-52 EXIT 64 & CR-12,Oronoco,MN,451,3.516,44.148861,-92.48496,city_centroid
70662,GETGO #3202,I-79 EXIT 183A,Erie,PA,240,3.899,42.125962,-80.08601,city_centroid
70663,LENNYS GAS N WASH BOURBONNAIS,US-45/US-52,Bourbonnais,IL,296,3.299,41.166119,-87.879023,city_centroid
70665,POCO LOCO MARKET,I-35 EXIT 219,Buda,TX,595,2.892,30.091758,-97.853422,city_centroid
70666,Thorntons #322,"I-55, EXIT 288",Chicago,IL,290,3.599,41.885847,-87.618123,city_centroid
70667,EZ TRIP #1226,"I-84, EXIT 104 & US-97",Wasco,OR,935,3.239,45.597447,-120.730356,city_centroid
70668,LOVES TRAVEL STOP #784,US-30 & CR-9,Schuyler,NE,486,3.282,41.459128,-97.062832,city_centroid
70669,TA EXPRESS BIGGS,"I-84, EXIT 104 & US-97",Wasco,OR,935,3.199,45.597447,-120.730356,city_centroid
70670,MAVERIK COUNTRY STORE #625,"I-215, EXIT 27 & CR-68",North Salt Lake,UT,835,3.442,40.844064,-111.904116,city_centroid
70673,PAC PRIDE,SR-202,Mesa,AZ,930,4.024,33.43174,-111.846931,city_centroid
70674,ALLTOWN FRESH #769,SR-111,Ayer,MA,34,3.649,42.55914,-71.578763,city_centroid
70676,PAC PRIDE,"I-10, EXIT 138",Phoenix,AZ,930,4.036,33.451,-112.0685,city_centroid
70677,PAC PRIDE,US-60,Glendale,AZ,930,4.024,33.531122,-112.176703,city_centroid
70679,PAC PRIDE,"I-10, EXIT 151",Phoenix,AZ,930,4.024,33.451,-112.0685,city_centroid
70680,PAC PRIDE,"I-17, EXIT 215B",Phoenix,AZ,930,4.024,33.451,-112.0685,city_centroid
70681,PETRO STOP,US-60,Mesa,AZ,930,4.016,33.43174,-111.846931,city_centroid
70682,LOVES TRAVEL STOP #758,"I-255/US-50, EXIT 15",East Saint Louis,IL,540,3.379,38.631538,-90.138066,city_centroid
70686,HOLIDAY STATIONSTORE #2746471,US-12,Hudson,WI,448,3.539,44.984187,-92.727062,city_centroid
70687,RUTTERS #87,"I-99, EXIT 78B & SR-150",Bellefonte,PA,70,4.016,40.909377,-77.7642,city_centroid
70691,QUIKTRIP #4049,"I-10/US-90, EXIT 583",San Antonio,TX,740,2.966,29.644226,-98.312774,city_centroid
70692,RUTLAND ROUTE 7 IRVING,US-4 & US-7,Rutland,VT,170,3.699,43.614131,-72.970773,city_centroid
70693,MAPCO #3507,US-76 & SR-71,Dalton,GA,285,3.119,34.7697,-84.9702,city_centroid
70695,ALLSUPS CONVENIENCE STORE #2132,US-54 & US-380,Carrizozo,NM,580,3.282,33.64962,-105.869617,city_centroid
70696,DK #11822,I-20 EXIT 131,Midland,TX,612,2.857,31.989636,-102.06261,city_centroid
70698,ALLSUPS CONVENIENCE STORE #2038,US-54,Logan,NM,585,3.199,35.368051,-103.438339,city_centroid
70699,QUIK STOP,US-79,Paris,TN,490,2.959,36.300519,-88.309328,city_centroid
70700,PATRIOT FUELING CENTER,US-231/SR-9,Wetumpka,AL,720,3.199,32.54509,-86.188039,city_centroid
70704,KUM & GO #0702,"I-44, EXIT 6 & SR-86",Joplin,MO,535,3.009,37.096858,-94.505144,city_centroid
70705,CASEYS #3464,SR-48 & CR-10,Morrisonville,IL,280,3.759,39.415336,-89.45407,city_centroid
70706,BIG APPLE TRAVEL CENTER,I-44/US-71,Joplin,MO,416,3.212,37.096858,-94.505144,city_centroid
70707,TA Express West Point #283,"I-85/SR-403, EXIT 2 & SR-18",West Point,GA,720,3.666,32.833683,-85.119714,city_centroid
70708,LOVES TRAVEL STOP #785,"I-96, EXIT 90",Grand Ledge,MI,406,3.949,42.752924,-84.737314,city_centroid
70709,VP Racing Fuels,SR-19,Center,MO,540,3.166,39.515397,-91.539842,city_centroid
70710,LOVES TRAVEL STOP #799,US-72 & SR-15,Walnut,MS,655,3.559,34.952732,-88.905337,city_centroid
70711,LOVES TRAVEL STOP #762,FM-1472,Laredo,TX,693,3.256,27.515538,-99.498579,city_centroid
70714,PILOT TRAVEL CENTER #1281,US-89,Page,AZ,910,3.999,36.896625,-111.43847,city_centroid
70717,Certified Oil #400491,I-270 EXIT 52,Columbus,OH,315,3.202,40.105155,-83.010069,city_centroid
70718,ROAD RANGER #278,"I-40, EXIT 216 & US-49",Brinkley,AR,695,3.199,34.878124,-91.188596,city_centroid
70719,FAST LANE #31,"I-70, EXIT 183",Jonesburg,MO,540,3.299,38.871658,-91.30193,city_centroid
70720,SPEEDWAY #4453,SR-23,Sauk Rapids,MN,451,3.189,45.604032,-94.159088,city_centroid
70722,SPEEDWAY #9935,I-90 EXIT 35 & SR-298,Syracuse,NY,190,4.099,43.0459,-76.1528,city_centroid
70723,SPEEDWAY #9932,I-99 EXIT 8 & SR-417,Painted Post,NY,190,4.099,42.170967,-77.119375,city_centroid
70724,LOVES TRAVEL STOP #790,"I-95, EXIT108",Summerton,SC,135,3.509,33.594578,-80.360566,city_centroid
70725,LOVES TRAVEL STOP #782,"I-24 & US-41, EXIT 86",Oak Grove,KY,415,3.142,36.665225,-87.425514,city_centroid
70726,CASEYS #1195,US-36,Belleville,KS,336,3.339,39.824054,-97.629016,city_centroid
70727,CASEYS #2998,US-75 & SR-23,Pipestone,MN,530,3.449,44.009516,-96.322762,city_centroid
70728,CASEYS #3245,US-81,Freeman,SD,530,3.299,43.360501,-97.460073,city_centroid
70729,CASEYS #3785,US-14,Fort Pierre,SD,571,3.399,44.342587,-100.404323,city_centroid
70730,CASEYS #3855,US-81,Yankton,SD,572,3.139,42.882086,-97.398624,city_centroid
70731,PILOT TRAVEL CENTERS #1181,IL-38 E,Rochelle,IL,520,3.759,41.928156,-89.071035,city_centroid
70732,MAVERIK COUNTRY STORE #627,I-15 EXIT 303,Salt Lake City,UT,835,3.442,40.755851,-111.896657,city_centroid
70733,CASEYS #1607,US-63,Macon,MO,392,3.291,39.748089,-92.462163,city_centroid
70735,CASEYS #1778,SR-267/SR-111,Brighton,IL,574,3.239,39.036098,-90.144312,city_centroid
70736,CASEYS #1941,"I-35, EXIT 90 & SR-160",Ankeny,IA,320,3.139,41.72755,-93.602175,city_centroid
70737,CASEYS #2272,I-80/US-6 EXIT 155 & SR-117,Colfax,IA,320,3.099,41.678785,-93.258816,city_centroid
70738,QUIKTRIP #7061,I-49 EXIT 39A,Joplin,MO,413,3.022,37.096858,-94.505144,city_centroid
70739,CASEYS #2602,US-36/SR-5 & SR-11,Brookfield,MO,276,3.249,39.784612,-93.071948,city_centroid
70740,JACK FLASH,"I-70, EXIT 82 & SR 128",Altamont,IL,574,3.099,39.063449,-88.748092,city_centroid
70741,CASEYS #3590,US-27,Geneva,IN,465,3.594,40.607129,-84.962074,city_centroid
70742,CASEYS #3653,SR-14,Greene,IA,433,3.599,42.91604,-92.758324,city_centroid
70743,CASEYS #3659,US-10 & SR-115,Randall,MN,250,3.486,46.073361,-94.500543,city_centroid
70744,CASEYS #3686,I-80 EXIT 81,Utica,IL,296,2.969,41.363033,-89.000795,city_centroid
70745,CASEYS #3752,",",Mountain Lake,MN,425,3.402,43.938998,-94.927313,city_centroid
70746,CASEYS #3085,US-34 & SR-14,Aurora,NE,330,3.099,40.852838,-98.020107,city_centroid
70747,CASEYS #3702,US-377/SR-99 & SR-9,Seminole,OK,560,3.026,35.224444,-96.670278,city_centroid
70748,CASEYS #3717,US-218,Vinton,IA,380,3.199,42.174284,-91.989154,city_centroid
70749,CASEYS #3719,US-160,Ulysses,KS,525,3.409,37.579174,-101.348846,city_centroid
70750,CASEYS #3787,"I-35, EXIT 222",Blackwell,OK,483,2.999,36.800574,-97.286695,city_centroid
70751,CASEYS #3795,"I-43, EXIT 96",Saukville,WI,444,3.289,43.391265,-87.956765,city_centroid
70752,CASEYS #3755,SR-7/SR-27,Russellville,AR,645,3.419,35.284208,-93.131476,city_centroid
70753,CASEYS #3798,"I-44, EXIT 211",Drumright,OK,560,3.119,35.993136,-96.519789,city_centroid
70754,CASEYS #3758,US-77,Douglass,KS,570,3.264,37.51951,-96.994848,city_centroid
70755,CASEYS #3809,US-56 & SR-51,Hugoton,KS,525,3.392,37.168226,-101.334614,city_centroid
70756,CASEYS #3780,US-40,Tonganoxie,KS,400,3.159,39.102614,-95.105055,city_centroid
70757,CASEYS #3811,US-69,McAlester,OK,560,3.226,34.926233,-95.759168,city_centroid
70759,CASEYS #3832,"I-35, EXIT 40A & US-14",Janesville,MN,425,3.582,44.116778,-93.709462,city_centroid
70760,CASEYS #2730,US-34 & SR-15,Seward,NE,413,3.369,40.906609,-97.096618,city_centroid
70761,CASEYS #3841,"US-61, EXIT 5",Kieler,WI,335,3.489,42.581389,-90.6025,city_centroid
70763,CASEYS #3854,"US-20, EXIT 275 & SR-13",Manchester,IA,380,3.546,42.483418,-91.449001,city_centroid
70764,CASEYS #3856,"I-51, EXIT 48 & SR-251",Tonica,IL,520,3.069,41.232741,-89.088993,city_centroid
70765,CEFCO #103,SR-36,Temple,TX,765,2.966,31.089518,-97.334264,city_centroid
70767,CASEYS #3493,SR-72,Shannon,IL,520,3.699,42.161049,-89.748075,city_centroid
70768,CASEYS #3497,SR-29,South Pekin,IL,368,3.619,40.494444,-89.651667,city_centroid
70769,CASEYS #3527,US-169 & US-60,Nowata,OK,307,3.182,36.694565,-95.640421,city_centroid
70770,CASEYS #3528,SR-92,Washington,IA,380,3.271,41.301453,-91.698671,city_centroid
70771,CASEYS #3545,US-14/CR-27,Sleepy Eye,MN,425,3.332,44.282089,-94.727251,city_centroid
70772,CASEYS #3554,"I-70, EXIT 52",Mulberry Grove,IL,368,3.489,38.931082,-89.246297,city_centroid
70773,CASEYS #3575,US-36,Seneca,KS,413,3.159,39.839804,-96.059489,city_centroid
70774,CASEYS #3079,"US-20, EXIT 71 & US-71",Early,IA,440,3.299,42.448258,-95.172569,city_centroid
70775,CASEYS #3576,US-56,Overbrook,KS,400,3.196,38.792173,-95.561632,city_centroid
70776,CASEYS #3579,US-36,Smith Center,KS,330,3.179,39.804217,-98.784243,city_centroid
70778,CASEYS #3588,"I-75 N, EXIT 69",Tipp City,OH,411,3.099,39.943577,-84.171501,city_centroid
70779,CASEYS #3204,"I-80, EXIT 29 & I-880, EXIT 29A",Minden,IA,319,3.159,41.465355,-95.551887,city_centroid
70780,CASEYS #3306,SR-15 & CR-47/CR-136,Saint Cloud,MN,522,3.249,45.540972,-94.181857,city_centroid
70782,CASEYS #3465,"I-80, EXIT 285 & US-30",Gibbon,NE,330,3.049,40.744445,-98.85435,city_centroid
70783,ENMARKET #820,"I-95/SR-405, EXIT 109 & SR-21",Port Wentworth,GA,195,3.091,32.149092,-81.1631681,manual
70784,CIRCLE K #2723046,"I-95, EXIT 41 & SR-59/CR2252",Hope Mills,NC,63,2.909,34.953564,-78.935364,city_centroid
70785,CIRCLE K #2705347,"I-77, EXIT 5 & SR-48",Columbia,SC,135,3.204,34.0004,-81.033418,city_centroid
70786,CIRCLE K #2741502,"I-37, EXIT 9",Corpus Christi,TX,625,3.061,27.794086,-97.402994,city_centroid
70787,LOVES TRAVEL STOP #778,"I-16, EXIT 143 & US-280",Ellabell,GA,135,3.296,32.127304,-81.498302,city_centroid
70788,SPEEDWAY #1031,"I-480 & I-271, EXIT 26",Bedford,OH,305,3.649,41.392067,-81.52315,city_centroid
70789,7FLEET #46080,"I-41 & US-41, EXIT 133",Neenah,WI,360,3.449,44.181094,-88.479201,city_centroid
70790,LOVES TRAVEL STOP #788,"I-70, EXIT 175",New Florence,MO,540,3.122,38.902309,-91.490861,city_centroid
70791,LOVES TRAVEL STOP #791,"I-40, EXIT 126",Holladay,TN,460,3.122,35.895143,-88.091183,city_centroid
70792,ANEW TRAVEL CENTER,US-6/34 & CR-410,Cambridge,NE,475,3.364,40.280767,-100.167579,city_centroid
70793,LOVES TRAVEL STOPS #119,"I-70, EXIT 160",Green River,UT,835,3.299,39.000243,-110.159817,city_centroid
70794,CASEYS #3747,SR-103 & CR-96,Carey,OH,411,3.176,40.948599,-83.383578,city_centroid
70796,QUICK FUEL #3177,"I-35W, EXIT 56",Fort Worth,TX,637,3.032,32.7469,-97.3268,city_centroid
70797,QUICK FUEL #3176,"I-35E, EXIT 442",Carrollton,TX,637,3.016,33.003294,-96.881988,city_centroid
70798,QUICK FUEL #1926,"I-90, EXIT 171B & US-14",Janesville,WI,420,3.399,42.691542,-89.033124,city_centroid
70831,FLYERS #768,"I-80, EXIT 19 & SR-659",Sparks,NV,966,4.052,39.547254,-119.755588,city_centroid
70832,FLYERS #766,SR-648,Sparks,NV,966,4.059,39.547254,-119.755588,city_centroid
70833,FLYERS #764,SR-667,Reno,NV,966,4.052,39.526812,-119.811275,city_centroid
70845,FLYERS #759,"I-80, EXIT 19",Sparks,NV,966,4.051,39.547254,-119.755588,city_centroid
70855,FLYERS #761,"I-580, EXIT 5",Carson City,NV,966,3.699,39.089147,-119.782899,city_centroid
70858,SPEEDWAY #1012,"I-65, EXIT 158 & CR-6",Hope Hull,AL,720,3.052,32.224256,-86.393189,city_centroid
70859,FLYERS #732,I-580 & US-50,Carson City,NV,966,3.699,39.089147,-119.782899,city_centroid
70860,FLYERS #726,"I-80, EXIT 303",Elko,NV,966,3.629,40.826247,-115.724679,city_centroid
70864,FLYERS #747,"I-580/US-395, EXIT 29 & SR-659",Reno,NV,966,4.054,39.526812,-119.811275,city_centroid
70870,ESSENTIAL FUELS,US-26,Scottsbluff,NE,795,3.599,41.871975,-103.661914,city_centroid
70871,ALLTOWN MARKETS #835,"I-95, EXIT 62",Madison,CT,100,4.239,41.309019,-72.615254,city_centroid
70873,TA LAKE CITY #288,"I-75, EXIT 414",Lake City,FL,225,3.299,30.0949,-82.7117,city_centroid
70874,CIRCLE T,SR-6 & SR-515,Navasota,TX,670,3.432,30.357645,-96.059357,city_centroid
70875,FUEL MAXX #57,SR-105 & SR-146,Liberty,TX,610,3.132,30.072794,-94.763819,city_centroid
70876,JIFFY MART,SR-123/SR-12,Walpole,NH,12,3.686,43.076533,-72.415489,city_centroid
70877,LOVES TRAVEL STOP #770,"US-41, EXIT 1A",Wadsworth,IL,444,3.759,42.446032,-87.904048,city_centroid
70878,MAVERIK COUNTRY STORE #630,I-15 EXIT 13,Malad City,ID,825,3.394,42.180783,-112.262045,city_centroid
70879,MAVERIK COUNTRY STORE #611,I-40 EXIT 154,Albuquerque,NM,580,3.194,35.0936,-106.6423,city_centroid
70880,RUTTERS #81,SR-61 & SR-73,Leesport,PA,208,3.897,40.415216,-75.994421,city_centroid
70881,RUTTERS #79,"I-99/US-220, EXIT 28 US-22/SR-764",Duncansville,PA,14,4.099,40.426228,-78.43833,city_centroid
70882,RUTTERS #77,US-11/US-15 & US-22,Duncannon,PA,70,4.294,40.408678,-77.047254,city_centroid
70883,RUTTERS #41,US-422,Lebanon,PA,70,3.799,40.335912,-76.425895,city_centroid
70884,RUTTERS #75,SR-194 & SR-550,Walkersville,MD,70,3.932,39.47875,-77.34839,city_centroid
70885,KWIK TRIP #1061,CR-CE & CR-HH,Combined Locks,WI,582,3.549,44.266581,-88.313271,city_centroid
70887,LOVES TRAVEL STOP #781,"I-20, EXIT 113 & SR-83",Madison,GA,16,3.849,33.594681,-83.461781,city_centroid
70888,HUTCHS #125,US-283,Altus,OK,483,2.999,34.648406,-99.320483,city_centroid
70889,TRUCK WORLD,I-90 EXIT 241 & SR-7,Conneaut,OH,305,3.359,41.934479,-80.580257,city_centroid
70890,PILOT #1299,US-287 & SR-148,Henrietta,TX,770,3.126,33.819609,-98.259976,city_centroid
70891,QUARLES #4908,I-64 EXIT 297,Chesapeake,VA,130,3.526,36.735246,-76.23843,city_centroid
70892,QUARLES #4001,I-95 EXIT 133,Fredericksburg,VA,60,3.759,38.3242,-77.4685,city_centroid
70893,QUARLES #4002,"I-95 EXIT 130A, SR-2",Fredericksburg,VA,60,3.759,38.3242,-77.4685,city_centroid
70894,QUARLES #4009,US-301,Waldorf,MD,60,3.759,38.637065,-76.877787,city_centroid
70895,QUARLES #4011/SHELL,I-95 EXIT 118,Woodford,VA,180,2.899,38.084664,-77.439879,city_centroid
70896,QUARLES #4200,US-522,Front Royal,VA,60,3.699,38.926783,-78.179617,city_centroid
70897,QUARLES #4302,SR-801 & SR-42,Broadway,VA,60,3.459,38.608336,-78.787494,city_centroid
70898,QUARLES #4303,"I-81 EXIT 243, US-11",Harrisonburg,VA,60,2.899,38.448864,-78.871438,city_centroid
70899,QUARLES #4304,"I-64 EXIT 96, SR-624",Waynesboro,VA,180,3.799,38.077412,-78.903461,city_centroid
70900,QUARLES #4306,I-81 EXIT 150A,Roanoke,VA,185,3.559,37.2935,-80.0553,city_centroid
70901,QUARLES #4307,"I-81 EXIT 137, US-11/460",Salem,VA,185,3.559,37.2853,-80.069185,city_centroid
70902,QUARLES #4309,US-460/29,Lynchburg,VA,185,3.774,37.386228,-79.171464,city_centroid
70903,QUARLES #4310,US-11,Roanoke,VA,185,3.559,37.2935,-80.0553,city_centroid
70904,QUARLES #4400,I-95 EXIT 166A,Lorton,VA,60,4.059,38.704716,-77.218004,city_centroid
70905,QUARLES #4401,US-29,Fairfax,VA,60,4.059,38.845826,-77.324151,city_centroid
70906,QUARLES #4403,"I-95 EXIT 29A, US-1",Beltsville,MD,22,3.899,39.034722,-76.907778,city_centroid
70907,QUARLES #4404,I-95 EXIT 43A,Elkridge,MD,22,3.499,39.2125,-76.713889,city_centroid
70908,QUARLES #4407,I-495 EXIT 11A,Upper Marlboro,MD,60,3.899,38.837717,-76.798028,city_centroid
70909,QUARLES #4408,SR-201,Bladensburg,MD,60,3.699,38.945215,-76.920327,city_centroid
70910,QUARLES #4409,I-95 EXIT 50B,Baltimore,MD,22,3.499,39.29463,-76.625203,city_centroid
70912,QUARLES #4411,"I-695 EXIT 1, SR-173",Curtis Bay,MD,22,3.499,39.209315,-76.569147,city_centroid
70913,QUARLES #4412,I-270 EXIT 8,Rockville,MD,60,3.759,39.0838,-77.153,city_centroid
70914,QUARLES #4413,I-495 EXIT 15A,Capitol Heights,MD,60,3.899,38.8847,-76.9108,city_centroid
70915,QUARLES #4414,I-95 EXIT 60,Baltimore,MD,22,3.449,39.29463,-76.625203,city_centroid
70916,TA Express White Hills,US-93,Willow Beach,AZ,910,3.779,35.8316,-114.4441,city_centroid
70917,QUARLES #4416,US-13,Salisbury,MD,194,3.659,38.362996,-75.592238,city_centroid
70918,QUARLES #4417,I-895 EXIT 8B,Curtis Bay,MD,22,3.499,39.209315,-76.569147,city_centroid
70919,QUARLES #4422,US-13,New Castle,DE,243,3.699,39.67703,-75.589938,city_centroid
70920,QUARLES #4423,SR-100 EXIT 11,Glen Burnie,MD,22,3.699,39.1677,-76.595,city_centroid
70921,QUARLES #4424,SR-5,Clinton,MD,60,3.899,38.754892,-76.902577,city_centroid
70922,QUARLES #4425,US-50 EXIT 5,Hyattsville,MD,60,3.899,38.95063,-76.934652,city_centroid
70923,QUARLES #4426,SR-124,Gaithersburg,MD,60,3.759,39.14187,-77.188993,city_centroid
70924,QUARLES #4427,I-276 EXIT 351,Levittown,PA,153,3.846,40.168142,-74.823138,city_centroid
70925,QUARLES #4430,US-13,Sharon Hill,PA,160,3.869,39.903511,-75.269524,city_centroid
70926,QUARLES #4431,US-22,Allentown,PA,90,3.989,40.602729,-75.470955,city_centroid
70927,QUARLES #4434,SR-617,Springfield,VA,60,4.059,38.779718,-77.186582,city_centroid
70928,QUARLES #4435,"I-95 EXIT 41, US-1",Jessup,MD,22,3.499,39.148399,-76.792239,city_centroid
70929,QUARLES #4503,US-11,Martinsburg,WV,60,3.959,39.459959,-77.958915,city_centroid
70930,QUARLES #4504,I-81 EXIT 313A,Winchester,VA,60,3.799,39.185803,-78.182697,city_centroid
70931,QUARLES #4505,SR-65,Hagerstown,MD,60,3.899,39.632022,-77.737215,city_centroid
70933,QUARLES #4507,US-11,Winchester,VA,60,3.799,39.185803,-78.182697,city_centroid
70934,QUARLES #4509,I-270 EXIT 31B,Frederick,MD,60,3.599,39.408235,-77.400875,city_centroid
70935,QUARLES #4511,I-70 EXIT 55,Frederick,MD,60,3.599,39.408235,-77.400875,city_centroid
70937,QUARLES #4603,US-29/211,Warrenton,VA,60,3.799,38.7063,-77.8159,city_centroid
70938,QUARLES #4605,SR-606,Sterling,VA,60,3.659,39.0061,-77.4288,city_centroid
70939,QUARLES #4606,SR-234,Manassas,VA,60,3.859,38.841111,-77.538056,city_centroid
70940,QUARLES #4607,SR-28,Manassas,VA,60,3.859,38.841111,-77.538056,city_centroid
70941,QUARLES #4934,US-60,Sandston,VA,180,3.259,37.515658,-77.27578,city_centroid
70942,QUARLES #4608,SR-657,Chantilly,VA,60,3.659,38.9067,-77.5102,city_centroid
70943,QUARLES #4700,US-15BUS/29BUS,Culpeper,VA,60,3.799,38.48115,-78.00406,city_centroid
70944,QUARLES #4701,US-15 BUS & US-522,Culpeper,VA,60,3.799,38.48115,-78.00406,city_centroid
70945,QUARLES #4944,US-17,Bealeton,VA,60,3.759,38.569667,-77.800436,city_centroid
70946,QUARLES #4703,US-29 & SR-616,Ruckersville,VA,180,3.699,38.233871,-78.391033,city_centroid
70947,QUARLES #4946,"I-95, EXIT 130A, SR-3",Fredericksburg,VA,60,3.759,38.3242,-77.4685,city_centroid
70948,QUARLES #4804,I-40 EXIT 211,Greensboro,NC,65,3.649,36.069741,-79.768151,city_centroid
70949,QUARLES #4805,US-1 EXIT 95,Apex,NC,177,3.999,35.722504,-78.840816,city_centroid
70950,QUARLES #4807,I-40 EXIT 203,Kernersville,NC,65,3.199,36.116534,-80.083115,city_centroid
70951,QUARLES #4947,SR-7,Leesburg,VA,60,3.659,39.0867,-77.5775,city_centroid
70952,QUARLES #4810,I-540 EXIT 4A,Raleigh,NC,177,3.709,35.772701,-78.632439,city_centroid
70953,QUARLES #4948,"I-95, EXIT 126, US-1",Fredericksburg,VA,60,3.759,38.3242,-77.4685,city_centroid
70954,QUARLES #4811,SR-50/US-70,Garner,NC,177,3.599,35.681254,-78.597527,city_centroid
70955,QUARLES #4949,"I-95, EXIT 136, US-1",Fredericksburg,VA,60,3.759,38.3242,-77.4685,city_centroid
70956,QUARLES #4813,SR-133,Wilmington,NC,245,3.779,34.225304,-77.937856,city_centroid
70957,QUARLES #4950,"I-95, EXIT 126A, US-1",Fredericksburg,VA,60,3.759,38.3242,-77.4685,city_centroid
70958,QUARLES #4951,SR-3,Fredericksburg,VA,60,3.759,38.3242,-77.4685,city_centroid
70959,QUARLES #4814,US-117,Wilmington,NC,245,3.799,34.225304,-77.937856,city_centroid
70960,QUARLES #4962,"I-81, EXIT 222, US-250",Staunton,VA,185,2.899,38.145104,-79.07519,city_centroid
70961,QUARLES #4815,"I-140, EXIT 14",Wilmington,NC,245,3.799,34.225304,-77.937856,city_centroid
70962,QUARLES #4965,"I-295, EXIT 37A, US-360",Warsaw,VA,180,3.759,37.949992,-76.736517,city_centroid
70963,QUARLES #4817,"US-70, EXIT 333",Selma,NC,205,3.799,35.556531,-78.264025,city_centroid
70964,SEALSTON DELI,"I-95, EXIT 130A, SR-3",King George,VA,180,3.499,38.281142,-77.126023,city_centroid
70965,QUARLES #4822,US-401,Raleigh,NC,177,3.709,35.772701,-78.632439,city_centroid
70966,QUARLES #4927,SR-10 & SR-145,Chesterfield,VA,180,3.699,37.392327,-77.566799,city_centroid
70967,QUARLES #4823,I-95,Fayetteville,NC,63,3.799,35.05099,-78.842255,city_centroid
70968,QUARLES #4928,"I-95, EXIT 86A & SR-656",Ashland,VA,180,3.674,37.73948,-77.478373,city_centroid
70969,QUARLES #4824,I-40 EXIT 210,Greensboro,NC,65,3.699,36.069741,-79.768151,city_centroid
70970,QUARLES #4931,US-60 & SR-603,Powhatan,VA,180,3.699,37.556442,-77.879761,city_centroid
70971,QUARLES #4932,"I-64, EXIT 173 & SR-623",Rockville,VA,180,3.699,37.733729,-77.699994,city_centroid
70973,QUARLES #4826,US HWY 29/70,High Point,NC,65,3.666,35.959313,-80.011673,city_centroid
70974,QUARLES #4933,US-60,Richmond,VA,180,3.699,37.5594,-77.4472,city_centroid
70975,QUARLES #4935,"I-95, EXIT 64 & SR-613",Richmond,VA,180,3.699,37.5594,-77.4472,city_centroid
70976,QUARLES #4827,I-40 EXIT 203,Kernersville,NC,65,3.199,36.116534,-80.083115,city_centroid
70977,QUARLES #4828,I-440 EXIT 13B,Raleigh,NC,177,3.709,35.772701,-78.632439,city_centroid
70978,QUARLES #4829,I-40 EXIT 298A,Raleigh,NC,177,3.599,35.772701,-78.632439,city_centroid
70979,QUARLES #4830,I-540 EXIT 3,Raleigh,NC,177,3.719,35.772701,-78.632439,city_centroid
70980,QUARLES #4938,"I-64, EXIT 159 & SR-522",Gum Spring,VA,180,3.699,37.818374,-77.907049,city_centroid
70982,EXXON/QUARLES #4942,"I-64/33, EXIT 205 & SR-249",Quinton,VA,180,3.509,37.518466,-77.148607,city_centroid
70983,QUARLES #4943,"I-295, EXIT 22A & SR-5",Henrico,VA,180,3.699,37.5131191,-77.3465081,manual
70984,QUARLES #4831,US-64 EXIT 470,Rocky Mount,NC,205,3.409,35.923784,-77.835022,city_centroid
70985,QUARLES #4832,I-40 EXIT 189,Winston Salem,NC,65,3.572,36.10237,-80.222798,city_centroid
70986,QUARLES #4833,US-1,Youngsville,NC,177,3.699,36.007782,-78.441198,city_centroid
70987,QUARLES #4902,US-250/33,Richmond,VA,180,3.699,37.5594,-77.4472,city_centroid
70988,QUARLES #4909,I-664 EXIT 3,Hampton,VA,244,3.426,37.100565,-76.409939,city_centroid
70989,QUARLES #4911,I-264 EXIT 19B,Virginia Beach,VA,130,3.572,36.8527,-75.9783,city_centroid
70990,QUARLES #4915,I-664 EXIT 2,Hampton,VA,244,3.426,37.100565,-76.409939,city_centroid
70991,QUARLES #4917,I-64 EXIT 255,Newport News,VA,130,3.411,37.057951,-76.460722,city_centroid
70992,QUARLES #4904,I-64 EXIT 197B,Sandston,VA,180,3.259,37.515658,-77.27578,city_centroid
70993,QUARLES #4905,I-95 EXIT 89,Ashland,VA,180,3.699,37.73948,-77.478373,city_centroid
70994,QUARLES #4906,I-95 EXIT 73,Richmond,VA,180,3.699,37.5594,-77.4472,city_centroid
70995,QUARLES #4910,I-95 EXIT 61B,Chester,VA,180,3.799,37.342934,-77.41557,city_centroid
70996,QUARLES #4912,I-64 EXIT 136,Troy,VA,180,3.899,37.9636,-78.253494,city_centroid
70997,QUARLES #4913,SR-76,Midlothian,VA,180,3.699,37.431027,-77.654458,city_centroid
70998,QUARLES #4916,I-246 EXIT 6,Portsmouth,VA,130,3.466,36.808902,-76.36714,city_centroid
71001,QUARLES #4921,I-95 EXIT 83B,Richmond,VA,180,3.699,37.5594,-77.4472,city_centroid
71002,QUARLES #4922,US-250,Charlottesville,VA,180,3.899,37.9962,-78.4782,city_centroid
71003,QUARLES #4923,I-95 EXIT 73,Richmond,VA,180,3.699,37.5594,-77.4472,city_centroid
71004,QUARLES #4924,US-1 & SR-688,Doswell,VA,180,3.699,37.841682,-77.512521,city_centroid
71005,QUARLES #4925,I-95 EXIT 78,Richmond,VA,180,3.699,37.5594,-77.4472,city_centroid
71006,QUARLES #4926,I-95 EXIT 79,Richmond,VA,180,3.699,37.5594,-77.4472,city_centroid
71007,HAYDEN TRAVEL CENTER,"I-65, EXIT 284 & SR-160",Warrior,AL,615,3.129,33.852862,-86.819849,city_centroid
71009,WEIGELS #80,"I-40, EXIT 435 & US-321",Newport,TN,405,3.116,35.954431,-83.202749,city_centroid
71010,KEYSTOPS,"I-64, EXIT 17",Louisville,KY,415,3.196,38.2435,-85.7639,city_centroid
71011,Global,"I-84 E, EXIT 2 & US-6 E",Danbury,CT,100,3.459,41.391663,-73.453165,city_centroid
71012,ALLTOWN MARKETS #838,"I-95 N, EXIT 12",Darien,CT,100,3.832,41.076759,-73.485254,city_centroid
71013,ALLTOWN MARKETS #647,SR-3 EXIT 5,Plymouth,MA,175,3.959,41.910404,-70.642004,city_centroid
71014,Global,"I-95, EXIT 43 & US-1",Elkridge,MD,22,3.099,39.2125,-76.713889,city_centroid
71018,KWIK STAR #1076,US-218,Vinton,IA,565,3.199,42.174284,-91.989154,city_centroid
71019,KWIK TRIP #489,SR-3,Northfield,MN,448,3.524,44.458724,-93.166826,city_centroid
71020,Fast Trac 21,SR-21 & CR-50,Caldwell,TX,670,3.299,30.529819,-96.714292,city_centroid
71021,Amoco,"I-39 & HWY 23, EXIT 54",Oglesby,IL,290,3.199,41.292768,-89.055341,city_centroid
71022,TEX BEST #530,"I-10, EXIT 628 & SR-80",Luling,TX,595,3.009,29.682621,-97.649947,city_centroid
71023,LOVES TRAVEL STOP #853,SR-302 & CR-313,Kermit,TX,710,3.251,31.85496,-103.091269,city_centroid
71024,LOVES TRAVEL STOP #804,US-34/US-67,Monmouth,IL,270,3.349,40.910702,-90.644828,city_centroid
71025,KWIK TRIP #644,SR-57 & SR-32,New Holstein,WI,582,3.391,43.944639,-88.091083,city_centroid
71027,Kwik Star #1068,I-35,Story City,IA,320,2.959,42.183487,-93.598811,city_centroid
71029,CASEYS #6445,I-355 EXIT 27 & SR-64,Lombard,IL,293,3.349,41.872139,-88.015988,city_centroid
71030,QUIKTRIP #1469,"I-10, EXIT 248 & SR-77",Marana,AZ,980,3.062,32.404749,-111.273621,city_centroid
71032,MAVERIK COUNTRY STORE #416,US-50 & US-95,Fallon,NV,966,3.526,39.470254,-118.786112,city_centroid
71033,MAVERIK COUNTRY STORE #560,I-580 & US-50,Carson City,NV,966,3.589,39.089147,-119.782899,city_centroid
71034,MAVERIK COUNTRY STORE #635,I-15 EXIT 57,Cedar City,UT,791,3.442,37.689544,-113.074513,city_centroid
71036,GOLDEN GATE PETRO,US-550,Montrose,CO,810,3.436,38.46783,-107.875182,city_centroid
71037,SUNOCO,US-220 EXIT 111,Lock Haven,PA,138,3.599,41.142497,-77.443588,city_centroid
71039,TURNPIKE MARKET EXPRESS,SR-5,Newton Falls,OH,573,3.259,41.191047,-80.970135,city_centroid
71042,SINCLAIR,I-580/US-395 EXIT 6,Carson City,NV,966,3.599,39.089147,-119.782899,city_centroid
71046,SPEEDWAY #9336,US-27/SR-126,Cincinnati,OH,300,3.699,39.1063,-84.5356,city_centroid
71047,LOVES TRAVEL STOP #722,"I-17, EXIT 262 & SR-69",Mayer,AZ,930,3.681,34.365535,-112.129551,city_centroid
71050,GILL MART CORNER STORE,US-131 & SR-216,Three Rivers,MI,465,3.699,41.959598,-85.637125,city_centroid
71051,SHEETZ #683,I-83 EXIT 28,York,PA,70,3.259,39.963539,-76.726887,city_centroid
71053,ROAD RANGER #279,"I-57, EXIT 45 & SR-148",Marion,IL,275,3.379,37.725662,-88.929447,city_centroid
71055,LOVES TRAVEL STOP #793,"I-840, EXIT 67 & COUCHVILLE PIKE",Mount Juliet,TN,460,3.252,36.2,-86.518611,city_centroid
71056,SPEEDWAY #1044,US-72 & SR-20,Decatur,AL,615,3.426,34.589599,-86.98868,city_centroid
71057,LOVES TRAVEL STOP #795,US-97/US-26 & HALL RD,Madras,OR,935,3.689,44.637579,-121.134924,city_centroid
71058,KWIK TRIP #1090,SR-19 & SR-21,New Prague,MN,448,3.349,44.540239,-93.580473,city_centroid
71059,CIRCLE K #2706781,US-17 & SR-200,Yulee,FL,75,3.342,30.631667,-81.606667,city_centroid
71060,CIRCLE K #2701537,"I-77, EXIT 100 & SR-89",Mount Airy,NC,65,2.859,36.500739,-80.611871,city_centroid
71061,CIRCLE K #2702344,US-78 & SR-39,Williston,SC,135,3.799,33.392608,-81.416146,city_centroid
71062,MAVERIK COUNTRY STORE #637,"I-70, EXIT 56 & US-89",SALINA,UT,835,3.442,38.956028,-111.881072,city_centroid
71063,MAVERIK COUNTRY STORE #639,"I-40, EXIT 153",Albuquerque,NM,580,3.197,35.0936,-106.6423,city_centroid
71064,LOVES TRAVEL STOP #798,I-57 EXIT 212,Tuscola,IL,280,3.289,39.799509,-88.281585,city_centroid
71065,MAVERIK COUNTRY STORE #429,US-40 & SR-121,Roosevelt,UT,835,3.439,40.310229,-110.010782,city_centroid
71066,Circle K #2745067,"I-75, EXIT 155",Macon,GA,85,3.089,32.84386,-83.598686,city_centroid
71067,7-ELEVEN #41219,I-385 EXIT 9,Laurens,SC,30,3.099,34.500714,-82.026774,city_centroid
71071,KWIK TRIP #1074,SR-35,Somerset,WI,448,3.524,45.133064,-92.686466,city_centroid
71072,LOVES TRAVEL STOP #801,I-75 EXIT 102,Cordele,GA,10,3.309,31.963333,-83.7825,city_centroid
71073,LOVES TRAVEL STOP #803,I-57 EXIT 54B,Marion,IL,540,3.739,37.725662,-88.929447,city_centroid
71074,Speedway #7764,SR-72 & SR-25,Dundee,IL,293,3.279,42.096197,-88.290202,city_centroid
71075,TEXAS TRAVEL CENTER,"I-35, EXIT 277",Jarrell,TX,595,2.832,30.748406,-97.600833,city_centroid
71076,Kwik Star #589,US-151,Marion,IA,380,3.524,42.041095,-91.594135,city_centroid
71077,COMMUNITY CO OPS LAKE PARK,US-10,Lake Park,MN,341,3.509,46.817623,-96.067047,city_centroid
71079,DK,SR-375,El Paso,TX,640,2.699,31.758411,-106.478311,city_centroid
71080,BIG INDIAN SMOKE SHOP,I-90 & US-20,Irving,NY,38,2.929,42.573866,-79.059634,city_centroid
71083,SPRINT FOOD #701,US-78,Augusta,GA,195,3.226,33.460084,-81.972959,city_centroid
71084,FIESTA MART #42,US-75,Tulsa,OK,560,3.166,36.1504,-95.9953,city_centroid
71085,Sunoco,SR-49,Greenville,OH,317,3.599,40.098726,-84.634189,city_centroid
71086,THORNTONS #318,SR-59 & SR-38,West Chicago,IL,290,3.649,41.888558,-88.202168,city_centroid
71087,HALF SUN TRAVEL PLAZA,"I-90, EXIT 176",Moses Lake,WA,920,3.569,47.137363,-119.289149,city_centroid
71088,KARDES,US-151,Monticello,IA,335,3.399,42.232591,-91.198901,city_centroid
71090,CEFCO #2076,US-60 & SR-207,Panhandle,TX,585,2.946,35.380841,-101.43037,city_centroid
71091,BREAK TIME #3163,US-63 & CR-M,Moberly,MO,310,3.462,39.420239,-92.435793,city_centroid
71094,BP,US-63 & SR-137,Eddyville,IA,320,3.379,41.153266,-92.622052,city_centroid
71095,HOBO PANTRY #29,US-84/SR-12 & SR-95,Gordon,AL,20,3.659,31.10019,-85.123412,city_centroid
71096,GAS N WASH,US-30 & SR-394,Chicago Heights,IL,365,3.499,41.506202,-87.613209,city_centroid
71097,THORNTONS #329,"I-55, EXIT 267 & SR-53",Romeoville,IL,290,3.309,41.6475,-88.089444,city_centroid
71098,DANDY MINI MART #74,US-6 & SR-187,Wysox,PA,32,3.999,41.782621,-76.383397,city_centroid
71099,THORNTONS #336,"I-57, EXIT 335 & SR-50",Monee,IL,365,3.349,41.419133,-87.77484,city_centroid
71101,FOOD N FUEL,"I-55, EXIT 244 & SR-53",Elwood,IL,365,3.499,41.426018,-88.08642,city_centroid
71102,365 Food and Fuel,"I-35W/US-287, EXIT 54A & SR-183",Fort Worth,TX,637,2.976,32.7469,-97.3268,city_centroid
71103,FAT DOGS NORTH PLATTE SOUTH,"I-80, EXIT 177 & US-83",North Platte,NE,475,3.074,41.132595,-100.774631,city_centroid
71104,SPINX #364,"I-26, EXIT 194",Summerville,SC,475,3.399,33.028045,-80.173852,city_centroid
71105,SHEPHERD 700,US-64 & CR-450,Alva,OK,337,3.219,36.801564,-98.672162,city_centroid
71106,SECURITY OIL,"I-135, EXIT 10B & SR-96",Wichita,KS,570,3.299,37.6898,-97.3415,city_centroid
71107,SPARKYS ONE STOP,"US-20, EXIT 96 & SR-4",Rockwell City,IA,343,3.216,42.396126,-94.629219,city_centroid
71108,Stuckeyâ€™s Travel Center West,"I-10, EXIT 819 & FM-1663",Anahuac,TX,610,2.807,29.780987,-94.554819,city_centroid
71109,KWIK TRIP #1067,"SR-13, BETWEEN FAIRWAY & TRINITY DR",Phillips,WI,295,3.316,45.697463,-90.404131,city_centroid
71110,KWIK TRIP #1121,"I-94 & SR-26, EXIT 267",Watertown,WI,420,3.289,43.192971,-88.71851,city_centroid
71111,MAPCO #5167,"I-59, EXIT 21B & SR-35",Fort Payne,AL,285,3.479,34.436792,-85.712394,city_centroid
71112,BERKSHIRE ENERGY,"I-91, EXIT 8 & SR-80",New Haven,CT,100,3.549,41.308,-72.9286,city_centroid
71113,PLATEU TRAVEL PLAZA,"I-95, EXIT 39A & US-1",Madras,OR,935,3.359,44.637579,-121.134924,city_centroid
71114,SHEETZ #672,"I-95, EXIT 11B & SR-606",Woodford,VA,180,2.899,38.084664,-77.439879,city_centroid
71115,FASTBREAK #6,US-50/US-151 & US-41,Vincennes,IN,510,4.039,38.67344,-87.509806,city_centroid
71116,CEFCO #101,US-59 & SR-49,Jefferson,TX,766,2.899,32.779863,-94.371217,city_centroid
71117,AM-PM TRUCK STOP,"I-520/SR-415, EXIT 9 & SR-56",Augusta,GA,135,3.359,33.460084,-81.972959,city_centroid
71118,THORNTONS #0331,"I-35/US-51, EXIT 3 & CR-9",Roscoe,IL,520,3.419,42.421659,-88.99433,city_centroid
71119,PARKER'S #69 (DISCOUNT AVAILABLE),"I-95/SR-405, EXIT 102 & US-80",Pooler,GA,195,3.122,32.114931,-81.251958,city_centroid
71120,GAS PRO TRAVEL CENTER,US-25 & SR-56,Waynesboro,GA,135,3.799,33.101254,-81.990797,city_centroid
71121,HAT CREEK TRAVEL,"I-10/US-70, EXIT 82A & US-180",Deming,NM,640,2.919,32.231808,-107.746559,city_centroid
71123,ONE9 XPRESS FUEL #1264,"I-10, EXIT 203",Eloy,AZ,930,3.139,32.750929,-111.583275,city_centroid
71124,LOVES TRAVEL STOP #761,"I-10, EXIT 343 & US-301",Jacksonville,FL,75,3.849,30.0759,-81.5803,city_centroid
71126,QUIKTRIP #1177,I-77 & US-21,Blythewood,SC,46,3.076,34.191112,-80.975756,city_centroid
71127,QUIKTRIP #4044,"I-10, EXIT 609",Seguin,TX,740,2.946,29.561316,-97.962801,city_centroid
71129,Queens Market,"I-85, EXIT 41 & SR-2480",Charlotte,NC,46,3.499,35.2269,-80.8433,city_centroid
71131,7-ELEVEN #38816,"I-85, EXIT 66 & US-29",Spartanburg,SC,210,3.306,34.935211,-81.965377,city_centroid
71132,CEFCO #104,US-259 & SR-315,Mount Enterprise,TX,618,2.959,31.9125,-94.623505,city_centroid
71133,AMIGOS TRAVEL CENTER,"I-35, EXIT 85 & FM-117",Dilley,TX,740,3.399,28.678201,-99.174684,city_centroid
71134,ALLSUPS CONVENIENCE STORE #2376,US-54/US-285 & US-60,Vaughn,NM,580,3.499,34.624074,-105.192558,city_centroid
71136,CIRCLE K #2706788,"I-795, EXIT 22 & US-70, EXIT 356",Goldsboro,NC,205,3.392,35.382585,-78.015813,city_centroid
71138,LUMMI BAY MARKET,"I-5, EXIT 260",Bellingham,WA,850,3.759,48.748957,-122.488676,city_centroid
71139,GAS N WASH,SR-47 & CR-9,Yorkville,IL,290,3.599,41.638725,-88.443794,city_centroid
71140,BP,"I-94, EXIT 267 & SR-26, EXIT 30",Jefferson,WI,420,3.209,43.000557,-88.807765,city_centroid
71141,CASEYS #3901,"I-55, EXIT 178 & CR-23",Lexington,IL,368,3.339,40.635685,-88.806203,city_centroid
71142,LOVES TRAVEL STOP #775,US-20 & SR-2,Rockford,IL,520,3.229,42.292233,-89.116118,city_centroid
71143,CASEYS #3904,SR-141,Manning,IA,319,3.209,41.907248,-95.055622,city_centroid
71144,CASEYS #3675,US-12 & US-75,Ortonville,MN,250,3.379,45.329621,-96.45965,city_centroid
71145,CASEYS #3905,I-74/US-421 EXIT 113,Shelbyville,IN,372,3.599,39.50434,-85.787515,city_centroid
71146,CASEYS #2968,US-34,Eagle,NE,413,3.239,40.816909,-96.428965,city_centroid
71147,CASEYS #3910,US-177 & SR-33,Perkins,OK,560,3.016,35.97684,-97.044059,city_centroid
71148,CASEYS #1892,US-65,Sheffield,IA,433,3.152,42.877881,-93.215583,city_centroid
71149,KOUNTRY KORNER,SR-20,Mount Pleasant,MI,260,3.619,43.6025,-84.7752,city_centroid
71150,LOVES TRAVEL STOP #812,"I-84, EXIT 141",Bliss,ID,785,3.786,42.944859,-114.910387,city_centroid
71151,LOVES TRAVEL STOP #880,US-50 & SR-130,Olney,IL,510,3.189,38.733389,-88.080936,city_centroid
71152,LOVES TRAVEL STOPS #841,"US-24, EXIT 41",Napoleon,OH,550,3.689,41.390969,-84.143271,city_centroid
71153,KWIK TRIP #1083,SR-35,Osceola,WI,451,3.499,45.321757,-92.697108,city_centroid
71154,KWIK TRIP #489,CR-3,DUNDAS,MN,448,3.499,44.395537,-93.20369,city_centroid
71155,KWIK TRIP #1124,"SR-16, EXIT 184",Sussex,WI,444,3.377,43.144059,-88.227064,city_centroid
71158,CIRCLE K #2707533,"SR-570, EXIT 3 & SR-572",Lakeland,FL,225,3.532,28.038134,-81.939153,city_centroid
71160,CIRCLE K #4706316,"I-96, EXIT 46  & SR-6, EXIT 15",Caledonia,MI,371,3.639,42.796395,-85.562167,city_centroid
71161,CIRCLE K #2720931,"I-95, EXIT 107 & US-301",Kenly,NC,205,3.149,35.607742,-78.138227,city_centroid
71162,CIRCLE K #4705694,US-20 & CR-245,Norwalk,OH,305,3.614,41.240314,-82.60785,city_centroid
71163,DANDY MINI MART #68,"I-86/SR-17, EXIT 51A & CR-64",Elmira,NY,32,3.899,42.100769,-76.811977,city_centroid
71164,DANDY MINI MART #59,SR-287,Middlebury Center,PA,138,3.999,41.891706,-77.314764,city_centroid
71165,PALMETTO EXPRESS #115,"I-26, EXIT 125 & US-176",Gaston,SC,135,3.199,33.833712,-81.117395,city_centroid
71166,MAVERIK COUNTRY STORE #616,US-50,Montrose,CO,810,3.396,38.46783,-107.875182,city_centroid
71167,LOVES TRAVEL STOP #768,"I-55, EXIT 247",Channahon,IL,290,3.349,41.434664,-88.213786,city_centroid
71168,LOVES TRAVEL STOP #797,"I-80, EXIT 176",Winnemucca,NV,966,3.744,40.966418,-117.746693,city_centroid
71169,LOVES TRAVEL STOP #879,"I-69 EXIT,286 & US-24 & SR-9",Huntington,IN,370,3.501,40.881128,-85.505438,city_centroid
71170,LOVES TRAVEL STOP #849,"I-94, EXIT 292 & CR-21",Valley City,ND,390,3.969,46.92681,-98.003316,city_centroid
71171,TEXSTAR TRAVEL CENTER,I-35 EXIT 302,Temple,TX,765,2.912,31.089518,-97.334264,city_centroid
71172,ZIPPY JS #18,CR-577 & CR-80,Brenham,TX,670,3.199,30.17736,-96.402769,city_centroid
71173,ENMARKET #828,"I-95/SR-405, EXIT 102 & US-80",Pooler,GA,195,3.082,32.114931,-81.251958,city_centroid
71176,QUIKTRIP #1710,US-23/SR-365,Gainesville,GA,16,3.346,34.307269,-83.825596,city_centroid
71177,COMO TRAVEL CENTER,"I-55, EXIT 257 & SR-310",Como,MS,435,3.079,34.513728,-89.915508,city_centroid
71179,7-ELEVEN #41332,"I-26, EXIT 76 & SR-219",Newberry,SC,210,3.332,34.284661,-81.615741,city_centroid
71181,7-ELEVEN #38637,"I-85, EXIT 72 & I-585/US-176",Spartanburg,SC,210,3.116,34.935211,-81.965377,city_centroid
71185,SHEETZ #698,"I-78/US-22, EXIT 45 & SR-863",Kutztown,PA,90,3.329,40.521354,-75.777395,city_centroid
71186,7-ELEVEN #36837,US-29 & SR-904,Anderson,SC,30,3.089,34.526051,-82.630436,city_centroid
71187,KWIK TRIP #1041,SR-11 & CR-H,Sturtevant,WI,444,3.794,42.69673,-87.903082,city_centroid
71188,QUIKTRIP #1722,"I-75, EXIT 153",Macon,GA,85,3.089,32.84386,-83.598686,city_centroid
71189,QUIKTRIP #1198,"I-20, EXIT 55",Lexington,SC,135,3.129,33.981389,-81.236389,city_centroid
71190,LOVES TRAVEL STOPS #888,"I-80/US-30, EXIT 85 & SR-374",Green River,WY,835,3.589,41.51959,-109.471445,city_centroid
71191,MAVERIK COUNTRY STORE #631,I-80/5600 WEST,Salt Lake City,UT,835,3.459,40.755851,-111.896657,city_centroid
71193,ASAP GENERAL STORE #308,US-60 & SR-123,Bartlesville,OK,560,3.191,36.743956,-95.992091,city_centroid
71194,ASAP GENERAL STORE #104,"I-40, EXIT 84 & US-54",Weatherford,OK,483,3.132,35.535046,-98.699603,city_centroid
71195,ASAP GENERAL STORE #301,"I-40, EXIT 108 & US-281/SR-8",Geary,OK,483,3.132,35.621709,-98.390529,city_centroid
71196,ASAP GENERAL STORE #302,SR-33 & SR 54,Thomas,OK,483,3.132,35.738165,-98.738842,city_centroid
71197,ASAP GENERAL STORE #304,US-60/SR-51 & US-283,Arnett,OK,483,3.232,36.120524,-99.73266,city_centroid
71198,LOVES TRAVEL STOP #844,"I-90, EXIT 233 & SR-74",Saint Charles,MN,515,3.569,43.958481,-92.051738,city_centroid
71199,LOVES TRAVEL STOP #814,"I-22, EXIT 14 & CR-35",Hamilton,AL,576,3.556,34.153413,-88.008521,city_centroid
71200,LOVES TRAVEL STOP #730,"I-80, EXIT 440 & SR-50",Omaha,NE,319,3.281,41.168343,-96.209633,city_centroid
71201,PRIDE TRAVEL CENTER,I-91 EXIT 33,Hartford,CT,100,3.509,41.7636,-72.6855,city_centroid
71202,QUIKTRIP #1181,"I-26, EXIT 154B & US-301",Orangeburg,SC,42,3.236,33.502545,-80.859282,city_centroid
71206,JACKSONS FOOD STORES #138,US-95/SR-339 & SR-208,Yerington,NV,966,3.679,38.986567,-119.159558,city_centroid
71207,GAS N WASH,"I-80, EXIT 148B & SR-43",Tinley Park,IL,365,3.499,41.582535,-87.804963,city_centroid
71208,RACEWAY #6789,US-301 & SR-150,Richmond,VA,180,3.429,37.5594,-77.4472,city_centroid
71209,RACETRAC #2529,"I-75, EXIT 285 & SR-52",San Antonio,FL,225,3.316,28.337139,-82.288237,city_centroid
71210,RACETRAC #2515,I-820 & BUS-287,Fort Worth,TX,630,2.877,32.7469,-97.3268,city_centroid
71211,KUM & GO #0138,US-67,Jacksonville,AR,695,3.099,34.881985,-92.130435,city_centroid
71212,KUM & GO #0426,BUS-71,Springdale,AR,735,3.149,36.183521,-94.176216,city_centroid
71213,KUM & GO #0429,US-62,Rogers,AR,735,3.009,36.336316,-94.114784,city_centroid
71214,MAVERIK #5317,"I-76, EXIT 22",Brighton,CO,800,3.234,40.007222,-104.715556,city_centroid
71215,MAVERIK #5319,SR-392 & SR-257,Windsor,CO,800,3.159,40.483663,-104.899442,city_centroid
71216,Maverik Country Store #5337,"I-35, EXIT 102 & SR-210",Huxley,IA,320,3.092,41.899434,-93.602381,city_centroid
71217,KUM & GO #0185,US-65,Bondurant,IA,320,3.095,41.70166,-93.452689,city_centroid
71218,KUM & GO #1435,US-65,Fair Grove,MO,535,3.156,37.372143,-93.142824,city_centroid
71219,KUM & GO #1568,"I-44, EXIT 156",Waynesville,MO,535,3.099,37.817515,-92.198944,city_centroid
71221,LOVES TRAVEL STOP #786,I-435 EXIT 55,Kansas City,MO,400,3.389,39.213876,-94.63318,city_centroid
71223,SCOOBA JUNCTION,US-45 & SR-16,Scooba,MS,705,3.216,32.840197,-88.488272,city_centroid
71227,TEX BEST #529,SR-16 & SR-1604,Von Ormy,TX,740,3.049,29.274979,-98.667741,city_centroid
71228,SHELL,"I-80, EXIT 279 & SR-10",Gibbon,NE,330,3.299,40.744445,-98.85435,city_centroid
71229,THE PRIDE OF PALATINE,"I-90, EXIT 65 & SR-62",Palatine,IL,290,3.399,42.1258,-88.0764,city_centroid
71230,THE PRIDE OF LAKE COUNTY,US-12 & SR-53,Lake Zurich,IL,290,3.349,42.196721,-88.070299,city_centroid
71232,GATEWAY TRAVEL CENTER,US-16 & US-85,Newcastle,WY,822,3.324,43.851098,-104.226205,city_centroid
71233,Fuel America Travel Center #2,"I-35, EXIT 32",Encinal,TX,693,3.049,28.051329,-99.340902,city_centroid
71234,CHEVRON #352305,I-610 & SR-47,Chalmette,LA,725,3.139,29.946611,-89.961137,city_centroid
71239,CASEYS #3926,"I-29, EXIT 84 & SR-118",Mound City,MO,400,3.157,40.136238,-95.213837,city_centroid
71240,LOVES TRAVEL STOP #764,I-24 EXIT 117,Hillsboro,TN,285,3.326,35.369933,-85.972422,city_centroid
71241,WEIGLES #58,"I-40, Exit 356A & SR-58",Kingston,TN,405,3.169,35.852807,-84.497054,city_centroid
71242,LAST STOP TRAVEL CENTER,US-93,Willow Beach,AZ,910,3.496,35.8316,-114.4441,city_centroid
71244,MAVERIK COUNTRY STORE #644,"I-84/I-15, EXIT 344 & SR-39",Ogden,UT,835,3.372,41.2443,-112.0072,city_centroid
71245,MAVERIK COUNTRY STORE #651,"I-15, EXIT 67 & US-30",Pocatello,ID,825,3.402,42.887592,-112.438142,city_centroid
71246,TOOT N TOTUM #99,I-40 EXIT 75,Amarillo,TX,585,3.046,35.166332,-101.886764,city_centroid
71247,LOVES TRAVEL STOP #848,"I-59, Exit 104",Sandersville,MS,705,3.162,31.786389,-89.032222,city_centroid
71248,RACETRAC #2560,"I-4, EXIT-55",Davenport,FL,140,3.289,28.22,-81.6205,city_centroid
71249,RACETRAC #2589,"I-20, EXIT 185",Oxford,AL,587,2.999,33.596829,-85.83347,city_centroid
71250,NAVAJO BLUE TRAVEL CENTER,I-40 EXIT 219,Flagstaff,AZ,930,3.609,35.185911,-111.661979,city_centroid
71251,RUTTERS #91,US-30 & SR-772,Gap,PA,208,4.199,40.002018,-75.997801,city_centroid
71252,QUIKTRIP #1178,"I-26, EXIT 54 & SR-72",Clinton,SC,210,3.099,34.470692,-81.87717,city_centroid
71253,QUIKTRIP #4066,"I-35, EXIT 122 & SR-173",Devine,TX,740,2.966,29.152078,-98.908994,city_centroid
71255,Fuel N Treat,"I-70/US-40, EXIT 84 & CR-J",Nelson,MO,401,3.284,39.010447,-93.031102,city_centroid
71256,SIGNAL FOOD STORE #120,US-60,Seymour,MO,535,3.026,37.166726,-92.785659,city_centroid
71257,FARMERS UNION SOUTHERN VALLEY,US-75 & SR-210,Wahpeton,ND,341,3.499,46.2651,-96.6133,city_centroid
71259,LOVES TRAVEL STOP #846,I-10 EXIT 10,Irvington,AL,715,3.166,30.480241,-88.239563,city_centroid
71260,LOVES TRAVEL STOP #881,US HWY 224 & OH 225,Diamond,OH,573,3.452,41.093473,-81.0425,city_centroid
71261,Una Travel Center,I-94 EXIT 228,Roseville,MI,325,3.899,42.503423,-82.93868,city_centroid
71262,LOVES TRAVEL STOP #892,"I-70, EXIT 118 & SR-310",Etna,OH,315,3.461,39.957222,-82.681944,city_centroid
71263,Loves Travel Stop # 660,"I-25, Exit 49",Walsenburg,CO,796,4.249,37.638159,-104.804301,city_centroid
71264,MAVERIK COUNTRY STORE #649,I-25/US-85 EXIT 220 & SR-500,Albuquerque,NM,580,3.206,35.0936,-106.6423,city_centroid
71265,U SAVE FOOD STORES 1,SR-39/SR-55,Richwood,WV,44,3.599,38.222988,-80.544481,city_centroid
71266,LOVES TRAVEL STOP #787,"I-81, EXIT 30 & SR-70",Mosheim,TN,405,3.556,36.183883,-82.967399,city_centroid
71267,LOVES TRAVEL STOP #878,"US-131/SR-43, EXIT 44",Kalamazoo,MI,431,3.589,42.273565,-85.545653,city_centroid
71268,MAVERIK COUNTRY STORE #650,SR 85 & W 900 S,West Jordan,UT,835,3.432,40.625429,-111.967662,city_centroid
71269,Maverik Country Store #652,I-84 & SR 79,Jerome,ID,787,3.394,42.71784,-114.501244,city_centroid
71270,QUIKTRIP #7904,I-20 EXIT 285,Abilene,TX,575,2.876,32.468155,-99.718208,city_centroid
71271,MAVERIK COUNTRY STORE #672,SR-69,Dewey,AZ,930,3.219,34.536753,-112.256665,city_centroid
71275,ALLSUPS CONVENIENCE STORE #2272,US-67/US-84,Bangs,TX,575,2.932,31.768388,-99.107657,city_centroid
71276,Circle K #2706617,I-4 EXIT 28,Lakeland,FL,225,3.251,28.038134,-81.939153,city_centroid
71277,CIRCLE K #2706619,I-75 EXIT 354,Ocala,FL,140,3.457,29.1981,-82.0974,city_centroid
71278,Kwik Trip #1506,SR-26,Fort Atkinson,WI,420,3.577,42.922902,-88.846689,city_centroid
71281,Pride (One9 Fuel Network) #1213,"I-40, Exit 25",Yucca,AZ,910,3.559,34.872222,-114.148611,city_centroid
71282,QuikTrip #4128,SR-71,Bastrop,TX,595,2.966,30.13883,-97.292101,city_centroid
71283,QUIKTRIP #7135,US-17,Hardeeville,SC,195,2.999,32.263512,-81.066865,city_centroid
71284,Loves Travel Stop #889,"I-22, Exit 30",Holly Springs,MS,435,3.316,34.7687,-89.4483,city_centroid
71285,Shrees Truck Stop Seattle,SR-509,Seattle,WA,962,3.799,47.611435,-122.330456,city_centroid
71286,RACETRAC #2323,I-75 EXIT 128,Fort Myers,FL,225,3.299,26.620403,-81.8725,city_centroid
71287,RACETRAC #482,I-310 EXIT 2A,Saint Rose,LA,725,3.126,29.958074,-90.312432,city_centroid
71288,SHEETZ #700,"I-270, EXIT 49 & SR-317",Groveport,OH,315,3.059,39.858137,-82.887219,city_centroid
71289,7-ELEVEN #38835,I-75 EXIT 139,Fort Myers,FL,225,3.599,26.620403,-81.8725,city_centroid
71290,LOVES TRAVEL STOP #808,"US-19/SR-3, EXIT 3 & US-82",Albany,GA,10,3.789,31.567783,-84.161923,city_centroid
71291,HUCKS FOOD & FUEL #351,"I-57, Exit 116",Salem,IL,574,3.099,38.626421,-88.948077,city_centroid
71295,MOUNTAINEER MART #33,US-33/119,Buckhannon,WV,44,3.899,38.98407,-80.217824,city_centroid
71298,QUIKTRIP #1923,"I-45, EXIT 229",Corsicana,TX,641,2.849,32.0322,-96.3483,city_centroid
71299,QUIKTRIP #7903,"I-35, EXIT 331",Waco,TX,765,2.956,31.552452,-97.139608,city_centroid
71300,SPEEDWAY #1407,"I-94, EXIT 145",Jackson,MI,385,3.549,42.254522,-84.387476,city_centroid
71301,Atlanta IL Visitors Center,I-55 EXIT 140,Atlanta,IL,280,3.399,40.258624,-89.230021,city_centroid
71302,KWIK STAR #1107,I-380 EXIT 18,Cedar Rapids,IA,380,3.574,41.9743,-91.655382,city_centroid
71303,KWIK TRIP #1132,SR-21,Omro,WI,582,3.377,44.035678,-88.751933,city_centroid
71305,AMIGO'S COUNTRY STORE,"I-35, EXIT 122 & SR-173",Devine,TX,740,3.099,29.152078,-98.908994,city_centroid
71307,Speedway #1221,"I-24/69, EXIT 27 & US-62",Calvert City,KY,415,3.449,37.014741,-88.381115,city_centroid
71308,QUIKTRIP #7145,"I-40, EXIT 239A",Lebanon,TN,460,2.916,36.209792,-86.302367,city_centroid
71309,SUGAR CROSSING CONVENIENCE,US-33 & CR-63,Lancaster,OH,315,3.382,39.718697,-82.603074,city_centroid
71310,CIRCLE K #2722120,US-441/27,Summerfield,FL,140,3.526,28.9958,-82.0214,city_centroid
71311,CIRCLE K #708,"I-85, EXIT 64 & US-29",Opelika,AL,50,3.266,32.627771,-85.358629,city_centroid
71313,LOVES TRAVEL STOP  #821,"US-70, Exit W Main St",Durant,OK,253,3.489,34.00609,-96.384705,city_centroid
71314,Loves Travel Stop  #806,I-20 Exit 124,Monroe,LA,760,3.167,32.528551,-92.106104,city_centroid
71315,KWIK TRIP #1062,SR-33,West Bend,WI,444,3.556,43.425278,-88.183333,city_centroid
71316,KWIK TRIP #1084,SR-97,Marshfield,WI,395,3.476,44.6688,-90.1716,city_centroid
71318,LOVES TRAVEL STOP  #800,SR-83,Elk Grove Village,IL,290,3.379,42.005613,-88.012775,city_centroid
71319,LOVES TRAVEL STOP #868,"I-95, EXIT 223",Mims,FL,143,3.689,28.697383,-80.866278,city_centroid
71320,TA EXPRESS EDGERTON #284,I-35 EXIT 205,Edgerton,KS,400,3.699,38.781084,-95.009377,city_centroid
71321,Kwik Star #1119,US-18,Emmetsburg,IA,433,3.449,43.108249,-94.682545,city_centroid
71322,KWIK TRIP #1101,US-141,Crivitz,WI,582,3.304,45.254053,-88.061265,city_centroid
71323,MAVERIK COUNTRY STORE #517,SR-114 & E MILL RD,Orem,UT,835,3.441,40.313407,-111.695293,city_centroid
71324,7-ELEVEN #38992,"I-85/US-29, EXIT 40 & I-185, EXIT 12",Piedmont,SC,30,3.499,34.724433,-82.470216,city_centroid
71325,QUIKTRIP #7223,"I-20, EXIT 23 & SR-782-2",Bossier City,LA,745,2.892,32.544924,-93.703826,city_centroid
71326,CIRCLE K #4705730,"I-480 & SR-82, EXIT 36",Twinsburg,OH,249,3.989,41.328851,-81.455912,city_centroid
71327,MAVERIK COUNTRY STORE #668,"I-80, EXIT 313",Laramie,WY,795,3.246,41.312907,-105.581146,city_centroid
71328,IRVING,US-1,Norwood,MA,170,3.694,42.186843,-71.203313,city_centroid
71329,SPEEDWAY #1439,I-20 Exit 100,Mc Calla,AL,615,2.902,33.284546,-87.102379,city_centroid
71330,JORDAN MINI MART,SR- 31 & CR-59,Jordan,NY,220,3.799,43.065141,-76.45978,city_centroid
71331,KWIK TRIP #1106,SR-13 & SR-64,Medford,WI,395,3.422,45.151185,-90.350306,city_centroid
71332,ALLSUPS CONVENIENCE STORE #2308,SR-128 & SR-18,Jal,NM,710,3.129,32.112816,-103.199724,city_centroid
71333,ALLSUPS CONVENIENCE STORE #2105,"I-20, EXIT 332 & US-183",Cisco,TX,575,2.929,32.380043,-98.986507,city_centroid
71334,ALLSUPS CONVENIENCE STORE #2278,SR-302 & SR-18,Kermit,TX,710,3.089,31.85496,-103.091269,city_centroid
71335,ALLSUPS CONVENIENCE STORE #2367,"I-27/US-87, EXIT 49B & US-70",Plainview,TX,585,2.909,34.196194,-101.725896,city_centroid
71336,ALLSUPS CONVENIENCE STORE #2180,US-84 & US-180,Snyder,TX,612,2.986,32.715105,-100.907485,city_centroid
71337,ALLSUPS CONVENIENCE STORE #2229,US-377 & SR-108,Stephenville,TX,630,3.159,32.221372,-98.222407,city_centroid
71338,KWIK TRIP #755,US-18,Fennimore,WI,335,3.424,42.988558,-90.655009,city_centroid
71339,CASEYS #3934,"I-35, EXIT 89 & CO-R6F",Ankeny,IA,320,3.099,41.72755,-93.602175,city_centroid
71340,KWIK TRIP #180,US-14/SR-68,New Ulm,MN,425,3.349,44.304378,-94.464421,city_centroid
71341,QUIKTRIP #7147,"I-40, EXIT 172 & SR-46",Dickson,TN,460,2.916,36.076014,-87.399532,city_centroid
71342,CASEYS #3505,US-212,Stewart,MN,425,3.369,44.725928,-94.451572,city_centroid
71343,ALLSUPS CONVENIENCE STORE #2014,US-377/US-67,Dublin,TX,630,3.159,32.090873,-98.345469,city_centroid
71344,ALLSUPS CONVENIENCE STORE #2061,US-84 & US-380,Post,TX,700,2.944,33.201695,-101.39216,city_centroid
71345,ALLSUPS CONVENIENCE STORE #2084,US-377 & CR-234,Brownwood,TX,575,2.949,31.704658,-98.975164,city_centroid
71346,ALLSUPS CONVENIENCE STORE #2094,US-277 & US-83,Abilene,TX,575,2.889,32.468155,-99.718208,city_centroid
71347,ALLSUPS CONVENIENCE STORE #2128,"I-20, EXIT 301 & CR-276",Clyde,TX,575,2.889,32.380289,-99.518445,city_centroid
71348,ALLSUPS CONVENIENCE STORE #2142,US-62/US-180,Hobbs,NM,593,3.382,32.72217,-103.137246,city_centroid
71349,ALLSUPS CONVENIENCE STORE #2204,SR-115 & CR-201,Wink,TX,710,3.089,31.752673,-103.156084,city_centroid
71350,ALLSUPS CONVENIENCE STORE #2206,US-385 & SR-176,Andrews,TX,710,3.392,32.320125,-102.540926,city_centroid
71351,ALLSUPS CONVENIENCE STORE #2207,US-377/US-67 & SR-36,Comanche,TX,575,3.159,31.911637,-98.608227,city_centroid
71352,ALLSUPS CONVENIENCE STORE #2223,US-285 & SR-357,Artesia,NM,700,3.399,32.838355,-104.407401,city_centroid
71353,ALLSUPS CONVENIENCE STORE #2246,US-84 & SR-268,Melrose,NM,585,3.812,34.44787,-103.632507,city_centroid
71354,ALLSUPS CONVENIENCE STORE #2247,US-377 & SR-16,Comanche,TX,575,3.162,31.911637,-98.608227,city_centroid
71355,ALLSUPS CONVENIENCE STORE #2249,US-377 & US-281,Stephenville,TX,630,3.159,32.221372,-98.222407,city_centroid
71356,ALLSUPS CONVENIENCE STORE #2266,I-20 & US-285,Pecos,TX,710,3.379,31.414384,-103.508129,city_centroid
71357,ALLSUPS CONVENIENCE STORE #2279,SR-115 & SR-18,Kermit,TX,710,3.089,31.85496,-103.091269,city_centroid
71358,ALLSUPS CONVENIENCE STORE #2285,US-285 & US-62,Carlsbad,NM,593,3.194,32.411867,-104.239539,city_centroid
71359,ALLSUPS CONVENIENCE STORE #2350,"I-20, EXIT 285 & US-83",Abilene,TX,575,2.876,32.468155,-99.718208,city_centroid
71360,ALLSUPS CONVENIENCE STORE #2353,US-76/US-277,San Angelo,TX,612,3.196,31.478165,-100.481752,city_centroid
71361,ALLSUPS CONVENIENCE STORE #2358,US-277/US-87,Wall,TX,612,3.206,31.369445,-100.322132,city_centroid
71362,ALLSUPS CONVENIENCE STORE #2359,US-377/US-67 & CR-498,Stephenville,TX,630,3.159,32.221372,-98.222407,city_centroid
71363,ALLSUPS CONVENIENCE STORE #2360,FM-988 & FM-8,Stephenville,TX,630,3.159,32.221372,-98.222407,city_centroid
71364,QUICK FUEL #3188,I-75,Sidney,OH,317,3.332,40.287357,-84.162223,city_centroid
71365,COLES BP,SR 49,Brownsville,WI,582,3.099,43.610934,-88.509729,city_centroid
71366,AMOCO,SR 31,Kenosha,WI,444,3.719,42.605228,-87.829945,city_centroid
71367,ROAD RANGER #280,"I-20, EXIT 79 & SR-464",Monahans,TX,710,3.459,31.581294,-102.900273,city_centroid
71368,Kwik Star #1071,I-280 E and US-61 N,Davenport,IA,270,3.324,41.5218,-90.5743,city_centroid
71369,MR GAS TRAVEL CENTER #21,I-84 EXIT 59A,Boise,ID,785,3.696,43.6154,-116.2161,city_centroid
71370,MAVERIK COUNTRY STORE #645,"I-40, Exit 16",Gallup,NM,580,3.159,35.506475,-108.741352,city_centroid
71371,BREAK TIME #3167,US-65 & HWY-HH,Sedalia,MO,310,3.294,38.696076,-93.232268,city_centroid
71372,Simonson Station,US-71 & SR-34,Park Rapids,MN,458,3.599,46.937682,-95.038299,city_centroid
71376,7-ELEVEN #41127,SR-29,Labelle,FL,95,3.559,26.732093,-81.434027,city_centroid
71377,7-ELEVEN #38485,I-76 Exit 25,Brighton,CO,800,3.599,40.007222,-104.715556,city_centroid
71378,QUIKTRIP #1410,"I-10, EXIT 136B & SR-202, EXIT 78A",Phoenix,AZ,930,3.369,33.451,-112.0685,city_centroid
71379,QUIKTRIP #7211,"I-30/US-67/US-70, EXIT 128",Little Rock,AR,695,3.049,34.748342,-92.281939,city_centroid
71381,KWIK TRIP #1112,US-63 & SR-77,Hayward,WI,295,3.639,46.001404,-91.397659,city_centroid
71382,KWIK TRIP #346,US-151 BUS & CR-G/CR-D,Beaver Dam,WI,582,3.196,43.461574,-88.840681,city_centroid
71383,Caseys #3940,I-69 & SR 4,Ashley,IN,465,3.597,41.534651,-85.050385,city_centroid
71384,CASEYS #3944,I-29 & CR-106,Tea,SD,530,3.199,43.471114,-96.817734,city_centroid
71385,CASEYS #3907,I-675 & SR-235,Fairborn,OH,411,3.679,39.805311,-84.019789,city_centroid
71386,CASEYS #3952,SR-1 & SR-9,Hoopeston,IL,368,3.189,40.463873,-87.666229,city_centroid
71387,CASEYS #3954,"I-80, Exit 168",Newton,IA,320,3.249,41.699173,-93.045456,city_centroid
71388,CASEYS #3850,US HWY 77,Wahoo,NE,319,3.174,41.211723,-96.621946,city_centroid
71389,SPEEDWAY #1590,"I-95, EXIT 193",Dillon,SC,205,3.126,34.414553,-79.377015,city_centroid
71390,SPEEDWAY #7269,I-270 EXIT 6B,Granite City,IL,540,3.379,38.721572,-90.115822,city_centroid
71391,QUIKTRIP #7210,I-40 EXIT 142,North Little Rock,AR,695,3.049,34.766974,-92.265376,city_centroid
71392,Loves Travel Stop #834,SR 17 & SR 1,Grant Park,IL,290,3.329,41.247677,-87.647992,city_centroid
71393,CASEYS #3303,HWY 15 AND HWY 55,Kimball,MN,451,3.199,45.343584,-94.302837,city_centroid
71394,QUIKTRIP #955,"I-35W, EXIT 26A & US-67",Alvarado,TX,630,2.976,32.439499,-97.212971,city_centroid
71395,KWIK TRIP #340,US-18 & SR-23,Dodgeville,WI,420,3.489,42.969779,-90.140433,city_centroid
71397,RACEWAY #6971,US-82/SR-520,Leesburg,GA,10,3.109,31.681161,-84.159263,city_centroid
71398,KWIK STAR #1089,SR 415,Polk City,IA,320,3.159,41.754905,-93.689346,city_centroid
71399,Loves Travel Stop  #809,"I-70 & MO Hwy D, Exit 31",Bates City,MO,400,3.221,39.021887,-94.07984,city_centroid
71401,KWIK TRIP #1169,"I-694, EXIT 52B & SR-36",Saint Paul,MN,448,3.516,45.061132,-92.954847,city_centroid
71402,FIREBIRD FUEL #6196,US-60 & SR-303,Surprise,AZ,930,3.383,33.630028,-112.33143,city_centroid
71404,Flyers #3200,"I-17, Exit 215B",Phoenix,AZ,930,3.352,33.451,-112.0685,city_centroid
71405,FLYERS #3201,"US-60, Exit 157",Phoenix,AZ,930,3.369,33.451,-112.0685,city_centroid
71406,FLYERS #3203,"I-10, Exit 139",Phoenix,AZ,930,3.319,33.451,-112.0685,city_centroid
71407,FLYERS #3204,SR 202,Phoenix,AZ,930,3.352,33.451,-112.0685,city_centroid
71408,Flyers #3205,"I-17, Exit 195B",Phoenix,AZ,930,3.382,33.451,-112.0685,city_centroid
71410,Flyers #3213,"US-60, Exit 181",Mesa,AZ,930,3.352,33.43174,-111.846931,city_centroid
71411,Flyers #3214,"I-10, Exit 161C",Chandler,AZ,930,3.352,33.330091,-111.863156,city_centroid
71412,FLYERS #3215,SR 87,Chandler,AZ,930,3.352,33.330091,-111.863156,city_centroid
71413,Flyers #3216,"US 60, Exit 194",Apache Junction,AZ,930,3.422,33.3277,-111.3259,city_centroid
71416,FLYERS #3225,"I-10, Exit 255",Tucson,AZ,980,3.359,32.213873,-110.969445,city_centroid
71417,Flyers #3227,"I-10, Exit 263A",Tucson,AZ,980,3.356,32.213873,-110.969445,city_centroid
71418,Quick Fuel #3228,"I-10, Exit 264",Tucson,AZ,980,3.362,32.213873,-110.969445,city_centroid
71421,FLYERS #3236,"SR 601, Exit 22",El Paso,TX,640,3.229,31.758411,-106.478311,city_centroid
71428,KWIK TRIP #1140,SR-69/SR-92 & HWY-CC,Belleville,WI,420,3.604,42.866906,-89.53773,city_centroid
71429,QUIKTRIP #1432,SR 202 EXIT 76,Phoenix,AZ,930,3.369,33.451,-112.0685,city_centroid
71430,QUIKTRIP #7144,US-31W,Goodlettsville,TN,460,2.916,36.323056,-86.713333,city_centroid
71433,Kwik Star #1146,US HWY 151,Cedar Rapids,IA,380,3.624,41.9743,-91.655382,city_centroid
71434,KWIK STAR #1154,"SR 18 & SR 60, Exit 34",Sheldon,IA,433,3.199,43.180797,-95.840141,city_centroid
71435,QUIKTRIP #1036,I-85 Exit 40,Charlotte,NC,46,3.304,35.2269,-80.8433,city_centroid
71436,GOOD 2 GO #213,I-90 EXIT 58 & US-16,Buffalo,WY,836,3.525,44.34847,-106.70726,city_centroid
71437,GOOD 2 GO #121,I-15 EXIT 113,Idaho Falls,ID,825,3.479,43.517679,-111.990626,city_centroid
71438,LOVES TRAVEL STOP #893,US-80 & SR-307,Savannah,GA,195,3.289,32.067631,-81.102394,city_centroid
71439,LOVES TRAVEL STOP #802,I-10 EXIT 26,Milton,FL,20,3.339,30.660413,-87.047278,city_centroid
71440,MAVERIK COUNTRY STORE #667,"I-90, EXIT 289 & SR-27",Spokane,WA,970,3.969,47.666485,-117.436527,city_centroid
71441,MAVERIK COUNTRY STORE #678,US-191,Vernal,UT,835,3.442,40.440613,-109.546883,city_centroid
71442,RACETRAC #2597,"I-65, EXIT 91 & US-31W",Elizabethtown,KY,415,2.919,37.706973,-85.858977,city_centroid
71443,LOVES TRAVEL STOP #810,US-33 & SR-540,Bellefontaine,OH,411,3.352,40.360472,-83.757076,city_centroid
71444,One9 #1318,"I-44, Exit 88",Strafford,MO,416,2.986,37.279718,-93.10663,city_centroid
71445,SPEEDWAY #1051,I-90 & I-94 Exit 69,Mauston,WI,420,3.299,43.793383,-90.064085,city_centroid
71446,SPEEDWAY #4221,I-80 Exit 292,Davenport,IA,320,3.749,41.5218,-90.5743,city_centroid
71447,KWIK TRIP #612,SR-116,Winneconne,WI,582,3.532,44.118704,-88.721384,city_centroid
71449,MAVERIK COUNTRY STORE #628,I-15 & CR-215,Las Vegas,NV,910,3.356,36.172082,-115.122366,city_centroid
71450,MAVERIK COUNTRY STORE #664,I-25 EXIT 203,Los Lunas,NM,580,3.202,34.780607,-106.711537,city_centroid
71452,ALLSUPS CONVENIENCE STORE #2016,SR-214 & SR-114,Morton,TX,700,3.399,33.715718,-102.779619,city_centroid
71453,ALLSUPS CONVENIENCE STORE #2025,US-285,Roswell,NM,593,3.286,33.388504,-104.525857,city_centroid
71454,ALLSUPS CONVENIENCE STORE #2036,SR-18,Hobbs,NM,593,3.399,32.72217,-103.137246,city_centroid
71455,ALLSUPS CONVENIENCE STORE #2043,US-62,Idalou,TX,700,2.966,33.650376,-101.678579,city_centroid
71456,ALLSUPS CONVENIENCE STORE #2058,"I-40, Exit 332 & SR-209",Tucumcari,NM,585,3.355,35.168003,-103.717935,city_centroid
71457,ALLSUPS CONVENIENCE STORE #2075,US-70 & SR-6,Crowell,TX,770,3.199,33.991208,-99.698345,city_centroid
71458,ALLSUPS CONVENIENCE STORE #2082,SR-70,Spur,TX,700,3.199,33.479016,-100.857116,city_centroid
71460,ALLSUPS CONVENIENCE STORE #2101,SR-136,Fritch,TX,585,3.149,35.644121,-101.584482,city_centroid
71461,ALLSUPS CONVENIENCE STORE #2111,US-87 &,Texline,TX,585,2.966,36.374034,-102.984516,city_centroid
71462,ALLSUPS CONVENIENCE STORE #2138,CR-61,Hobbs,NM,593,3.382,32.72217,-103.137246,city_centroid
71463,ALLSUPS CONVENIENCE STORE #2146,SR-18,Hobbs,NM,593,3.212,32.72217,-103.137246,city_centroid
71464,ALLSUPS CONVENIENCE STORE #2153,US-277,Haskell,TX,575,3.539,33.157993,-99.730923,city_centroid
71465,ALLSUPS CONVENIENCE STORE #2173,US-20,Sweetwater,TX,575,2.846,32.472589,-100.397908,city_centroid
71466,ALLSUPS CONVENIENCE STORE #2185,US-380 & 9TH ST,Aspermont,TX,575,3.366,33.130059,-100.234372,city_centroid
71467,ALLSUPS CONVENIENCE STORE #2192,SR-86 & SR-207,Silverton,TX,585,3.159,34.464089,-101.316899,city_centroid
71468,ALLSUPS CONVENIENCE STORE #2212,SR-6,Stamford,TX,575,3.129,32.945323,-99.78593,city_centroid
71469,ALLSUPS CONVENIENCE STORE #2227,SR-114,Morton,TX,700,3.399,33.715718,-102.779619,city_centroid
71470,ALLSUPS CONVENIENCE STORE #2267,"I-20, EXIT 42 & CR-761",Pecos,TX,710,3.379,31.414384,-103.508129,city_centroid
71471,ALLSUPS CONVENIENCE STORE #2269,SR-524 & CR-658,Carlsbad,NM,593,3.249,32.411867,-104.239539,city_centroid
71472,ALLSUPS CONVENIENCE STORE #2276,HWY 84 & CR-466,Hermleigh,TX,612,2.972,32.629441,-100.754714,city_centroid
71473,ALLSUPS CONVENIENCE STORE #2378,US-BUS 287 & SR-25,Electra,TX,770,2.999,34.036234,-98.91545,city_centroid
71474,PILOT #1292,US-290 & SR-21,Paige,TX,765,3.499,30.185799,-97.119771,city_centroid
71476,KWIK TRIP #493,US HWY 12,Whitewater,WI,420,3.499,42.827174,-88.742864,city_centroid
71477,KWIK TRIP #1141,SR 54,Luxemburg,WI,582,3.482,44.550612,-87.715606,city_centroid
71478,RACEWAY #6970,SR-1 & Coker Rd,Rome,GA,193,3.199,34.250726,-85.146501,city_centroid
71479,RACETRAC #118,I-575 & SR-15,Jasper,GA,193,3.309,34.461965,-84.475881,city_centroid
71480,Loves Travel Stop #836,US-87,Dalhart,TX,585,3.436,36.073183,-102.517658,city_centroid
71481,Loves Travel Stop #843,"I-29, Exit 187",Drayton,ND,341,3.566,48.578569,-97.199222,city_centroid
71482,LOVES TRAVEL STOP #789,"I-15, Exit 277",Great Falls,MT,815,3.772,47.509812,-111.273397,city_centroid
71484,CIRCLE K #2745064,"I-75/SR-401, EXIT 101 & US-280/SR-30",Cordele,GA,10,2.999,31.963333,-83.7825,city_centroid
71485,Circle K #2709088,US-521 & SR-9,Lancaster,SC,46,3.299,34.749006,-80.761576,city_centroid
71486,HUCKS FOOD & FUEL #338,US-50/US-150 & US-41 BUS,Vincennes,IN,510,3.959,38.67344,-87.509806,city_centroid
71487,LOVES TRAVEL STOPS #835,"I-15, EXIT 163 & SR-99",Fillmore,UT,835,3.599,38.980539,-112.331321,city_centroid
71488,LOVES TRAVEL STOP #816,"I-90, EXIT 284",Kimball,SD,506,3.571,43.712881,-98.934305,city_centroid
71490,LOVES TRAVEL STOP #818,"I-20, EXIT 205 & SR-46",Heflin,AL,615,3.207,33.611515,-85.588471,city_centroid
71491,SPEEDWAY #1520,"I-55, EXIT 58 & SR-80",Matthews,MO,460,3.189,36.807528,-89.576833,city_centroid
71492,LOVES TRAVEL STOP #839,"I-64, EXIT 92",Leavenworth,IN,415,3.949,38.194244,-86.359862,city_centroid
71493,NEW TRAVEL PLAZA,I-20 EXIT 86,Ruston,LA,590,3.066,32.530823,-92.643927,city_centroid
71494,SPEEDWAY/7FLEET #7008,"I-90, EXIT 48A & SR-77",Corfu,NY,190,3.889,42.977734,-78.392906,city_centroid
71495,SPEEDWAY #1212,"I-65, EXIT 99 & US-31",Greenwood,IN,375,3.597,39.622398,-86.148993,city_centroid
71496,SPEEDWAY/7fleet #1052,US-30 & SR-57,Orrville,OH,249,3.499,40.845836,-81.774109,city_centroid
71498,KWIK TRIP #1143,US HWY 45,Antigo,WI,395,3.507,45.131362,-89.141871,city_centroid
71499,KWIK TRIP #1130,US HWY 151/18,Mount Horeb,WI,420,3.589,43.002022,-89.741448,city_centroid
71500,KWIK TRIP #1114,SR-35,Holmen,WI,515,3.331,43.976125,-91.2497,city_centroid
71502,ROAD RANGER #281,I-20 EXIT 332,Cisco,TX,575,3.141,32.380043,-98.986507,city_centroid
71503,LOVES TRAVEL STOP #093,US-80 & US-400/US-50,Garden City,KS,525,3.729,37.97693,-100.862088,city_centroid
71504,MAVERIK COUNTRY STORE #378,"I-84/I-15, EXIT 346 & SR-126",Ogden,UT,835,3.379,41.2443,-112.0072,city_centroid
71505,KWIK TRIP #1029,I-43 & SR-20,East Troy,WI,444,3.174,42.803531,-88.409215,city_centroid
71506,KWIK STAR #1165,SR-60,Sibley,IA,433,3.224,43.406929,-95.7424,city_centroid
71509,MAPLEFIELDS IRVING,I-91 & US-2,Saint Johnsbury,VT,39,3.599,44.427195,-72.005062,city_centroid
71510,RACETRAC #2601,"I-64, Exit 58",Frankfort,KY,410,2.919,38.192831,-84.88061,city_centroid
71511,RACETRAC #2592,US HWY 29,Athens,GA,16,3.312,33.976097,-83.363174,city_centroid
71512,RACETRAC #2603,Country Road 527,Orlando,FL,140,3.299,28.539882,-81.372668,city_centroid
71514,LOVES TRAVEL STOP #817,SR-136,Santa Teresa,NM,640,3.262,31.848,-106.6346,city_centroid
71515,LOVES TRAVEL STOP #824,"I-64 & SR-37, Exit 80",Mount Vernon,IL,574,3.349,38.317014,-88.910525,city_centroid
71516,LOVES TRAVEL STOP #833,"I-90, EXIT 61 & US-20",Ripley,NY,38,3.879,42.248175,-79.712103,city_centroid
71517,7-ELEVEN #41905,I-85 & CR-2120,Salisbury,NC,46,3.749,35.651498,-80.488945,city_centroid
71518,SPEEDWAY/7Fleet #9305,SR-18 & SR-1,Forrest City,AR,460,3.174,35.009129,-90.788572,city_centroid
71519,SPEEDWAY #1506,US-231 & SR-271,Montgomery,AL,720,3.042,32.3743,-86.3118,city_centroid
71520,KWIK TRIP #1104,SR-35/65 & SR-29,River Falls,WI,451,3.406,44.85501,-92.631275,city_centroid
71521,KWIK TRIP #1065,US-12 & SR-89,Whitewater,WI,420,3.424,42.827174,-88.742864,city_centroid
71522,Y NOT STOP BARBER SPUR,SR-10 & SR-13,Ville Platte,LA,730,3.499,30.692376,-92.27371,city_centroid
71523,QUIKTRIP #7170,I-59 EXIT 77,Cottondale,AL,615,2.916,33.176667,-87.387051,city_centroid
71524,Loves Travel Stop #813,"I-77, Exit 112",North Canton,OH,249,3.627,40.889919,-81.413464,city_centroid
71525,LOVES TRAVEL STOP #796,"I-40, EXIT 432B & U-25W/US-411/US-70",Newport,TN,405,3.689,35.954431,-83.202749,city_centroid
71526,LOVES TRAVEL STOP #820,"I-90, EXIT 41 & SR-414",Waterloo,NY,190,4.149,42.904515,-76.875498,city_centroid
71527,D & C FUEL EAST,US-6/SR-92,Tunkhannock,PA,200,3.699,41.550687,-75.941043,city_centroid
71528,GOOD 2 GO #218,I-90 EXIT 25 & US-14,Sheridan,WY,836,3.442,44.78486,-106.964795,city_centroid
71529,Kwik Trip #1161,US-BUS 53,Eau Claire,WI,295,3.407,44.783972,-91.487686,city_centroid
71531,BERT'S TRAVEL PLAZA,SR-33,Wellsville,KS,400,3.316,38.713676,-95.091573,city_centroid
71534,GOLDEN GATE - YERINGTON,SR-339 & US-95 ALT,Yerington,NV,966,3.716,38.986567,-119.159558,city_centroid
71535,GOLDEN GATE BATTLE MOUNTAIN,"I-80, EXIT 233",Battle Mountain,NV,966,3.339,40.621985,-116.955439,city_centroid
71536,PILOT TRAVEL CENTERS  #1106,"I-25/US-85, EXIT 215 & SR-47",Albuquerque,NM,580,3.566,35.0936,-106.6423,city_centroid
71542,CIRCLE K #2706625,US-85,Eaton,CO,795,3.399,40.527272,-104.714559,city_centroid
71543,THE SOCO GROUP #4,SR-111,El Centro,CA,900,4.839,32.789332,-115.566508,city_centroid
71555,Kwik Trip #307,SR-35/US-18,Prairie Du Chien,WI,335,3.599,43.042649,-91.119305,city_centroid
71556,KWIK TRIP #1167,"HWY 29, EXIT 108",Thorp,WI,295,3.452,44.957319,-90.802861,city_centroid
71557,MUSKOGEE TRAVEL PLAZA,US-69,Muskogee,OK,560,3.016,35.730661,-95.375491,city_centroid
71558,ALLSUPS #2384,US-60,Friona,TX,585,2.994,34.640298,-102.719139,city_centroid
71559,ALLSUPS CONVENIENCE STORE #2228,US-83 & CR-613,Tuscola,TX,575,2.917,32.234955,-99.82439,city_centroid
71560,CIRCLE K #2709675,"I-25, EXIT 41 & SR-543/SR-26",Hatch,NM,640,3.799,32.658335,-107.159028,city_centroid
71561,ABBOTTS TRAVEL CENTER,I-35 EXIT 359,Abbott,TX,765,3.066,31.891642,-97.067146,city_centroid
71562,PILOT #1317,I-90 EXIT 28,Fultonville,NY,12,3.999,42.903601,-74.359765,city_centroid
71563,Kwik Star #1081,SR-9,Decorah,IA,515,3.579,43.322711,-91.793947,city_centroid
71564,GRAB N GO,SR-200 & SR-22,Killdeer,ND,273,3.549,47.410898,-102.776242,city_centroid
71565,CIRCLE K #2741253,"SR 375, Exit 39",El Paso,TX,640,3.196,31.758411,-106.478311,city_centroid
71566,Mankato Travel Center,US HWY 14 & SR 22,Mankato,MN,425,3.499,44.177541,-94.031476,city_centroid
71567,PRIDE CONVENIENCE STORE,"I-91, EXIT 40 & SR-20",East Granby,CT,100,3.649,41.932215,-72.745889,city_centroid
71568,QUIKTRIP #294,I-35,Gardner,KS,485,2.999,38.80754,-94.915675,city_centroid
71570,STEELE 66 TRUCK PLAZA,Hwy O & CR-425,Steele,MO,418,3.399,36.091528,-89.834585,city_centroid
71571,RACETRAC #2587,I-75 & US-98,Brooksville,FL,140,3.299,28.565805,-82.373674,city_centroid
71572,7-ELEVEN #41525,US-460 & SR-630,Disputanta,VA,180,2.999,37.148268,-77.273172,city_centroid
71573,RACETRAC #2588,I-4 & US-301,Tampa,FL,225,3.299,27.9428,-82.4549,city_centroid
71574,RACETRAC #2594,US-441,Dublin,GA,85,2.999,32.547794,-82.90368,city_centroid
71575,Racetrac #2308,SR-161,Irving,TX,630,2.936,32.842,-96.9719,city_centroid
71576,RACETRAC #2429,SR-161,Irving,TX,630,2.901,32.842,-96.9719,city_centroid
71577,TOOT N TOTUM #130,US-87 & Dorsey Rd,Clayton,NM,585,3.199,36.441378,-103.188823,city_centroid
71578,RACETRAC #2595,I-65 EXIT 284,Alabaster,AL,615,2.999,33.236868,-86.812861,city_centroid
71579,KWIK TRIP #1138,SR 28,Sheboygan,WI,444,3.242,43.740981,-87.724667,city_centroid
71580,MAVERIK COUNTRY STORE #676,"I-15/I-84, EXIT 376 & SR-13",Tremonton,UT,835,3.444,41.701564,-112.181293,city_centroid
71582,LOVES TRAVEL STOP #847,US-601 & SR-207,Pageland,SC,46,3.386,34.772193,-80.396615,city_centroid
71583,CIRCLE K #2706993,SR 27 N,Lake Wales,FL,225,3.799,27.903734,-81.548805,city_centroid
71586,ALLTOWN FRESH,US-9 & SR-23,Livingston,NY,12,3.659,42.141944,-73.778333,city_centroid
71590,TA SPRINGER,I-25 EXIT 419,Springer,NM,580,3.529,36.37672,-104.592705,city_centroid
71592,THE WOODSHED,US-59 & SR-10,Welch,OK,307,3.099,36.902022,-95.129455,city_centroid
71594,BP,US-20 & SR13,Middlebury,IN,465,3.799,41.675415,-85.711443,city_centroid
71595,Hucks Market #100,US-36,Hannibal,MO,494,3.132,39.70636,-91.38387,city_centroid
71596,ALLSUPS #2379,US-70/US-380,Tinnie,NM,700,3.359,33.337308,-105.202681,city_centroid
71597,Allsups #2380,US-84,Sudan,TX,700,3.199,34.069661,-102.525525,city_centroid
71598,Allsups #2381,SR-199,Azle,TX,630,2.919,32.903453,-97.541153,city_centroid
71600,TA EXPRESS #290,"I-45, EXIT 198 & FM-27",Fairfield,TX,765,3.439,31.736136,-96.157176,city_centroid
71601,Circle K #2723479,"I-40, EXIT 306B & US-70",Garner,NC,205,3.369,35.681254,-78.597527,city_centroid
71603,FLYERS #3223,US-70/191,Safford,AZ,980,3.862,32.829491,-109.626641,city_centroid
71604,MAVERIK COUNTRY STORE #669,"I-80, Exit 113 & SR-172",Salt Lake City,UT,835,3.446,40.755851,-111.896657,city_centroid
71605,Allsups Convenience Store #2377,US-70 & US-54,Alamogordo,NM,640,3.062,32.893186,-105.948544,city_centroid
71606,Allsups #2396,HWY 62 82 179,Wolfforth,TX,700,2.916,33.530381,-102.026101,city_centroid
71607,Loves Travel Stop #827,"I-90, Exit 174",Moses Lake,WA,970,3.889,47.137363,-119.289149,city_centroid
71608,Loves Travel Stop #842,"I-194, eXIT 164",Saint Cloud,MN,448,3.291,45.540972,-94.181857,city_centroid
71609,QUIKTRIP #73,"US-75, US 62",Henryetta,OK,560,3.026,35.454476,-95.976187,city_centroid
71610,FRIENDLY GUS #25,US-80 & SR-338,Dudley,GA,85,3.832,32.525879,-83.089918,city_centroid
71612,RACEWAY #6898,"I-95, EXIT 373 & HWY A1A",Yulee,FL,75,3.271,30.631667,-81.606667,city_centroid
71614,7-ELEVEN #41808,"I-85, EXIT 106 & US-29",Blacksburg,SC,210,3.359,35.115047,-81.508004,city_centroid
71615,HUTCHS #128,US-62 & US-281/SR-8,Anadarko,OK,483,2.999,35.072808,-98.24291,city_centroid
71616,ALLSUPS CONVENIENCE STORE #2382,"I-20, EXIT 366 & US-281",Mineral Wells,TX,630,2.946,32.810283,-98.063051,city_centroid
71617,CIRCLE K #2709087,US-98/US-19,Chiefland,FL,75,3.582,29.483243,-82.880896,city_centroid
71618,Loves Travel Stop #837,"I-35, Exit 52",Cameron,MO,400,3.689,39.730892,-94.243723,city_centroid
71619,7-ELEVEN # 41365,"I-840/I-785, EXIT 18 & US-70",Greensboro,NC,65,3.199,36.069741,-79.768151,city_centroid
71621,TOOT N TOTUM #127,"I-27, Exit 49B",Plainview,TX,585,2.896,34.196194,-101.725896,city_centroid
71622,Circle K #2706628,SR-193 & SR-163,Theodore,AL,715,3.392,30.544374,-88.180748,city_centroid
71623,Circle K #2706637,US-43,Grove Hill,AL,715,3.719,31.675502,-87.763571,city_centroid
71624,MAVERIK COUNTRY STORE #681,"I-80, Exit 410",West Wendover,NV,835,3.386,40.735,-114.075278,city_centroid
71625,MAVERIK COUNTRY STORE #679,US-160/285 & SR-17,Alamosa,CO,803,3.349,37.470274,-105.878602,city_centroid
71627,QUIKTRIP #1730,I-75 EXIT 185,Forsyth,GA,85,3.089,33.050764,-83.936209,city_centroid
71628,QUIKTRIP #7171,I-65 EXIT 231,Calera,AL,615,2.999,33.1098,-86.755987,city_centroid
71629,KWIK TRIP #1139,SR-95 & SR-65,Cambridge,MN,451,3.399,45.557591,-93.288935,city_centroid
71630,CIRCLE K #2701524,"US-52, Exit 134 & SR-268",Pilot Mountain,NC,65,3.429,36.41094,-80.492065,city_centroid
71631,RACEWAY #6891,SR-20 & SR-67,Decatur,AL,615,3.099,34.589599,-86.98868,city_centroid
71632,Loves Travel Stop #819,SR-21 & SR-275,Rincon,GA,195,3.331,32.235632,-81.287777,city_centroid
71634,76,"US HWY 278, US HWY 45",Tupelo,MS,742,3.149,34.253834,-88.720853,city_centroid
71635,Racetrac #2610,US-231,Murfreesboro,TN,460,3.049,35.7913,-86.357,city_centroid
71636,RACETRAC #2580,US-41 & SR-268,Murfreesboro,TN,460,3.032,35.7913,-86.357,city_centroid
71637,HORSESHOE #4,SR-114,Smyer,TX,700,2.959,33.584167,-102.162778,city_centroid
71638,QUIKTRIP #4032,"I-35, EXIT 176",Schertz,TX,740,2.916,29.568159,-98.272214,city_centroid
71639,PAR MAR FOOD STORE #13,"I-77, EXIT 1 & SR-7",Hannibal,OH,430,3.899,39.667222,-80.872222,city_centroid
71640,RACETRAC #2544,SR-81 & SR-316,Bethlehem,GA,16,3.312,33.926116,-83.728227,city_centroid
71641,76,I-17,Phoenix,AZ,930,3.232,33.451,-112.0685,city_centroid
71642,MAVERIK COUNTRY STORE #398,HWY 89 & LAKE POWELL BLVD,Page,AZ,930,3.456,36.896625,-111.43847,city_centroid
71643,Pilot #1319,I-35 Exit 30,Alvarado,TX,630,3.206,32.439499,-97.212971,city_centroid
71644,CHISUM TRAVEL CENTER #38,I-20 EXIT 210,Colorado City,TX,612,2.926,32.398736,-100.860948,city_centroid
71646,SPEEDWAY #6542,"I-10, Exit 192",Midway,FL,155,3.599,30.495278,-84.454444,city_centroid
71647,QUIKTRIP #667,I-44 Exit 189,Rolla,MO,392,2.982,37.948527,-91.760348,city_centroid
71648,QUIKTRIP #7149,I-24 Exit 8,Clarksville,TN,460,2.916,36.522014,-87.348997,city_centroid
71649,Allsups Convenience Store #2385,US-183 & US-180,Breckenridge,TX,575,3.307,32.753166,-98.909882,city_centroid
71650,ALLSUPS CONVENIENCE STORE #2405,SR-208 & SR-158,Robert Lee,TX,612,3.266,31.895091,-100.510366,city_centroid
71651,QUIKTRIP #4151,"I-35, Exit 220",Buda,TX,595,2.916,30.091758,-97.853422,city_centroid
71652,CIRCLE K #4705575,SR-261,Akron,OH,249,3.769,41.044852,-81.520048,city_centroid
71653,MAVERIK COUNTRY STORE #701,US-160,Durango,CO,614,3.299,37.287388,-107.861684,city_centroid
71654,LOVES TRAVEL STOP  #851,"I-39/US-51, EXIT 111 & SR-72",Monroe Center,IL,520,3.749,42.10501,-89.016946,city_centroid
71655,79 ONE STOP,SR-62 & SR-37,Saint Croix,IN,415,3.499,38.239773,-86.603511,city_centroid
71656,CASEYS #3268,US-59 & SR-119,Appleton,MN,522,3.446,45.20543,-95.994872,city_centroid
71657,CASEYS #2855,US HWY 63,Cabool,MO,535,3.259,37.131366,-92.114409,city_centroid
71659,Loves Travel Stop #646,"I-84, Exit 71",Willington,CT,100,4.359,41.873996,-72.272774,city_centroid
71661,Loves Travel Stop #822,"I-40,  Exit 57 & S Crawford St",Clarksville,AR,695,3.392,35.490763,-93.491056,city_centroid
71662,PUMP & PANTRY #33,SR-22/39,Genoa,NE,330,3.289,41.446776,-97.764011,city_centroid
71663,Allsups #2388,I-27 & SR-217,Canyon,TX,585,2.901,34.977222,-101.924705,city_centroid
71664,RUTTERS #95,SR-9,Martinsburg,WV,22,3.999,39.459959,-77.958915,city_centroid
71666,Circle K#2746513,SR-13/SIOUX TRL,Savage,MN,448,3.799,44.761547,-93.343445,city_centroid
71667,7-Eleven #38986,"I-75, EXIT 301 & US-98",Brooksville,FL,225,3.399,28.565805,-82.373674,city_centroid
71668,7-ELEVEN #41572,I-77 & US-70,Statesville,NC,46,2.859,35.8381,-80.8842,city_centroid
71672,7-ELEVEN #41573,US-67,Glen Rose,TX,765,3.589,32.229762,-97.762911,city_centroid
71673,7-ELEVEN #41792,"I-85, EXIT 27",Anderson,SC,30,2.959,34.526051,-82.630436,city_centroid
71674,Kwik Trip #1177,SR-65,Cambridge,MN,451,3.424,45.557591,-93.288935,city_centroid
71676,CIRCLE K #4702409,US-52,Lafayette,IN,375,3.157,40.417743,-86.888358,city_centroid
71679,TOOT N TOTUM #22,FM 1541 & FM 1151,Amarillo,TX,585,2.967,35.166332,-101.886764,city_centroid
71680,Alexs Shelby Truck Stop,US HWY 278 & SR 32,Shelby,MS,655,3.199,33.949058,-90.762461,city_centroid
71681,WASPYS TRUCK STOP,US-71,Audubon,IA,319,3.316,41.730032,-94.916412,city_centroid
71682,Gas N Wash,"SR 83, SR 50, I-294",Alsip,IL,365,3.299,41.6723,-87.7339,city_centroid
71683,GAS N WASH,US HWY 6,Joliet,IL,365,3.799,41.527154,-88.08241,city_centroid
71685,ON THE ROAD 110,US-59,Diboll,TX,618,3.199,31.195028,-94.772911,city_centroid
71686,Allsups #2391,I-20 Exit 269,Merkel,TX,575,2.876,32.444371,-99.992443,city_centroid
71687,ALLSUPS #2386,I-20 EXIT 216,Colorado City,TX,612,2.942,32.398736,-100.860948,city_centroid
71688,KWIK TRIP #1151,"I-90, EXIT 183 & CR-BT",Beloit,WI,420,3.374,42.522871,-89.039897,city_centroid
71689,KWIK TRIP #1108,"I-41/US-45, EXIT 52 & SR-164",Colgate,WI,444,3.247,43.199767,-88.240614,city_centroid
71691,ALLSUPS #2399,US-287 & SR-207,Claude,TX,585,2.929,35.096715,-101.381271,city_centroid
71692,GXP #200,"I-85/SR-403, EXIT 140 & SR-82",Jefferson,GA,16,3.239,34.106197,-83.570813,city_centroid
71694,J&H Family Store,"I-96, Exit 19",Coopersville,MI,456,3.499,43.06013,-85.951722,city_centroid
71695,KWIK TRIP #1126,US-14/US-61,La Crosse,WI,444,3.384,43.798938,-91.217494,city_centroid
71696,SUPER SAVE #10,I-220 EXIT 1A,Shreveport,LA,745,3.199,32.503743,-93.748696,city_centroid
71697,LOVES TRAVEL STOP #829,I-80 EXIT 81,Brookville,PA,14,4.019,41.159986,-79.064101,city_centroid
71698,Kwik Star #1142,hwy 6,Iowa City,IA,380,3.134,41.654899,-91.511192,city_centroid
71699,KWIK TRIP #597,"I-94, EXIT 344 & SR-31",Kenosha,WI,444,3.744,42.605228,-87.829945,city_centroid
71700,ARCO,US-19/US-98/US-27Alt & CR-30A,Perry,FL,75,3.699,30.097489,-83.585021,city_centroid
71701,CIRCLE K #2746510,SR 32,De Pere,WI,360,3.349,44.438779,-88.080613,city_centroid
71702,SHOP AND SAVE,US-220 & CR-734,Ridgeway,VA,65,3.909,36.5874,-79.86859,city_centroid
71704,QUIKTRIP #962,"I-30, Exit 61A",Garland,TX,630,2.897,32.922744,-96.624804,city_centroid
71705,STRIPES #41980,"I-37, EXIT 11A",Corpus Christi,TX,625,3.199,27.794086,-97.402994,city_centroid
71706,QUIKTRIP #1176,I-77Exit 2,West Columbia,SC,135,3.309,33.995024,-81.088836,city_centroid
71707,QUARLES #4437,US HWY 30,Lancaster,PA,208,3.999,40.075381,-76.319888,city_centroid
71708,QUARLES #4936,I-95 Exit 69,Richmond,VA,180,3.699,37.5594,-77.4472,city_centroid
71709,MAPCO EXPRESS #7553,SR 153 EXIT 2,Chattanooga,TN,285,2.994,35.0455,-85.3081,city_centroid
71710,KWIK STAR #1180,SR-141,Perry,IA,320,3.061,41.839695,-94.102167,city_centroid
71712,MAVERIK COUNTRY STORE #693,"I-70, Exit 160 & hwy 191",Green River,UT,810,3.282,39.000243,-110.159817,city_centroid
71713,Pilot Dealer #1383,"I-555, Exit 39",Jonesboro,AR,435,3.439,35.833016,-90.696526,city_centroid
71714,RACETRAC #2576,SR-997 & SR-994,Miami,FL,95,3.287,25.779,-80.1982,city_centroid
71715,Allsups Convenience Store #2401,US-87,San Angelo,TX,612,3.196,31.478165,-100.481752,city_centroid
71716,Allsups #2404,US-62,Carlsbad,NM,593,3.194,32.411867,-104.239539,city_centroid
71717,Kwik Trip #1199,US-14,Darien,WI,345,3.199,42.6435,-88.714217,city_centroid
71718,KWIK STAR #1158,US-30,Ames,IA,320,3.174,42.029859,-93.639398,city_centroid
71719,LOVES TRAVEL STOP #832,"I-35, EXIT 129",Forest Lake,MN,515,3.362,45.268499,-92.974894,city_centroid
71721,HUCKS FOOD & FUEL #314,US-50/150,Washington,IN,510,3.462,38.653568,-87.170656,city_centroid
71722,MAVERIK #5392,FM-16,Keenesburg,CO,800,3.154,40.095847,-104.446366,city_centroid
71723,ALLSUPS CONVENIENCE #2398,SR-70,Pampa,TX,585,3.079,35.538043,-100.957885,city_centroid
71724,ALLSUPS CONVENIENCE #2403,US-180,Mineral Wells,TX,630,3.006,32.810283,-98.063051,city_centroid
71725,Allsups Convenience Store #2406,US-67,Rankin,TX,710,3.499,31.2225,-101.9375,city_centroid
71726,Kwik Trip #1152,US HWY 169,Saint Peter,MN,425,3.724,44.335107,-93.981061,city_centroid
71735,Loves Travel Stop #811,US-395,Pasco,WA,925,4.589,46.249183,-119.104387,city_centroid
71736,Racetrac #2312,US-41/SR-92,Acworth,GA,18,3.209,34.075627,-84.647741,city_centroid
71737,RACETRAC #2605,"I-295, EXIT 25",Jacksonville,FL,75,3.249,30.0759,-81.5803,city_centroid
71738,KWIK TRIP #1196,"US-151, EXIT 21",Platteville,WI,335,3.514,42.73932,-90.485406,city_centroid
71739,TA EXPRESS #418,"I-16/SR-404, EXIT 116 & US-301/25",Register,GA,135,3.286,32.338235,-81.872828,city_centroid
71740,SPRINT FOODS #735,US-78/US-1 & SR-19,Aiken,SC,135,3.172,33.553024,-81.719429,city_centroid
71741,SPRINT FOOD STORE #733,"I-20, EXIT 183 & US-221",Harlem,GA,135,3.599,33.417007,-82.309659,city_centroid
71769,DUCK THRU FOOD STORE #60,US HWY 64,Spring Hope,NC,205,3.469,35.930193,-78.1085,city_centroid
71770,ONVO TRAVEL PLAZA,"I-81, Exit 155",Mountain Top,PA,200,3.587,41.134975,-75.937642,city_centroid
71771,BREAK TIME #3170,SR-13 & HWY-T,Bolivar,MO,535,3.374,37.608502,-93.412631,city_centroid
71772,Kwik Trip #1137,US-8,Saint Croix Falls,WI,451,3.524,45.413215,-92.638371,city_centroid
71773,KWIK STAR #710,US-30 EXIT-202,Toledo,IA,565,3.399,42.007696,-92.566206,city_centroid
71774,CASEYS #4292,1020 5TH ST,Carrollton,IL,574,3.239,39.300937,-90.409211,city_centroid
71775,Caseys #3950,US-270 & US-54,Liberal,KS,525,3.319,37.043789,-100.92857,city_centroid
71776,QUIKTRIP #7172,"I-85/US-29, EXIT 58 & SR-169",Opelika,AL,50,2.999,32.627771,-85.358629,city_centroid
71779,TCI PHOENIX,"I-10, EXIT 138 & US-202, EXIT 76",Phoenix,AZ,930,2.922,33.451,-112.0685,city_centroid
71784,7-ELEVEN #41750,I-4 & SR-33,Lakeland,FL,225,3.289,28.038134,-81.939153,city_centroid
71785,7-ELEVEN #41266,I-81 & SR-924,Hazleton,PA,200,3.839,40.962107,-75.978193,city_centroid
71786,SHEETZ #751,I-76 EXIT 91,Donegal,PA,165,3.259,40.099613,-79.381043,city_centroid
71787,PUMP & PANTRY #55,US-159 & US-73,Falls City,NE,486,3.239,40.074193,-95.593148,city_centroid
71792,KWIK TRIP #1147,US-71 & SR-60,Windom,MN,425,3.349,43.879022,-95.151531,city_centroid
71793,QUARLES #4602,"SR-267, EXIT 8B & SR-606",Sterling,VA,60,3.659,39.0061,-77.4288,city_centroid
71794,KWIK TRIP #1174,US-51 & US-2,Ironwood,MI,334,3.139,46.463793,-90.158844,city_centroid
71795,CIRCLE  K #2654290,I-85 EXIT 13,Lagrange,GA,50,3.899,33.034025,-85.039511,city_centroid
71797,KWIK STAR #1186,"I-80/US-6, EXIT 142 & US-65",Altoona,IA,320,3.199,41.647549,-93.472415,city_centroid
71798,Space Age #202,"I-5, EXIT 52",Castle Rock,WA,935,3.659,46.278291,-122.9139,city_centroid
71800,Stuckeys Travel Plaza,"I-44, EXIT 179",Newburg,MO,535,2.972,37.900778,-91.880683,city_centroid
71801,Love's Travel Stop #869,US HWY 75,Le Mars,IA,527,3.456,42.79623,-96.170386,city_centroid
71802,ALLSUPS #2407,I-10 EXIT 259,Fort Stockton,TX,710,3.029,30.890785,-102.879942,city_centroid
71803,KENT KWIK #321,I-20 EXIT 143,Midland,TX,710,2.941,31.989636,-102.06261,city_centroid
71804,GAS N WASH,I-88 EXIT 114,Montgomery,IL,290,3.599,41.717742,-88.331965,city_centroid
71805,RACETRAC #2583,I-24E,La Vergne,TN,460,2.899,36.012714,-86.559969,city_centroid
71806,RACETRAC #2600,SR-70,Okeechobee,FL,140,3.299,27.311532,-80.847853,city_centroid
71807,KWIK TRIP #1270,SR-172,Green Bay,WI,582,3.291,44.485313,-88.016868,city_centroid
71808,WEIGELS #100,SR 153,Chattanooga,TN,405,3.016,35.0455,-85.3081,city_centroid
71811,7-ELEVEN #41826,SR-722 & SR-283,Lancaster,PA,70,4.129,40.075381,-76.319888,city_centroid
71812,KWIK TRIP #1198,I-43 & Hwy AA,Oostburg,WI,444,3.242,43.622939,-87.796955,city_centroid
71813,Kweik Star #1156,SR-150 & SR-3,Oelwein,IA,565,3.582,42.681095,-91.913084,city_centroid
71814,TEX-BEST #531,US-90,Uvalde,TX,740,2.874,29.217238,-99.793074,city_centroid
71815,MAVERIK COUNTRY STORE #688,I-15 EXIT 339,Ogden,UT,835,3.386,41.2443,-112.0072,city_centroid
71816,MAVERIK COUNTRY STORE #694,I-15 EXIT 222,Nephi,UT,835,3.406,39.692275,-111.8359,city_centroid
71817,KWIK TRIP #1128,US-12,Altoona,WI,295,3.332,44.802142,-91.43825,city_centroid
71818,TA EXPRESS RIVERTON #433,I-72 EXIT 108,Riverton,IL,318,3.409,39.855239,-89.541908,city_centroid
71822,DK,SR 176,Lenorah,TX,612,3.532,32.439157,-101.761137,city_centroid
71823,MARKER 126,US HWY 20,Duncombe,IA,343,3.059,42.449303,-94.059212,city_centroid
71824,QuikTrip #4052,US 181 S,San Antonio,TX,740,2.922,29.644226,-98.312774,city_centroid
71826,KWIK TRIP #1183,US-2,Bessemer,MI,334,3.139,46.480188,-90.051544,city_centroid
71827,KWIK TRIP #1188,US-12,Cokato,MN,451,3.474,45.074761,-94.191054,city_centroid
71828,KWIK TRIP #1209,SR-42,Sturgeon Bay,WI,582,3.582,44.84384,-87.375311,city_centroid
71829,KWIK TRIP #1043,US-53/SR-194,Duluth,MN,334,3.499,47.094431,-91.846731,city_centroid
71830,One9 #1330,"I-40/US-63, EXIT 216 & US-49",Brinkley,AR,695,3.199,34.878124,-91.188596,city_centroid
71831,Loves Travel Stop #865,"I-35, Exit 186",Perry,OK,483,3.389,36.287468,-97.284175,city_centroid
71832,SHEETZ #753,SR 3,Seville,OH,249,3.082,41.022731,-81.856199,city_centroid
71833,Circle K #2706636,US HWY 43,Jackson,AL,715,3.899,31.513098,-87.867192,city_centroid
71835,CUZZS TRAVEL DEPOT,US 43 N,Thomasville,AL,715,3.599,31.906728,-87.759842,city_centroid
71836,DUCK THRU FOOD STORE #59,US 13 EXIT 119,Greenville,NC,205,3.499,35.6594,-77.3974,city_centroid
71837,RUTTERS #86,"US-15, EXIT 17 & SR-26",Frederick,MD,70,3.899,39.408235,-77.400875,city_centroid
71838,RUTTERS #24,SR-74 & SR-2069,Brogue,PA,70,4.099,39.883044,-76.488236,city_centroid
71839,RUTTERS #92,US-222 & SR-737,Kutztown,PA,90,3.699,40.521354,-75.777395,city_centroid
71840,NEON MARKETPLACE,"SR-79, EXIT 10",Fall River,MA,175,3.949,41.718221,-71.139991,city_centroid
71841,Quick Fuel #3193,US-69,Kansas City,KS,400,3.346,39.115733,-94.627139,city_centroid
71844,HD EXPRESS MART,US 20,Clyde,OH,550,3.379,41.302397,-82.991849,city_centroid
71845,ALLSUPS #2424,US 180,Millsap,TX,630,2.984,32.670019,-97.878386,city_centroid
71848,CLIFTON SUPER STOP,"I-16, EXIT 104",Metter,GA,195,3.249,32.401034,-82.060722,city_centroid
71849,TOOT N TOTUM #128,I-40 EXIT 57,Amarillo,TX,585,3.089,35.166332,-101.886764,city_centroid
71850,CEDAR GROVE OASIS,"I-43, Exit 113",Cedar Grove,WI,444,3.239,43.575076,-87.840108,city_centroid
71851,PWI #164,I-35/US-77 & FM-3115,Abbott,TX,765,2.892,31.891642,-97.067146,city_centroid
71852,KWIK TRIP #1164,US-63,Spooner,WI,295,3.599,45.850468,-91.91555,city_centroid
71853,Landmark Travel Center,I-20 EXIT 301,Clyde,TX,575,2.901,32.380289,-99.518445,city_centroid
71854,EXXON DBA Pilot #1289,US 75 EXIT 72,Denison,TX,630,3.239,33.745009,-96.549574,city_centroid
71855,BYRNE DAIRY #136,I-90 Exit 37,Liverpool,NY,220,3.659,43.109925,-76.186999,city_centroid
71856,GO TIME #7,"I-75, EXIT 29",Corbin,KY,410,2.999,36.934429,-84.10208,city_centroid
71857,QUIKTRIP #1196,"I-20, EXIT 11 & SR-144",Graniteville,SC,135,3.159,33.563016,-81.814686,city_centroid
71858,QUIKTRIP #7224,"I-20, EXIT 112",West Monroe,LA,719,2.892,32.531726,-92.175971,city_centroid
71859,ALLSUPS #2415,SR 6,Meridian,TX,765,2.966,31.929022,-97.64433,city_centroid
71860,PILOT #1347,"I-59, EXIT 5A",Pearl River,LA,725,3.164,30.394448,-89.77315,city_centroid
71862,Loves Travel Stop #863,I-90 & SR-528,Madison,OH,305,3.849,41.805367,-81.058819,city_centroid
71864,MPC #30,"I-44, Exit 195",Saint James,MO,540,2.986,38.005622,-91.607565,city_centroid
71865,RACETRAC #574,"I-30, EXIT 68",Rockwall,TX,630,2.924,32.931111,-96.459444,city_centroid
71866,RACETRAC #2615,"I-65, EXIT 128",Louisville,KY,415,2.919,38.2435,-85.7639,city_centroid
71867,HOLIDAY STATIONSTORE #2653855,US-12,Aberdeen,SD,530,3.107,45.466109,-98.485642,city_centroid
71868,RACETRAC #2456,SR-44 & CR-491,Lecanto,FL,140,3.316,28.9303,-82.4905,city_centroid
71869,PORT FUEL CENTER,"I-516, EXIT 7B & SR-21",Port Wentworth,GA,195,3.182,32.149092,-81.1631681,manual
71870,Circle K #2706479,US-280,Sylacauga,AL,615,3.799,33.171675,-86.271257,city_centroid
71871,KWIK TRIP #1133,US-10 & SR-85,Durand,WI,295,3.431,44.630042,-91.929476,city_centroid
71872,KWIK STAR #1189,"I-80, EXIT 110",De Soto,IA,320,3.224,41.533285,-94.027582,city_centroid
71873,KWIK TRIP #1182,"I-35E, EXIT 123B",Hugo,MN,448,3.377,45.1628,-93.003493,city_centroid
71874,Rutters #85,I-76 & US-30,Bedford,PA,14,4.099,39.990838,-78.526071,city_centroid
71875,LOVES TRAVEL STOP #615,US-59 & US-79,Carthage,TX,618,3.102,32.154379,-94.352721,city_centroid
71876,LOVES TRAVEL STOP #861,"I-75, EXIT 72 & SR-72",Loudon,TN,285,3.587,35.729211,-84.34362,city_centroid
71877,LOVES TRAVEL STOP #859,"I-80, EXIT 116 & US-6",Morris,IL,290,3.789,41.367233,-88.417769,city_centroid
71878,LOVES TRAVEL STOP #872,SR-78 & CR-27,Lancaster,OH,315,3.276,39.718697,-82.603074,city_centroid
71879,Gas N Wash Schoolhouse,FM-74,New Lenox,IL,399,3.699,41.506701,-87.963083,city_centroid
71883,QUIKTRIP #4178,SR-130,Hutto,TX,595,2.916,30.525725,-97.567203,city_centroid
71886,QUIKTRIP #7136,US-17,Brunswick,GA,195,3.074,31.169652,-81.493045,city_centroid
71887,SHELL,I-80 & SR-63,Greenwood,NE,413,3.399,40.97064,-96.42584,city_centroid
71888,KJS ALPINE,US HWY 26,Alpine,WY,825,3.799,43.175278,-111.033889,city_centroid
71889,Payson Cardlock,SR 260 & SR 87,Payson,AZ,930,3.709,34.219779,-111.287774,city_centroid
71890,Carter Flagstaff Cardlock (Bulk Plant),I-40 Exit 198,Flagstaff,AZ,930,3.689,35.185911,-111.661979,city_centroid
71892,Tropic Fleet Bradenton Cardlock,US 301,Bradenton,FL,225,3.499,27.502778,-82.513889,city_centroid
71893,Tropic Fleet Rechtien Cardlock,SR-934,Miami,FL,95,3.471,25.779,-80.1982,city_centroid
71894,Majors 663 Nacogdoches Truck Plaza,US-259 & US-59,Nacogdoches,TX,618,3.029,31.618534,-94.651093,city_centroid
71897,ONE9 XPRESS FUEL #1349,I-10 EXIT 140B,Van Horn,TX,640,3.459,31.042879,-104.832249,city_centroid
71898,Loves Travel Stop #867,I-55 Exit 165,Normal,IL,280,3.389,40.512446,-88.988287,city_centroid
71899,LOVES TRAVEL STOP #882,US-61/SR-92,Muscatine,IA,270,3.439,41.430378,-91.050928,city_centroid
71902,MURPHY EXPRESS #8928,FM-1472,Laredo,TX,693,2.846,27.515538,-99.498579,city_centroid
71903,ALLSUPS #2412,SR 199 W,Springtown,TX,630,2.919,32.966021,-97.634951,city_centroid
71904,SHEETZ #745,I-90 EXIT 212,Madison,OH,305,3.082,41.805367,-81.058819,city_centroid
71906,COMPASS TRAVEL CENTER,"I-65, EXIT 230",Demotte,IN,365,3.242,41.171319,-87.249129,city_centroid
71909,RACETRAC #2604,I-75 Exit 126,Mcdonough,GA,67,3.199,33.450556,-84.158333,city_centroid
71910,KWIK TRIP #793,"I-35, EXIT 59",Faribault,MN,448,3.424,44.294457,-93.28179,city_centroid
71911,MAVERIK COUNTRY STORE #706,SR-10,Castle Dale,UT,835,3.439,39.212222,-111.018889,city_centroid
71912,FUEL CITY WYLIE,SR-78,Wylie,TX,630,2.966,33.004102,-96.539383,city_centroid
71913,Circle K #4702456,I-69,Martinsville,IN,375,3.599,39.447646,-86.42901,city_centroid
71914,HUCKS FOOD & Fuel #309,I-169 Exit 8,Hopkinsville,KY,490,3.474,36.862053,-87.485148,city_centroid
71916,Spinx 317,US-17 ALT,Moncks Corner,SC,42,3.312,33.163071,-80.036576,city_centroid
71919,THE SPORTSMAN 2 TRAVEL PLAZA,I-35 EXIT 480,Sanger,TX,630,2.976,33.356266,-97.181432,city_centroid
71922,Plaza of The Flint Hills,I-70 Exit 32B,Alma,KS,553,3.299,39.009206,-96.292323,city_centroid
71923,SHEETZ #740,US-23  & SR-752,Ashville,OH,315,3.102,39.731576,-82.944567,city_centroid
71924,JIFFY,I-80 Exit 60,Shippenville,PA,240,4.132,41.247491,-79.433199,city_centroid
71925,QUIKTRIP #7140,"I-24, EXIT 175 & US-41",Chattanooga,TN,285,2.916,35.0455,-85.3081,city_centroid
71926,QUIKTRIP #186,SR-150,Grandview,MO,400,3.199,38.881936,-94.520542,city_centroid
71927,Allsups Convenience #2420,US 283,Altus,OK,770,2.979,34.648406,-99.320483,city_centroid
71929,STUCKEYS TRAVEL CENTER,I-10 & FM-365,Beaumont,TX,610,2.824,30.068805,-94.103896,city_centroid
71931,QUIKTRIP #7071,I-75 & SR-133/401,Valdosta,GA,10,3.032,30.810578,-83.277166,city_centroid
71932,MCCLURE OIL #60,US 35,Logansport,IN,370,3.799,40.760377,-86.359888,city_centroid
71933,RHODES CONVENIENCE STORES,US-62,Sikeston,MO,275,3.351,36.891111,-89.58197,city_centroid
71934,SHEETZ #759,I-71 & SR-734,Jeffersonville,OH,315,3.066,39.65896,-83.56873,city_centroid
71935,SPEEDWAY #1695,I-87 EXIT 23,Albany,NY,12,3.849,42.6525,-73.7566,city_centroid
71936,QUIKTRIP #7907,I-44 EXIT 1D,Wichita Falls,TX,770,2.859,33.905284,-98.497645,city_centroid
71937,KWIK TRIP #1173,CR-10,Waconia,MN,451,3.607,44.851029,-93.7784,city_centroid
71941,RACETRAC #2628,I-85 EXIT 62 & US-280,Opelika,AL,50,2.999,32.627771,-85.358629,city_centroid
71942,BYRNE DAIRY #135,I-81 & SR-481,Liverpool,NY,220,4.199,43.109925,-76.186999,city_centroid
71943,DK #11823,I-20 & FM-1768,Midland,TX,612,2.982,31.989636,-102.06261,city_centroid
71944,DK #13903,SR-108,Texarkana,AR,635,3.041,33.441667,-94.0375,city_centroid
71945,DK #13904,I-40 EXIT 233 & SR-261,Palestine,AR,695,3.016,34.966346,-90.904929,city_centroid
71946,Allsups #102450,US-87,Eden,TX,739,3.179,31.219219,-99.840658,city_centroid
71947,PETRO USA,I-76 EXIT 2 & SR-3,Seville,OH,305,3.079,41.022731,-81.856199,city_centroid
71948,19 AND 75 FILLING STATION,US-75 & SR-19,Ivanhoe,MN,432,3.394,44.507119,-96.226059,city_centroid
71949,24 STORE SHELBY,SR-61,Shelby,OH,249,3.499,40.878432,-82.654949,city_centroid
71950,77/36 DUCHESS,I-77 & US-36,Newcomerstown,OH,542,3.299,40.273895,-81.593969,city_centroid
71951,7-ELEVEN #39448,I-81 & SR-682,Mount Crawford,VA,185,3.316,38.345656,-78.895679,city_centroid
71953,ALEX'S TRUCK STOP,US-61,Tunica,MS,435,3.299,34.688355,-90.368515,city_centroid
71957,B&M Quickstop,SR-8,Mineral Point,MO,540,3.699,37.915555,-90.719324,city_centroid
71958,BELL STORES,I-77 & CR-80,Dover,OH,249,3.399,40.534338,-81.476321,city_centroid
71960,BELL STORES #1159,US-30 & CR-144,Wooster,OH,249,3.659,40.809354,-81.948272,city_centroid
71961,BELL STORES #54,US-250 & SR-241,Mount Eaton,OH,249,3.499,40.694444,-81.703333,city_centroid
71962,BELLSTORES,SR-598,Galion,OH,315,3.499,40.730316,-82.793943,city_centroid
71965,CIRCLE K #2709989,US-167 & CR-405,Sheridan,AR,695,3.599,34.316527,-92.365713,city_centroid
71966,BLACK DIAMOND TRAVEL CENTER,I-26 & SR-173,Unicoi,TN,405,3.402,36.206585,-82.321957,city_centroid
71967,BLOC STOP TRAVEL CENTER,US-19 & SR-133,ALBANY,GA,10,3.799,31.567783,-84.161923,city_centroid
71968,BLONDIES FOOD AND FUEL,US-90 & SR-69,Grand Ridge,FL,20,3.591,30.714831,-85.020954,city_centroid
71969,BORDERVIEW GROCERY,US-11 & CR-19,Champlain,NY,39,3.799,44.977292,-73.446603,city_centroid
71970,BLUE BIRD 3 EXPRESS,"US-78, EXIT 1",Olive Branch,MS,435,3.199,34.94414,-89.854427,city_centroid
71971,BOUND BROOK BP,I-287 Exit 13B & SR-28,Bound Brook,NJ,202,3.249,40.568115,-74.539735,city_centroid
71972,BOWMAN,I-81 Exit 1,Williamsport,MD,22,3.832,39.593023,-77.808705,city_centroid
71973,SHEETZ #703,I-40 & US-70,Garner,NC,177,2.859,35.681254,-78.597527,city_centroid
71975,BP,I-81 & SR-177,Christiansburg,VA,185,3.799,37.129722,-80.409167,city_centroid
71976,Loves Travel Stop #828,"I-295, EXIT 33",Jacksonville,FL,75,3.282,30.0759,-81.5803,city_centroid
71977,BP,SR-47,Sugar Grove,IL,296,3.599,41.774113,-88.439721,city_centroid
71978,BP,I-29 & US-34,Pacific Junction,IA,319,3.399,41.027123,-95.804645,city_centroid
71979,KENT KWIK #219,SR-338,Odessa,TX,710,3.007,31.8465,-102.3663,city_centroid
71980,KENT KWIK #433,US-87,San Angelo,TX,739,3.132,31.478165,-100.481752,city_centroid
71981,SHEETZ #488,US-13 & US-264,Greenville,NC,205,2.899,35.6594,-77.3974,city_centroid
71982,MAVERIK COUNTRY STORE #665,SR-201,Magna,UT,835,3.399,40.700879,-112.080867,city_centroid
71983,MAVERIK COUNTRY STORE #702,I-80 Exit 59,Sidney,NE,475,3.112,41.142778,-102.9775,city_centroid
71984,BP,I-43 & SR-11,Elkhorn,WI,420,3.149,42.700928,-88.546209,city_centroid
71985,Brew #12,US-20 & SR-31,Correctionville,IA,527,3.559,42.474322,-95.780382,city_centroid
71988,C AND W GLOBAL,SR-429 & SR-438,Winter Garden,FL,140,3.074,28.4867,-81.6051,city_centroid
71990,Allsups #2418,US-84,Snyder,TX,612,2.972,32.715105,-100.907485,city_centroid
71991,TA Express Fairview #943,US 36,Fairview,KS,570,3.299,39.844504,-95.711012,city_centroid
71992,7-ELEVEN #41263,US-13,Bridgeville,DE,243,3.399,38.736628,-75.608768,city_centroid
71994,7-ELEVEN #42058,SR-572,Lakeland,FL,225,3.482,28.038134,-81.939153,city_centroid
71995,Chevron,"I-40, EXIT 218 & US-285",Clines Corners,NM,593,3.416,35.009444,-105.668611,city_centroid
71996,BP,"I-43, EXIT 164 & CR-Z",Maribel,WI,360,3.249,44.285151,-87.805482,city_centroid
71997,7-ELEVEN #41287,SR-29,Immokalee,FL,64,3.679,26.3751,-81.3678,city_centroid
71999,7-ELEVEN #41813,"I-85, EXIT 60",Duncan,SC,46,3.099,34.917645,-82.125821,city_centroid
72000,7-ELEVEN #41309,US-41,Nokomis,FL,225,3.379,27.118889,-82.444444,city_centroid
72001,7-Eleven #41963,"I-65, EXIT 98",Goodlettsville,TN,460,3.049,36.323056,-86.713333,city_centroid
72003,7-ELEVEN #42012,"I-77, EXIT 24 & US-21",Blythewood,SC,210,3.109,34.191112,-80.975756,city_centroid
72004,7-ELEVEN #41578,US-13,Seaford,DE,243,3.359,38.640358,-75.604122,city_centroid
72006,CIRCLE K #4707123,SR-2,Canaan,ME,26,3.759,44.744976,-69.549777,city_centroid
72008,CASHS #4469,US-278 & US-63,Warren,AR,635,3.499,33.613983,-92.077824,city_centroid
72009,CEFCO #1059,SR-274,Kemp,TX,641,2.909,32.369146,-96.257768,city_centroid
72011,CEFCO #107,US 190,Lampasas,TX,595,2.899,31.067957,-98.183361,city_centroid
72012,CEFCO #108,US-77,Waco,TX,765,2.992,31.552452,-97.139608,city_centroid
72013,CEFCO #1081,US-59,Queen City,TX,723,3.024,33.18736,-94.154825,city_centroid
72014,CEFCO #1086,US-259,Longview,TX,766,2.959,32.526854,-94.72328,city_centroid
72015,CEFCO #1096,US-82,Paris,TX,723,2.966,33.658077,-95.537881,city_centroid
72016,Cefco #11,US-84,Waco,TX,765,2.996,31.552452,-97.139608,city_centroid
72017,CEFCO #1102,SR-24 & SR-286,Paris,TX,723,2.966,33.658077,-95.537881,city_centroid
72018,CEFCO #2071,US-377 & FM-381,Early,TX,739,2.926,31.741944,-98.945278,city_centroid
72019,CEFCO #2081,US-84,Post,TX,700,2.942,33.201695,-101.39216,city_centroid
72020,CEFCO #2082,SR-206 & SR-36,Cross Plains,TX,575,3.159,32.148159,-99.18718,city_centroid
72021,CEFCO #30,US-77 & SR-320,Lott,TX,765,3.011,31.192462,-97.058143,city_centroid
72022,CEFCO #65,US-84 & FM-116,Gatesville,TX,765,2.966,31.447646,-97.724286,city_centroid
72024,CENEX,US-2,Stanley,ND,452,3.582,48.319189,-102.392802,city_centroid
72025,CENEX,US-2,Devils Lake,ND,355,3.241,48.113162,-98.861588,city_centroid
72026,CENEX,"I-94, EXIT 84 & SR-8",Richardton,ND,273,3.509,46.842614,-102.292004,city_centroid
72028,CENEX,US-52 & SR-15,Fessenden,ND,390,3.531,47.628644,-99.643361,city_centroid
72029,CENEX,SR-40,Tioga,ND,452,3.576,48.392009,-102.961281,city_centroid
72030,CENEX,I-90 & SR-51,Gillette,WY,822,3.489,44.282009,-105.497442,city_centroid
72031,CENEX HARWOOD,"I-29/US-81, EXIT 72",Harwood,ND,341,3.359,46.996497,-96.900973,city_centroid
72033,CHARLIE BS,SR-246,Greenwood,SC,30,2.987,34.175802,-82.156211,city_centroid
72034,CHARLIES MARKET,SR-172,Salt Lake City,UT,835,3.459,40.755851,-111.896657,city_centroid
72038,CHEVRON,I-55 & SR-570,McComb,MS,759,3.282,31.221594,-90.432449,city_centroid
72039,CHEVRON,SR-20 & SR-65,Hosford,FL,145,3.299,30.363875,-84.805433,city_centroid
72041,CHEVRON,SR-20 & SR-71,Blountstown,FL,145,3.299,30.4394,-85.062022,city_centroid
72044,Maverik Country Store #709,I-40 Exit 163,Williams,AZ,930,3.219,35.249842,-112.190623,city_centroid
72045,MAVERIK COUNTRY STORE #710,US-6,Helper,UT,835,3.446,39.673684,-110.856,city_centroid
72046,CHEVRON DBA ONE9 #1429,US-30 & US-95,Fruitland,ID,785,3.349,44.002658,-116.914259,city_centroid
72054,CHEVRON,US-45,Guntown,MS,742,3.299,34.429882,-88.701059,city_centroid
72060,CHEVRON FOOD MART #20,US-45 & SR-16,Scooba,MS,705,3.199,32.840197,-88.488272,city_centroid
72063,CIRCLE K #2655785,US-301,Upper Marlboro,MD,60,3.999,38.837717,-76.798028,city_centroid
72066,CIRCLE K #2741094,SR-46,Seguin,TX,740,2.959,29.561316,-97.962801,city_centroid
72067,CIRCLE K #2741822,US-90 & FM-471,Castroville,TX,740,2.912,29.35532,-98.882391,city_centroid
72071,7-Eleven #42182,Ashley Phosphate Rd & Cross Country Rd,North Charleston,SC,42,3.459,32.933096,-80.086463,city_centroid
72072,PARKERS #92,SR 17,Guyton,GA,195,2.999,32.31399,-81.389593,city_centroid
72073,CIRCLE K #2723791,I-85 & SR-54,Graham,NC,65,3.609,36.030967,-79.381384,city_centroid
72074,CIRCLE K #2741566,US-84 & FM-2837,Woodway,TX,765,2.999,31.505074,-97.231062,city_centroid
72075,CITGO SAMS FOOD STORE,"US-5, Exit 87",Hartford,CT,100,3.499,41.7636,-72.6855,city_centroid
72077,COLDWATER TRAVEL CENTER,I-55 & SR-306,Coldwater,MS,435,3.099,34.692362,-89.986882,city_centroid
72078,STRIPES #42150,"I-69C, Exit 9 & US-281",Edinburg,TX,598,3.006,26.304221,-98.156922,city_centroid
72080,Corner Store,US-180/62,Seminole,TX,710,3.129,32.721045,-102.682761,city_centroid
72081,STRIPES #2146,US-181 & SR-361,Ingleside,TX,625,3.299,27.868238,-97.206906,city_centroid
72082,COUNTRYMARK,SR-124,Bluffton,IN,370,3.766,40.736837,-85.162199,city_centroid
72083,DANDY DANS,US-49/SR-42,Hattiesburg,MS,620,3.066,31.314553,-89.306471,city_centroid
72084,DANDY MINI MART #60,US-6 & SR-14,Troy,PA,31,3.999,41.77815,-76.771143,city_centroid
72086,DELT EXPRESS,SR-52,SAMSON,AL,127,3.699,31.104918,-86.067416,city_centroid
72087,DELTA,US-9,Jersey City,NJ,115,3.239,40.7164,-74.038,city_centroid
72089,CASEYS #4567,SR-55,Columbia,KY,410,3.159,37.116408,-85.269265,city_centroid
72090,DOMINO #128,US-81 & SR-66,El Reno,OK,483,3.199,35.533468,-97.959091,city_centroid
72091,DUCK THRU FOOD STORE #54,US-64,Columbia,NC,470,3.523,35.905664,-76.234481,city_centroid
72092,DUCK THRU FOOD STORE #57,SR-42/SR-43,Pinetops,NC,205,3.574,35.819611,-77.691952,city_centroid
72096,EXPRESS #29,SR-29,East Dublin,GA,85,3.632,32.5475,-82.868333,city_centroid
72097,EXPRESSWAY SERVICE STATION,US-287 & SR-25,Electra,TX,770,2.999,34.036234,-98.91545,city_centroid
72100,Exxon,"I-22/US-78, Exit 10 &  SR-178",Byhalia,MS,435,3.199,34.885351,-89.676332,city_centroid
72101,EXXON,US-24,Redford,MI,325,3.699,42.375554,-83.28895,city_centroid
72104,LOVES TRAVEL STOP #170,I-44 EXIT 166 & SR-18,CHANDLER,OK,483,3.087,35.704253,-96.858266,city_centroid
72105,LOVES TRAVEL STOP #171,SR-375 & SR-31,McAlester,OK,560,3.437,34.926233,-95.759168,city_centroid
72106,Loves Country Store #118,US-77 & SR-29,Wynnewood,OK,569,2.989,34.63847,-97.176952,city_centroid
72108,FARMERS UNION OIL OF CARPIO,US-52 & SR-28,Carpio,ND,452,3.384,48.432299,-101.711943,city_centroid
72110,FAST STOP,US-84 & CR-1800,Lubbock,TX,700,2.999,33.586527,-101.860634,city_centroid
72111,FAST STOP,"I-40, Exit 81 & FM-1912",Amarillo,TX,585,2.944,35.166332,-101.886764,city_centroid
72112,Flyers #3219,US-60,Claypool,AZ,930,3.849,33.411111,-110.841944,city_centroid
72113,Food N Fuel,US-6 & CR-4,New Lenox,IL,296,3.399,41.506701,-87.963083,city_centroid
72114,Gas  House,"I-77, Exit 49B",Statesville,NC,46,3.424,35.8381,-80.8842,city_centroid
72115,FRIENDSHIP FOOD & FUEL,SR-15 & CR-244,Ecru,MS,576,3.799,34.337106,-88.955956,city_centroid
72116,FRIENDSHIP FOOD MART #90,I-90 & SR-57,Elyria,OH,305,3.779,41.372353,-82.105088,city_centroid
72118,GAS N WASH,I-355 & SR-7,HOMER GLEN,IL,296,3.599,41.6,-87.938056,city_centroid
72119,Gas N Wash Cicero,SR-50,Berwyn,IL,291,3.569,41.841819,-87.79075,city_centroid
72120,GAS PRO TRAVEL CENTER,US-301/25,Statesboro,GA,195,3.129,32.440841,-81.773956,city_centroid
72122,KWIK TRIP #1115,US-63 & US-8,Turtle Lake,WI,295,3.656,45.421349,-92.178142,city_centroid
72124,GET GO #3016,I-376 & SR-18,Monaca,PA,96,5.499,40.671847,-80.291743,city_centroid
72125,GETGO #7520,I-65 & US-31,Edinburgh,IN,375,3.359,39.362601,-85.970712,city_centroid
72126,GETGO #7526,I-69 & SR-332,Yorktown,IN,457,3.343,40.183581,-85.495995,city_centroid
72128,GETGO #7545,I-65 & SR-400,Whitestown,IN,375,3.302,40.00002,-86.350716,city_centroid
72130,GILBERTS SHELL,SR-72 & CR-59,Gilberts,IL,290,3.279,42.098377,-88.369089,city_centroid
72132,GO TIME 4,I-64 Exit 94 & SR-1958,Winchester,KY,410,2.907,37.987161,-84.178894,city_centroid
72134,Gulf,US-422 & SR-528/168,Parkman,OH,573,3.649,41.370556,-81.065278,city_centroid
72136,HANA TRAVEL CENTER,"I-30, EXIT 153 & SR-185",Winfield,TX,723,3.079,33.161498,-95.078984,city_centroid
72139,HOLMES EXPRESS,US-78 & SR-175,Memphis,TN,435,3.399,35.0337,-89.9343,city_centroid
72142,CASEYS #3990,"I-90E, exit 96 and SR-17",Elkhart,IN,465,3.629,41.710083,-85.972949,city_centroid
72143,Caseys #4023,US 36 & US 183,Phillipsburg,KS,357,3.292,39.762333,-99.33284,city_centroid
72144,HUCKS FOOD & FUEL #397,US-68 & SR-432,Bowling Green,KY,487,3.499,37.007874,-86.455891,city_centroid
72145,JP ZEBULON,US-19,Zebulon,GA,67,3.135,33.100235,-84.310827,city_centroid
72146,HUTTER'S,SR-72,Jonestown,PA,70,3.719,40.43607,-76.503842,city_centroid
72148,IRON HORSE TRAVEL CENTER,I-20 EXIT 270 & FM-1235,Merkel,TX,575,2.876,32.444371,-99.992443,city_centroid
72149,IVOR MART,US-460,Hopewell,VA,180,3.699,37.287576,-77.295013,city_centroid
72150,J AND R MARKET,SR-105 & SR-326,Sour Lake,TX,610,3.159,30.149134,-94.373341,city_centroid
72153,Jet Food Store,SR-15 & SR-46,Soperton,GA,85,3.416,32.386861,-82.587098,city_centroid
72154,JET FOOD STORE #93,US-280 & SR-135,Vidalia,GA,195,3.432,32.193408,-82.406724,city_centroid
72155,JIFFY TRIP #142,US-77,Newkirk,OK,500,3.059,36.887425,-97.05133,city_centroid
72156,JORDANS KWIK STOP #5,US-412,Portia,AR,418,3.376,36.080699,-91.068004,city_centroid
72157,JORDANS KWIK STOP #52,US-67 & SR-304,Pocahontas,AR,418,3.312,36.282876,-90.996782,city_centroid
72160,KENJO MARKET #52,US-321,Maryville,TN,405,3.249,35.782449,-83.914541,city_centroid
72162,Krazy K's,US-45,Buckatunna,MS,620,3.149,31.507976,-88.52573,city_centroid
72163,KWIK FILL,US-206,Hillsborough,NJ,115,3.399,40.4775,-74.627222,city_centroid
72170,STRIPES # 41977,"I-2, EXIT 168",La Feria,TX,639,3.219,26.166556,-97.826115,city_centroid
72171,LAWTEY SHELL SERVICE,US-301,Lawtey,FL,75,3.599,30.047164,-82.105544,city_centroid
72175,ALLSUPS #2410,"I-35/US-77, EXIT 368 & SR-22",Whitney,TX,765,2.966,31.959201,-97.33495,city_centroid
72180,LITTLEFIELD EXPRESS #4,I-40 Exit 321,Muldrow,OK,645,3.419,35.401985,-94.633216,city_centroid
72181,LITTLEFIELD EXPRESS #7,US-167,Cave City,AR,418,3.349,35.951684,-91.544432,city_centroid
72182,LULING MINI MART,I-10 Exit 628 & SR-80,Luling,TX,595,2.966,29.682621,-97.649947,city_centroid
72184,MACS 33,US-49,Florence,MS,620,2.899,32.153002,-90.121672,city_centroid
72185,Circle K #2709332,US-231/SR-53,Montgomery,AL,720,3.259,32.3743,-86.3118,city_centroid
72188,MARATHON,US-61 & SR-637,Reserve,LA,623,3.749,30.060255,-90.551773,city_centroid
72189,MARATHON,I-75 & CR-20,Middletown,OH,317,3.216,39.532121,-84.389601,city_centroid
72190,Minuteman Food Mart #37,US-74,Leland,NC,245,3.389,34.267952,-78.057815,city_centroid
72191,MARATHON RIVERSIDE GAS,I-80 & CR-6,Elkhart,IN,465,3.499,41.710083,-85.972949,city_centroid
72192,MASSEY FUEL,"I-95, EXIT 30",Bridgeport,CT,100,3.399,41.1669,-73.2052,city_centroid
72193,MERRIMAN COUNTRY STORE,SR-1 & CR-3700,Allen,OK,569,3.099,34.850176,-96.558462,city_centroid
72194,Mobil,I-57,Riverdale,IL,365,3.699,41.6503,-87.6319,city_centroid
72195,MOBIL,US-46,Columbia,NJ,90,3.079,40.938805,-75.054983,city_centroid
72196,MORGAN OIL,US-224 & CR-231,Lowellville,OH,573,3.399,41.050256,-80.541551,city_centroid
72197,MOTOMART #3369,SR-370 E,Saint Charles,MO,540,3.042,38.801424,-90.506503,city_centroid
72199,MPC #99A,I-270 Exit 22B,Hazelwood,MO,540,3.059,38.780875,-90.366925,city_centroid
72200,Swift Mart,I-55/SR-7 & US-51,Grenada,MS,655,3.366,33.775094,-89.808738,city_centroid
72201,MUDD CREEK COUNTRY STORE,US-79,Franklin,TX,670,3.194,31.035013,-96.442643,city_centroid
72202,MUSTANG MARKET,I-80 Exit 73,Sparks,NV,966,4.199,39.547254,-119.755588,city_centroid
72205,NIC'S,SR-97,Bainbridge,GA,20,3.379,30.9355,-84.5809,city_centroid
72206,NORTHLAKE BP,I-294 & US-45,Melrose Park,IL,290,3.599,41.900347,-87.858066,city_centroid
72207,NZT,I-294,Alsip,IL,365,3.389,41.6723,-87.7339,city_centroid
72210,CITGO,US-70,Princeton,NC,205,3.699,35.455833,-78.167368,city_centroid
72212,PARKERS #72,US-52 & SR- 402,Moncks Corner,SC,42,3.256,33.163071,-80.036576,city_centroid
72215,PIT STOP #1,SR-31 & SR-34,Weedsport,NY,220,3.899,43.048882,-76.542502,city_centroid
72216,Pit Stop #14,US-20/US-16,Worland,WY,836,3.829,44.013796,-107.95626,city_centroid
72217,PIEDMONT PETROLEUM,US-501,Lynchburg,VA,185,3.459,37.386228,-79.171464,city_centroid
72219,QUICK FILL,US-78/SR-4,Eastaboga,AL,587,3.099,33.603132,-85.96075,city_centroid
72222,RAINY LAKE OIL,CR-332 & CR-24,International Falls,MN,334,3.379,48.583398,-93.40609,city_centroid
72224,RAYMOND TRUCK STOP,US-1/US-9,Newark,NJ,115,3.259,40.7308,-74.1744,city_centroid
72225,SHEETZ #144,US-220 & SR-55,Moorefield,WV,60,3.289,39.056812,-78.97793,city_centroid
72226,REBEL GAS MART,SR-7,Oxford,MS,435,3.049,34.354354,-89.49692,city_centroid
72227,RED BANKS VALERO,I-22 & SR-178,Red Banks,MS,435,2.999,34.875039,-89.519839,city_centroid
72228,REFUEL #1043,US-15,Sumter,SC,42,3.096,33.928199,-80.321008,city_centroid
72229,REFUEL #1047,US-521,Sumter,SC,42,3.006,33.928199,-80.321008,city_centroid
72230,REFUEL #1116,US-64,Apex,NC,177,3.799,35.722504,-78.840816,city_centroid
72231,RENO JUNCTION TRAVEL PLAZA,SR-59 & SR-387,Wright,WY,822,3.509,43.829349,-105.532327,city_centroid
72232,RICKY ROCKETS FUEL,I-294 & US-12,HICKORY HILLS,IL,291,3.899,41.726228,-87.828893,city_centroid
72233,ROAD RANGER #284,I-27 & FM-1729,New Deal,TX,700,2.986,33.737222,-101.836111,city_centroid
72235,ROC ONE STOP #1,SR-34,Galatia,IL,473,3.559,37.827444,-88.623488,city_centroid
72236,ROYAL FARMS #108,US-13,Cape Charles,VA,130,3.472,37.279874,-75.972129,city_centroid
72237,ROYAL FARMS #135,SR-404 & SR-16,Denton,MD,194,3.339,38.877928,-75.836071,city_centroid
72238,ROYAL FARMS #169,I-895 & US-40,Baltimore,MD,22,3.259,39.29463,-76.625203,city_centroid
72239,ROYAL FARMS #171,US-13 & SR-24,Laurel,DE,194,3.259,38.553695,-75.563052,city_centroid
72240,ROYAL FARMS #191,I-83 Exit 20A,Hunt Valley,MD,22,4.199,39.502623,-76.659844,city_centroid
72241,ROYAL FARMS #242,I-95 Exit 27,Philadelphia,PA,160,3.799,40.1162,-75.0141,city_centroid
72242,ROYAL FARMS #311,SR-7 & SR-43,Nottingham,MD,22,3.269,39.391412,-76.487106,city_centroid
72243,Racetrac #2611,"I-65, EXIT 116",Shepherdsville,KY,415,2.959,38.004515,-85.688767,city_centroid
72247,SEVEN MART,I-20 & SR-17,Delhi,LA,719,3.199,32.450433,-91.512487,city_centroid
72248,SHELBY EXPRESS,SR-175,Memphis,TN,435,3.699,35.0337,-89.9343,city_centroid
72250,RACEWAY #6854,US-278 & SR-113,Rockmart,GA,18,3.172,33.997912,-85.05937,city_centroid
72251,SHELL,I-94 & US-12,Detroit,MI,325,3.699,42.347429,-83.060398,city_centroid
72256,SHELL,US-1,Warren,ME,203,3.999,44.127066,-69.247894,city_centroid
72257,DUCK THRU #55,US-13BYP & SR-308,Windsor,NC,205,3.239,36.015881,-76.933612,city_centroid
72259,SHELL,SR-72 & SR-25,Dundee,IL,293,3.279,42.096197,-88.290202,city_centroid
72260,Duck Thru #58,US-13 & CR-677,Suffolk,VA,130,3.449,36.866823,-76.559811,city_centroid
72261,SHELL,US-45 & CR-520,Shannon,MS,742,3.199,34.121035,-88.734206,city_centroid
72262,7-ELEVEN #38855,"I-95, exit 58",Colonial Heights,VA,180,3.509,37.269968,-77.403829,city_centroid
72263,SPARTAN FUELS,US-80 & SR-22,Columbus,GA,50,3.309,32.473035,-84.979456,city_centroid
72264,CIRCLE K #2654249,SR 24 & SR 286,Paris,TX,723,2.959,33.658077,-95.537881,city_centroid
72266,SHELL SERVICE STATION,I-65 Exit 14 & US-64,Pulaski,TN,655,3.209,35.209274,-87.039263,city_centroid
72267,SHELL SERVICE STATION,I-90 Exit 52,Elgin,IL,290,3.279,42.038356,-88.260631,city_centroid
72268,SHORT STOP,US-67/283,Santa Anna,TX,575,3.499,31.721477,-99.321197,city_centroid
72273,SPINX #341,SR-41,Charleston,SC,42,3.332,32.779506,-79.937069,city_centroid
72274,SPINX #366,SR-642,Summerville,SC,42,3.279,33.028045,-80.173852,city_centroid
72276,STAR 001,US-20 & SR-23,SOUTH BEND,IN,465,3.732,41.672699,-86.253489,city_centroid
72277,STOP N GAS,SR-15 & SR-39,Yorkshire,NY,38,4.099,42.53,-78.473056,city_centroid
72278,SUN DO,I-74 Exit 197,Maxton,NC,63,3.439,34.733435,-79.309725,city_centroid
72279,AMOCO,US-30,Clarence,IA,380,3.399,41.88958,-91.060457,city_centroid
72281,SUNOCO,I-95 Exit 77B & SR-24,Edgewood,MD,22,3.299,39.427725,-76.30555,city_centroid
72282,SUNOCO,I-278 Exit 48,Bronx,NY,105,4.539,40.8222,-73.921735,city_centroid
72285,CUSSETA TRAVEL CENTER,SR 520,Cusseta,GA,50,3.199,32.299026,-84.764537,city_centroid
72287,CASEY'S #4522,US-81,Hennessey,OK,483,3.059,36.086848,-97.892595,city_centroid
72288,S&G #88,I-475 Exit 13 & US-20,Toledo,OH,550,3.009,41.642,-83.5438,city_centroid
72289,SUNOCO,SR-12 & FM-1136,Orange,TX,610,2.899,30.125167,-93.771883,city_centroid
72290,SUNSTOP,US-19,Thomasville,GA,20,3.282,30.8665,-83.9233,city_centroid
72291,Union 76,US-129,Mc Alpin,FL,75,3.659,30.150899,-82.966182,city_centroid
72292,SUNSTOP #336,SR-121 & CR-18,Lake Butler,FL,75,3.592,30.003485,-82.382796,city_centroid
72293,SUNSTOP INLAND DBA ONE9 #1402,I-10 & SR-71,Marianna,FL,20,3.299,30.758587,-85.229367,city_centroid
72294,SWANTON SUNOCO,I-89 & SR-78,Swanton,VT,39,3.539,44.916754,-73.121124,city_centroid
72295,SWIFT,US-69,Nederland,TX,610,2.986,29.971609,-94.001192,city_centroid
72296,SWIFT STOP #5,US-84 & US-380,Post,TX,700,2.943,33.201695,-101.39216,city_centroid
72297,T & M FOOD STORE,SR-113,Taylorsville,GA,193,3.367,34.122941,-84.973859,city_centroid
72298,TARZAN AND JANE,I-20 & SR-137,Stanton,TX,612,3.299,32.139992,-101.809887,city_centroid
72302,TEXACO,SR-114 & SR-156,Pennington,AL,705,3.197,32.226245,-88.0931,city_centroid
72303,TEXACO #378602,I-59 Exit 85 & SR-590,Ellisville,MS,620,3.199,31.579663,-89.223073,city_centroid
72305,THE ANCHOR,US-60 & CR-3500,Mountain View,MO,535,3.032,36.989197,-91.709937,city_centroid
72308,Racetrac #2609,SR-60,Okeechobee,FL,140,3.299,27.311532,-80.847853,city_centroid
72309,Racetrac #2608,"I-59, EXIT 181 & SR-77",Gadsden,AL,587,2.999,33.997248,-86.010279,city_centroid
72310,RACETRAC #2387,US-19,Hudson,FL,225,3.316,28.364763,-82.675669,city_centroid
72313,THOMPSON'S CORNER,US-25,Millen,GA,135,3.316,32.787739,-81.961807,city_centroid
72314,THORNTONS #0333,SR-59 & SR-56,Warrenville,IL,346,3.549,41.828046,-88.19213,city_centroid
72315,THORNTONS #221343,US-14 & SR-31,Crystal Lake,IL,293,3.449,42.266198,-88.321294,city_centroid
72316,THORNTONS #221344,SR-120,Mchenry,IL,297,3.649,42.345527,-88.254429,city_centroid
72317,THORNTONS #261169,SR-1747 & SR-2052,Louisville,KY,415,3.281,38.2435,-85.7639,city_centroid
72318,THORNTONS #330,I-55 & SR-50,Cicero,IL,290,3.549,41.845556,-87.753889,city_centroid
72319,THORNTONS #5,I-55 & SR-50,Cicero,IL,290,3.599,41.845556,-87.753889,city_centroid
72320,THORNTONS #616,SR-265,Lebanon,TN,460,2.876,36.209792,-86.302367,city_centroid
72321,Thorntons #617,I-24 Exit 64,La Vergne,TN,460,2.882,36.012714,-86.559969,city_centroid
72324,TREE CITY TRAVEL PLAZA,US-421,Greensburg,IN,375,3.989,39.331223,-85.473532,city_centroid
72325,TREX MART #17,I-29 & SR-371,Platte City,MO,400,2.999,39.360171,-94.788972,city_centroid
72326,CIRCLE K #4700101,I-65 Exit 50,Seymour,IN,375,3.499,38.957133,-85.882477,city_centroid
72328,Tropic Fleet Hialeah Cardlock,SR-953 & SR-934,Miami,FL,95,3.479,25.779,-80.1982,city_centroid
72329,TROTTERS,SR-2,Broken Bow,NE,475,3.299,41.412586,-99.635452,city_centroid
72330,TRUE NORTH #325,SR-57 & SR-113,Elyria,OH,414,3.679,41.372353,-82.105088,city_centroid
72331,TUPELO TRAVEL STOP,SR-48 & SR-3,Tupelo,OK,569,2.999,34.559809,-96.427365,city_centroid
72332,TXB #82 DBA KWIK CHEK FOOD STORES,US-83,Asherton,TX,693,3.259,28.436421,-99.748611,city_centroid
72333,UNITED MARKET,US-84,Blackshear,GA,75,3.766,31.293063,-82.261708,city_centroid
72335,VALERO,US-30 & SR-598,Galion,OH,411,3.499,40.730316,-82.793943,city_centroid
72337,VALLEY COUNTRY STORE,I-84 & US-93,Jerome,ID,787,3.432,42.71784,-114.501244,city_centroid
72338,VALLEY MART #05,US-90 & SR-173,Hondo,TX,740,3.199,29.356065,-99.127637,city_centroid
72339,VP RACING FUEL,US-231,Panama City,FL,145,3.499,30.160624,-85.649403,city_centroid
72340,WARREN OIL,US-6,Channahon,IL,399,3.629,41.434664,-88.213786,city_centroid
72342,WHITE RIVER,US-231 & SR-58,Bloomfield,IN,546,3.759,39.029542,-86.867549,city_centroid
72343,WOLF DEN,US-97,Wapato,WA,925,3.409,46.45066,-120.426484,city_centroid
72344,WOW FOOD MART,I-75 & US-25,Richmond,KY,410,3.609,37.754605,-84.295526,city_centroid
72345,YAKAMART,US-97,Toppenish,WA,925,3.509,46.375123,-120.330534,city_centroid
72346,Y-NOT STOP,US-165 & SR-10,Oakdale,LA,730,3.699,30.817173,-92.663964,city_centroid
72347,MARATHON,I-94 Exit 121,Albion,MI,431,3.699,42.258073,-84.756052,city_centroid
72348,7-ELEVEN #34718,"I-294, EXIT 25",Hinsdale,IL,290,3.719,41.7891,-87.940089,city_centroid
72349,7-ELEVEN #34713,"I-90, EXIT 24",Belvidere,IL,290,3.659,42.259465,-88.850943,city_centroid
72350,7-ELEVEN #34709,504 N CREGO RD,Dekalb,IL,290,4.439,41.934245,-88.760673,city_centroid
72351,LOVES TRAVEL STOP #874,"I-65, EXIT 175 & SR-25",Lafayette,IN,365,3.672,40.417743,-86.888358,city_centroid
72352,LOVES TRAVEL STOP #858,"I-49, EXIT 172 & US-84",Mansfield,LA,745,3.246,32.023863,-93.698045,city_centroid
72360,PUMP & PANTRY #22,SR-91 & SR-11,Burwell,NE,330,3.299,41.807982,-99.099527,city_centroid
72361,PUMP & PANTRY #39,I-80 Exit 179 & SR-56G,North Platte,NE,330,3.116,41.132595,-100.774631,city_centroid
72362,PUMP & PANTRY #18,US-281 & CR-11,Doniphan,NE,330,3.307,40.770031,-98.37901,city_centroid
72363,PUMP & PANTRY #1,US-30,Grand Island,NE,330,3.307,40.921858,-98.341062,city_centroid
72368,CHEVRON #352416,I-8 Exit 73,Jacumba,CA,900,6.399,32.624934,-116.195184,city_centroid
72372,Eastland Truck Stop,I-20 Exit 340 & SR-6,Eastland,TX,575,2.932,32.399418,-98.807101,city_centroid
72373,Rusty Lantern,SR-4,Turner,ME,170,3.899,44.255669,-70.249444,city_centroid
72374,Rusty Lantern,SR-26 & SR-219,West Paris,ME,170,3.966,44.32527,-70.573167,city_centroid
72376,SUNOCO,US 84 & SR 39,Donalsonville,GA,20,3.499,31.040278,-84.879167,city_centroid
72378,EB SUNOCO,SR-3 & SR-28,Muncie,IN,457,3.799,40.168414,-85.380689,city_centroid
72380,EXXPRESS MART #12,US-287 & SR-421,Lumberton,TX,610,2.959,30.253056,-94.189722,city_centroid
72382,EXXPRESS MART #4,SR-105,Beaumont,TX,610,3.199,30.068805,-94.103896,city_centroid
72385,GAS N WASH,I-57 & SR-17,Kankakee,IL,399,3.599,41.116582,-87.869607,city_centroid
72387,Williams Fuel Stop,SR-7 & SR-735,Gallipolis,OH,255,3.541,38.814781,-82.22902,city_centroid
72389,PILOT #1354,US 385,Odessa,TX,710,3.566,31.8465,-102.3663,city_centroid
72390,QUIKTRIP #46,US 169 & SR 266,Tulsa,OK,560,3.142,36.1504,-95.9953,city_centroid
72391,QUIKTRIP #56,US-169 & SR-11,Tulsa,OK,560,3.142,36.1504,-95.9953,city_centroid
72394,LOVES TRAVEL STOP #871,"I-85, Exit 32",Piedmont,SC,30,3.197,34.724433,-82.470216,city_centroid
72395,ALLSUPS #2427,US 84,Gatesville,TX,765,3.007,31.447646,-97.724286,city_centroid
72396,RACETRAC #2624,US-1,Marathon,FL,95,3.236,24.727919,-81.038581,city_centroid
72400,HAN DEE HUGOS #21,US-17 & SR-87,Winnabow,NC,245,3.412,34.214511,-78.056211,city_centroid
72402,HAN DEE HUGOS #5,SR-410 & SR-211,Bladenboro,NC,63,3.206,34.565832,-78.779295,city_centroid
72403,HAN DEE HUGOS #67,US-70,Raleigh,NC,177,3.999,35.772701,-78.632439,city_centroid
72408,JOURNEY FOOD STORE #2,US-301,Callahan,FL,75,3.399,30.551958,-81.814465,city_centroid
72410,KELLEYS MARKET,I-90 Exit 15 & US-20 BUS,Rockford,IL,520,2.969,42.292233,-89.116118,city_centroid
72412,KELLEYS MARKET,US-20,Cherry Valley,IL,520,3.699,42.220562,-88.961923,city_centroid
72413,TROPIC OIL COMPANY,SR-17,Lake Wales,FL,140,3.499,27.903734,-81.548805,city_centroid
72418,SHELL,SR-953,Miami,FL,95,3.479,25.779,-80.1982,city_centroid
72419,Denver 39th Ave Cardlock,I-70/US-36 EXIT-281,Denver,CO,800,3.491,39.746931,-105.062036,city_centroid
72420,MAVERIK COUNTRY STORE #620,SR-8,Saint George,UT,791,3.462,37.106651,-113.595261,city_centroid
72424,MIDDLESEX FOOD STORE,CR-604,Carteret,NJ,79,3.516,40.582278,-74.231345,city_centroid
72425,MINUTEMAN FOOD MART #18,SR-87,Tar Heel,NC,63,4.619,34.746541,-78.81341,city_centroid
72428,QUIKTRIP #7249,US 80 E,Flowood,MS,705,2.916,32.3165,-90.1105,city_centroid
72429,PARKERS #16 (DISCOUNT AVAILABLE),SR-21,Port Wentworth,GA,195,3.106,32.149092,-81.1631681,manual
72430,PATRIOT FUELING CENTER,SR-9,Lineville,AL,587,3.299,33.328613,-85.734609,city_centroid
72432,Yesway #1203,SR-6,Clifton,TX,765,2.969,31.799689,-97.515282,city_centroid
72433,RENFROE STORE,SR-25,Carthage,MS,705,4.099,32.788635,-89.535274,city_centroid
72435,Cedar City Cardlock (Bulk Plant),"I-15, EXIT 59",Cedar City,UT,791,3.459,37.689544,-113.074513,city_centroid
72436,Ricky Rockets,SR-390 &SR-53,Itasca,IL,297,3.399,41.971967,-88.020247,city_centroid
72437,Tropic Oil,US-191,Moab,UT,810,4.169,38.567674,-109.527087,city_centroid
72438,QUIKTRIP #7208,I-290 EXIT 18A,Bellwood,IL,290,3.079,41.882484,-87.878557,city_centroid
72440,Rutters #84,US-15 & SR-340,Emmitsburg,MD,22,3.916,39.694044,-77.335658,city_centroid
72441,SHEETZ #165,US-6,Coudersport,PA,240,3.699,41.781529,-78.003861,city_centroid
72442,SHEETZ #239,I-70 Exit 57,New Stanton,PA,68,3.286,40.223345,-79.618187,city_centroid
72443,SHEETZ #553,I-81 Exit 3,Greencastle,PA,70,3.332,39.781827,-77.746956,city_centroid
72444,SHEETZ #597,I-40 Exit 126,Hickory,NC,46,2.859,35.75757,-81.328858,city_centroid
72445,SHEETZ #639,I-80 Exit 223,Youngstown,OH,573,3.059,41.0986,-80.6474,city_centroid
72446,SHEETZ #656,US-219 & US-6,Kane,PA,240,3.699,41.661861,-78.797778,city_centroid
72447,SHEETZ #689,I-64 EXIT 197A  & SR-156,Henrico,VA,180,2.949,37.5131191,-77.3465081,manual
72448,SHELL SERVICE STATION,SR-55,Morrison,TN,285,3.499,35.60002,-85.889895,city_centroid
72456,SPINX #161,I-85 Exit 60 & SR-101,Greer,SC,210,3.159,34.8968,-82.267442,city_centroid
72458,7-ELEVEN #41335,SR-80 & SR-29,Labelle,FL,225,3.599,26.732093,-81.434027,city_centroid
72459,7-ELEVEN #34154,I-75 Exit 128,Fort Myers,FL,225,3.299,26.620403,-81.8725,city_centroid
72462,Story Belgrade Cardlock,"I-90, EXIT 298",Belgrade,MT,786,3.699,45.780126,-111.143927,city_centroid
72466,Holbrook Cardlock,I-40 EXIT 285,Holbrook,AZ,930,3.232,34.908451,-110.143412,city_centroid
72467,SUNOCO SERVICE STATION,I-81 Exit 44 & SR-465,Carlisle,PA,70,3.889,40.203877,-77.199526,city_centroid
72468,Springerville Cardlock,US-191,Springerville,AZ,930,3.259,34.119333,-109.304066,city_centroid
72471,THORNTONS #221335,I-55 Exit 263,Bolingbrook,IL,296,3.649,41.697605,-88.087315,city_centroid
72473,Loves Travel Stop #885,US 77,Harlingen,TX,665,3.649,26.195142,-97.688981,city_centroid
72475,Express 24,SR-77 & US-60,Show Low,AZ,930,3.299,34.060117,-110.054633,city_centroid
72476,Mandan Cardlock (Bulk Plant),"I-94, EXIT 153",Mandan,ND,273,3.599,46.830649,-100.909175,city_centroid
72477,Racetrac #2618,US-231 & CR-8,Huntsville,AL,615,2.951,34.726866,-86.567318,city_centroid
72478,Racetrac #2621,SR-53,Huntsville,AL,615,3.099,34.726866,-86.567318,city_centroid
72479,CEFCO #2086,US 180 & 84,Snyder,TX,700,2.966,32.715105,-100.907485,city_centroid
72480,TA Mt Vernon,I-44,Mount Vernon,MO,535,3.404,37.104466,-93.797632,city_centroid
72481,CASEYS #4323,SR-57 & SR-60,Wanamingo,MN,451,3.499,44.31214,-92.810258,city_centroid
72482,RUTTERS FARM STORE #80,SR 61,Orwigsburg,PA,208,3.859,40.643071,-76.083999,city_centroid
72483,Circle K #4700047,I-65 Exit 34A,Austin,IN,415,3.799,38.747801,-85.796188,city_centroid
72485,ALLSUPS CONVENIENCE STORE #2160,US 70,Roswell,NM,593,3.256,33.388504,-104.525857,city_centroid
72486,QUIKTRIP #4216,"I-70 & SR-79, EXIT 304",Bennett,CO,800,3.199,39.725398,-104.427284,city_centroid
72487,PILOT #1380,I-2 EXIT 161,Mercedes,TX,639,3.659,26.15133,-97.918503,city_centroid
72488,MAVERIK COUNTRY STORE #657,I-15 Exit 10,Washington,UT,910,3.426,37.136379,-113.505043,city_centroid
72489,CASEYS #3987,LINCOLN HWY,Wanatah,IN,465,3.716,41.384477,-86.876439,city_centroid
72490,ASAP GENERAL STORE #322,US-281,Hinton,OK,483,3.132,35.4675,-98.331348,city_centroid
72492,CIRCLE K #2709098,US 85,Greeley,CO,800,3.211,40.413968,-104.704756,city_centroid
72493,Chiricahua Apache Plaza,I-10 EXIT 102,Deming,NM,640,3.037,32.231808,-107.746559,city_centroid
72494,7-ELEVEN #42132,"I-35, EXIT 131",Lytle,TX,740,3.599,29.236568,-98.794489,city_centroid
72495,ROAD RANGER #286,1-40 EXIT 77,Amarillo,TX,585,2.972,35.166332,-101.886764,city_centroid
72496,ROAD RANGER #289,I-45 EXIT 189,Teague,TX,765,3.396,31.632772,-96.27778,city_centroid
72497,ROAD RANGER #290,"I-44, Exit 13",Joplin,MO,277,3.212,37.096858,-94.505144,city_centroid
72498,SHEETZ  #760,"I-71, EXIT 140 Township Rd 256",Marengo,OH,315,3.066,40.389512,-82.812136,city_centroid
72499,Bowie Travel Center Chevron dba One9 #1411,I-10,Bowie,AZ,980,3.014,32.326389,-109.486389,city_centroid
72500,GAS N WASH,US 34,Plano,IL,290,3.499,41.666987,-88.53838,city_centroid
72501,QUIKTRIP #7203,"I-80, EXIT 75 &SR-251",Peru,IL,520,2.969,41.333021,-89.126478,city_centroid
72502,QUIKTRIP #7133,"I-95, EXIT 190 & SR-34",Dillon,SC,63,3.082,34.414553,-79.377015,city_centroid
72503,QUIKTRIP #7151,I-55/40 EXIT 278 & SR-191,West Memphis,AR,435,2.999,35.148442,-90.17792,city_centroid
72505,CASEYS #4379,I-59 HWY,Worthington,MN,530,3.142,43.628626,-95.605907,city_centroid
72506,CASEYS #4273,SR-56,Madison,IN,375,3.699,38.764866,-85.407019,city_centroid
72507,Golden Gate Fillmore,SR 99,Fillmore,UT,791,3.297,38.980539,-112.331321,city_centroid
72510,STUCK FLEET FUELING,US-19,Waynesburg,PA,165,4.499,39.891691,-80.179524,city_centroid
72514,Petro-Card 24 #910722,SR-6,Trenton,MO,276,3.149,40.082335,-93.608634,city_centroid
72515,PETRO-CARD 24 #910520,US-54BUS,Mexico,MO,310,3.229,39.171233,-91.889473,city_centroid
72519,CIRCLE K #2723050,SR-59,Hope Mills,NC,205,2.909,34.953564,-78.935364,city_centroid
72520,PETRO-CARD 24 #910160,US-50,Warrensburg,MO,400,3.299,38.766695,-93.727341,city_centroid
72521,PETRO-CARD 24 #910410,I-44/US-66,Lebanon,MO,535,3.099,37.685049,-92.655029,city_centroid
72522,MFA #910591,US-63,La Plata,MO,494,3.339,40.020831,-92.507669,city_centroid
72523,Petro-Card 24 #910820,US-60BUS,Willow Springs,MO,535,3.399,36.995812,-91.940545,city_centroid
72524,QuickChek #189,US-46,Ridgefield,NJ,115,3.252,40.832568,-74.001531,city_centroid
72526,PETRO-CARD 24 #911251,US-169,King City,MO,567,3.299,40.065184,-94.523412,city_centroid
72528,MFA #910260,SR-87/240,Glasgow,MO,310,3.396,39.225736,-92.831812,city_centroid
72529,PETRO-CARD 24 #910530,US-24,Moberly,MO,310,3.419,39.420239,-92.435793,city_centroid
72530,PETRO-CARD 24 #910140,US-50 BUS,California,MO,392,3.459,38.622369,-92.545558,city_centroid
72531,PETRO-CARD 24 #910040,US-60 BUS,Aurora,MO,416,3.209,36.947661,-93.71238,city_centroid
72533,Fuel 4,US-9,Jersey City,NJ,115,3.239,40.7164,-74.038,city_centroid
72534,Petro-Card 24 #911290,US-59,Mound City,MO,567,3.149,40.136238,-95.213837,city_centroid
72535,MFA #911310,SR-5,Centerville,IA,489,3.126,40.73259,-92.872826,city_centroid
72536,MFA 910281,SR-5,Milan,MO,276,3.299,40.184435,-93.136149,city_centroid
72537,PETRO-CARD 24 #910210,SR-7,Clinton,MO,400,3.399,38.368811,-93.758906,city_centroid
72538,Petro-Card 24 #910670,SR-51,Qulin,MO,275,3.199,36.581769,-90.261674,city_centroid
72540,MFA #910441,US-54,Louisiana,MO,494,3.049,39.43359,-91.066385,city_centroid
72541,MFA 911021,US-136,Tarkio,MO,567,3.329,40.441841,-95.378586,city_centroid
72542,MFA #910731,SR-15,Shelbina,MO,494,2.999,39.694718,-92.03706,city_centroid
72543,PETRO CARD 24,SR-18,Clinton,MO,400,3.399,38.368811,-93.758906,city_centroid
72544,BJS NEW UNDERWOOD,CR-1416,New Underwood,SD,506,3.699,44.087354,-102.813635,city_centroid
72546,MFA OIL #2028,SR-53,Poplar Bluff,MO,275,3.232,36.766235,-90.416647,city_centroid
72548,GASQUATCH,US-70/SR-3,Idabel,OK,723,3.107,33.88512,-94.802012,city_centroid
72550,TERRIBLE HERBST #388,I-15 Exit 91,Moapa,NV,910,3.549,36.675833,-114.62,city_centroid
72551,Good 2 Go,US-81,Geneva,NE,350,3.366,40.527731,-97.609625,city_centroid
72552,VALLEYWIDE COUNTRY STORE,I- 86 Exit 40,American Falls,ID,787,3.599,42.789876,-112.870714,city_centroid
72553,Friendly Express,I-71 Exit 186 & US-250,Ashland,OH,249,3.199,40.855892,-82.318931,city_centroid
72554,CEFCO #422,SR-4,Baker,FL,127,3.299,30.831569,-86.677015,city_centroid
72556,STARMART,US-183,Goldthwaite,TX,765,3.099,31.445769,-98.574405,city_centroid
72557,LITTLE NECK SHELL,I-16 Exit 152,Bloomingdale,GA,195,3.099,32.117654,-81.308465,city_centroid
72558,Circle K #4703975,SR-109 & US-70,Lebanon,TN,460,2.872,36.209792,-86.302367,city_centroid
72559,SUN TRAVEL CENTER,I-55 EXIT 114A,Canton,MS,760,3.499,32.620543,-90.006079,city_centroid
72560,AMOCO,US 131 & US 12,White Pigeon,MI,465,3.559,41.792891,-85.67501,city_centroid
72561,7-ELEVEN #38638,I-25 Exit 235,Erie,CO,800,3.399,40.059746,-105.068583,city_centroid
72562,7-ELEVEN #17703,US HWY 11,Martinsburg,WV,70,3.249,39.459959,-77.958915,city_centroid
72563,RACEWAY #6991,I-65 Exit 19 & US-43,Creola,AL,715,2.949,30.901267,-88.017414,city_centroid
72565,WEIGEL'S #102,I-75 & SR-30,Athens,TN,405,3.347,35.457389,-84.604261,city_centroid
72566,Loves  Travel Stop #826,I-70 Exit 75,Parachute,CO,800,3.596,39.440729,-108.038038,city_centroid
72567,THE TEXAN #12,US 87,La Vernia,TX,740,3.049,29.350905,-98.112971,city_centroid
72569,RACETRAC #204,US-19 & SR-400,Dawsonville,GA,18,3.319,34.394331,-84.103705,city_centroid
72570,Lake View Cheese & Liquor,I-43,Belgium,WI,444,3.256,43.499465,-87.850908,city_centroid
72571,MAVERIK #719,I-82 EXIT 33,Yakima,WA,962,3.899,46.606991,-120.477336,city_centroid
72572,GOOD 2 GO #713 DBA ONE9 #1432,I-76 EXIT 21,Brighton,CO,800,3.199,40.007222,-104.715556,city_centroid
72574,Loves Travel Stop #831,"I-10 & Fort Grant Rd, Exit 340",Willcox,AZ,980,3.332,32.372977,-109.863111,city_centroid
72575,Loves Travel Stop #864,US-98,Lucedale,MS,715,3.449,30.866722,-88.593391,city_centroid
72576,Pride Travel Center South,"I-291 & SR-5, EXIT 4",South Windsor,CT,100,3.909,41.834081,-72.557585,city_centroid
72577,QUIKTRIP #7205,"I-80, EXIT 161",Lansing,IL,365,3.079,41.566045,-87.544634,city_centroid
72578,QUIKTRIP #7247,"I-55, EXIT 85",Byram,MS,760,2.916,32.1932,-90.2708,city_centroid
72579,Raceway #6986,US-378 & CR-467,Sumter,SC,135,2.979,33.928199,-80.321008,city_centroid
72580,KWIK TRIP #1267,SR 29,Chippewa Falls,WI,295,3.392,44.932202,-91.384376,city_centroid
72581,FASTRAC MARKET #500266,I-87 Exit 18,Queensbury,NY,12,3.999,43.328983,-73.681846,city_centroid
72582,FASTRAC MARKET #500242,SR-12 & SR-5A,Utica,NY,235,3.899,43.087112,-75.231463,city_centroid
72583,SHEETZ #769,I-80 Exit 232,Bloomsburg,PA,138,3.329,41.011528,-76.438379,city_centroid
72584,ONE9 #1359,"I-80, EXIT 30",Sparks,NV,966,3.549,39.547254,-119.755588,city_centroid
72585,GAS N WASH GREEN OAKS,"I-94, EXIT 16",Libertyville,IL,290,3.559,42.281001,-87.949955,city_centroid
72586,Loves Travel Stop #875,"I-49, Exit 15",Opelousas,LA,730,3.086,30.51442,-92.089668,city_centroid
72587,Allsups Convenience #2416,I-20 EXIT 244 AND HWY 70,Sweetwater,TX,575,2.884,32.472589,-100.397908,city_centroid
72588,ALLSUPS CONVENIENCE #2430,US 380,Jacksboro,TX,630,3.044,33.234655,-98.168138,city_centroid
72589,ALLSUPS CONVENIENCE #2056,US 287,Memphis,TX,585,2.929,34.712237,-100.534653,city_centroid
72590,MAVERIK #716,I-80 & SR-351,Wells,NV,835,3.392,41.129798,-114.532752,city_centroid
72591,Quiktrip #7173,"I-20, EXIT 156",Pell City,AL,587,2.999,33.597889,-86.343151,city_centroid
72592,QUIKTRIP #7191,US-45 & I-57,Effingham,IL,510,2.999,39.121727,-88.561105,city_centroid
72594,Quiktrip #7900,I-30 & FM-989,Texarkana,TX,766,2.857,33.407371,-94.118245,city_centroid
72595,CIRCLE K #2654400,SR-115,Kearneysville,WV,22,3.266,39.321994,-77.958762,city_centroid
72596,Hucks Food & Fuel #401 dba Pilot #1360,"I-69, EXIT 25",Mayfield,KY,490,3.599,36.732686,-88.650637,city_centroid
72597,CIRCLE K #4705697,US 422,Warren,OH,573,3.612,41.172426,-80.871806,city_centroid
72599,FATDOGS LEXINGTON,US-283,Lexington,NE,475,2.979,40.785002,-99.751515,city_centroid
72603,THORNTONS #170,I-465 Exit 46 & US-40,Indianapolis,IN,375,3.599,39.775006,-86.109348,city_centroid
72606,PETRO-CARD 24 #910474,US-65,Malta Bend,MO,276,3.439,39.195108,-93.381325,city_centroid
72607,TOWN PUMP FOOD STORE #6300,I-90 & US-191,Big Timber,MT,786,3.539,45.82827,-109.963094,city_centroid
72608,Petro-Card 24 #910640,US-61,Perryville,MO,275,3.099,37.717437,-89.873664,city_centroid
72610,JORDANS KWIK STOP #6,I-55 Exit 48 & SR-140,Osceola,AR,418,3.012,35.701864,-89.979764,city_centroid
72611,Kwik Trip # 1722,SR 35 & SR 553,Gwinn,MI,395,3.819,46.291938,-87.43016,city_centroid
72612,PETRO-CARD 24 #910411,I-44 & SR-32,Lebanon,MO,535,3.099,37.685049,-92.655029,city_centroid
72614,FAST FUEL FOOD STORES,SR-4,Gassaway,WV,44,3.566,38.686193,-80.786339,city_centroid
72615,U STOP #4,US-6,Lincoln,NE,413,3.399,40.8169,-96.7103,city_centroid
72616,PETRO-CARD 24 #910700,SR-32,Sainte Genevieve,MO,275,3.099,37.950356,-90.09604,city_centroid
72619,MARTYVILLE MARATHON,SR-25,Tishomingo,MS,742,3.279,34.647753,-88.219395,city_centroid
72620,CENEX,US-2,Leeds,ND,452,3.249,48.26681,-99.440123,city_centroid
72621,PETRO-CARD 24 #1047,SR-240,Slater,MO,276,3.459,39.216273,-93.054674,city_centroid
72622,Phillips 66,US- 60 & HWY AD,Dexter,MO,275,3.402,36.788458,-89.963933,city_centroid
72623,LENNYS FOOD N FUEL,US-6,Joliet,IL,296,3.299,41.527154,-88.08241,city_centroid
72625,PETRO-CARD 24,SR-46 & US-71,Maryville,MO,567,3.129,40.343399,-94.873479,city_centroid
72626,MFA OIL,SR-18,Lake City,AR,418,3.399,35.81715,-90.442327,city_centroid
72628,Gas Pro 6,SR-121 & US-25,Trenton,SC,135,3.466,33.693757,-81.853392,city_centroid
72629,MFA #910600,SR-28,Owensville,MO,392,3.299,38.351119,-91.486679,city_centroid
72630,PETRO-CARD 24 #910250,US-54 BUS,Fulton,MO,392,3.299,38.851821,-91.96055,city_centroid
72631,THORNTONS #221348,I-355 & SR-7,Homer Glen,IL,296,3.849,41.6,-87.938056,city_centroid
72633,Petro-Card 24 #910830,SR-52,Windsor,MO,400,3.499,38.52719,-93.526864,city_centroid
72634,MURPHY USA #7827,US-385 & US-60,Hereford,TX,585,2.829,34.837037,-102.40503,city_centroid
72635,GULF,SR-140,Boylston,MA,34,3.839,42.337727,-71.731042,city_centroid
72637,AZTEX #104,I-40 Exit 398,Knoxville,TN,405,3.359,35.9609,-83.9189,city_centroid
72639,ALLSUPS #2423,US-377 & US-70,Madill,OK,253,2.959,34.07126,-96.787258,city_centroid
72640,Kwik Trip # 1721,SR 553 & FM 480,Marquette,MI,395,3.819,46.53124,-87.389443,city_centroid
72642,LOVES TRAVEL STOP #857,US-95 & US-6,Tonopah,NV,910,3.716,38.204273,-117.089886,city_centroid
72643,ONCUE #147,"I-44, EXIT 12",Oklahoma City,OK,483,3.049,35.473,-97.5177,city_centroid
72644,MAVERIK COUNTRY STORE #642,I-25 EXIT 262,Fort Collins,CO,800,3.259,40.581293,-105.103884,city_centroid
72645,MAVERIK #723,"I-10, EXIT 240",Marana,AZ,980,3.046,32.404749,-111.273621,city_centroid
72646,TOOT N TOTUM #131,US 87,Lamesa,TX,710,3.109,32.736677,-101.956914,city_centroid
72647,RACEWAY #6972,US-83 & US-43,Demopolis,AL,615,3.077,32.490792,-87.839669,city_centroid
72648,Loves Travel Stop #873,US 50,Canon City,CO,803,3.509,38.445074,-105.217829,city_centroid
72649,Love's Travel Stop #891,US 93,Jackpot,NV,835,3.627,41.839591,-115.112886,city_centroid
72650,Loves Travel Stop #862,I-35 Exit 65,Cotulla,TX,693,3.589,28.439837,-99.232818,city_centroid
72651,QUIKTRIP #7132,"I-16, EXIT 152",Bloomingdale,GA,195,3.032,32.117654,-81.308465,city_centroid
72652,Quiktrip #4148,I-35 & GRAND AVE PKWY,Pflugerville,TX,595,2.882,30.442133,-97.629895,city_centroid
72653,Quiktrip #7153,US-78 & EXIT #4,Olive Branch,MS,435,2.916,34.94414,-89.854427,city_centroid
72655,RACEWAY #6988,US-79 & US-41,Clarksville,TN,460,2.999,36.522014,-87.348997,city_centroid
72656,ALLSUPS #2437,HWY 176 & HWY 115,Andrews,TX,710,3.396,32.320125,-102.540926,city_centroid
72660,RACEWAY #6989,US-157 & COURT ST,Moulton,AL,615,3.049,34.505836,-87.222385,city_centroid
72663,LOC STOP TRAVEL CENTER,US-82,Dawson,GA,10,3.499,31.773333,-84.446667,city_centroid
72664,RACETRAC #2606,"I-30, EXIT 32B & SR-181",Grand Prairie,TX,630,2.926,32.76488,-97.01121,city_centroid
72666,CIRCLE K #2707043,"I-75/SR-401, EXIT 39 & SR-37",Adel,GA,20,2.999,31.125143,-83.421346,city_centroid
72667,LOVES TRAVEL STOP #884,"I-30, Exit 46",Prescott,AR,635,3.476,33.804029,-93.372544,city_centroid
72668,LOVES TRAVEL STOP #350,"I-19, Exit 12",Nogales,AZ,980,3.609,31.376969,-110.943508,city_centroid
72669,Quiktrip #356,US-81 & S Victoria RD,Wichita,KS,570,3.194,37.6898,-97.3415,city_centroid
72672,7-Eleven #42205,US 79,Hearne,TX,765,3.449,30.86686,-96.584256,city_centroid
72674,QUIKTRIP #7190,I-64 EXIT 94,Mount Vernon,IL,540,3.099,38.317014,-88.910525,city_centroid
72675,Maverik Country Store #715,I-80 EXIT 107,Big Springs,NE,475,3.101,41.069621,-102.093273,city_centroid
72676,KWIK TRIP #1212,"I 90, EXIT 43",Worthington,MN,425,3.164,43.628626,-95.605907,city_centroid
72677,KWIK TRIP #1256,SR 2 E,Iron Mountain,MI,360,3.279,45.821894,-88.068257,city_centroid
72678,FLYING J #1056,I-90/ I-80,Edon,OH,550,3.899,41.584219,-84.757002,city_centroid
72679,TEX BEST #532,US-281 & HWY 186,Edinburg,TX,639,3.021,26.304221,-98.156922,city_centroid
72680,RACEWAY #6990,US-98,Foley,AL,155,3.076,30.400664,-87.685737,city_centroid
72681,MAVERIK #691,I-76 EXIT 3,Denver,CO,800,3.284,39.746931,-105.062036,city_centroid
72682,Maverik #695,I-15 EXIT 276,American Fork,UT,835,3.349,40.392784,-111.794107,city_centroid
72683,HUCKS FOOD & FUEL #383,SR-57,Evansville,IN,340,3.759,37.9746,-87.5674,city_centroid
72685,CHUBBYS TRAVEL CENTER,"I-35, Exit 127",Natalia,TX,740,2.972,29.211669,-98.855158,city_centroid
72687,Kwik Trip #1203,US-71 & Airport Rd,Redwood Falls,MN,425,3.349,44.531753,-95.10713,city_centroid
72688,SHEETZ #772,I-70 EXIT 59,Springfield,OH,317,3.054,39.924167,-83.808889,city_centroid
72689,ROAD RANGER #285,I-10 EXIT 605,Seguin,TX,740,3.111,29.561316,-97.962801,city_centroid
72690,Noble East Lyme,"I-95, EXIT 75",East Lyme,CT,100,3.759,41.366806,-72.232987,city_centroid
72691,KUM & GO #2402,US 60,Springfield,MO,535,3.176,37.2152,-93.295,city_centroid
72693,Kum & Go #2404,US 60,Aurora,MO,535,3.119,36.947661,-93.71238,city_centroid
72694,7-ELEVEN #42195,I-385 EXIT 23,Fountain Inn,SC,30,3.116,34.653334,-82.264593,city_centroid
72695,Quiktrip #7906,"I-20, EXIT 617 & US-59",Marshall,TX,766,2.837,32.53378,-94.36191,city_centroid
72696,QUIKTRIP #1742,"I-475/SR-408, exit 5 & SR-74",Macon,GA,85,3.089,32.84386,-83.598686,city_centroid
72698,QUIKTRIP #7242,"I-10, EXIT 31",Gulfport,MS,733,2.916,30.382556,-89.097618,city_centroid
72699,Quiktrip #7195,"I-355, EXIT 29",Addison,IL,290,3.079,41.933509,-88.0054,city_centroid
72700,RACEWAY #6726,"I-30, Exit 172",Thomson,GA,135,3.399,33.477363,-82.494204,city_centroid
72701,Loves Travel Stop #887,I-55 EXIT 178,Herculaneum,MO,540,3.156,38.260087,-90.387095,city_centroid
72702,Loves Travel Stop #854,I-49 EXIT 215,Shreveport,LA,745,2.937,32.503743,-93.748696,city_centroid
72705,SHEETZ #795,US-460 & CR-629,Disputanta,VA,180,2.982,37.148268,-77.273172,city_centroid
72706,Sheetz #790,I-77 EXIT 100,Mount Airy,NC,65,2.859,36.500739,-80.611871,city_centroid
72707,QUIKTRIP #4299,"I-25, EXIT 158",Monument,CO,796,3.159,39.100726,-104.85416,city_centroid
72709,KWIK TRIP #1299,FM 164,Sussex,WI,444,3.286,43.144059,-88.227064,city_centroid
72710,KWIK STAR #1285,I-229 EXIT 9,Sioux Falls,SD,530,2.952,43.6017,-96.7051,city_centroid
72711,Kwik Trip #1260,FM 65,Roberts,WI,448,3.424,44.987356,-92.559773,city_centroid
72713,Kwik Star #1217,FM 11,Sioux Falls,SD,530,2.939,43.6017,-96.7051,city_centroid
72714,LOVES TRAVEL STOP  #771,I-85 & SR-18,West Point,GA,720,3.679,32.833683,-85.119714,city_centroid
72715,FLYING J TRAVEL PLAZA #1372,"I-40, EXIT 28",Yucca,AZ,910,3.849,34.872222,-114.148611,city_centroid
72716,RACEWAY #7000,US-1 & SR-40,Folkston,GA,75,3.099,30.850838,-82.011617,city_centroid
72719,TA EXPRESS LITTLEFIELD,"I-15, EXIT 8",Littlefield,AZ,910,3.679,36.866524,-113.913693,city_centroid
72721,Racetrac #2625,SR 72 E & SHIELDS RD,Huntsville,AL,615,2.977,34.726866,-86.567318,city_centroid
72723,ONE9 #1362,"I-40, EXIT 253",Winslow,AZ,930,3.226,35.16078,-110.511382,city_centroid
72724,ONE9 #484,I-40 EXIT 146,Ash Fork,AZ,930,3.329,35.214998,-112.502681,city_centroid
72725,CASEYS #4481,US 75,Denison,TX,253,2.936,33.745009,-96.549574,city_centroid
72727,CASEYS #4319,SR-141,Perry,IA,320,3.129,41.839695,-94.102167,city_centroid
72728,CASEYS #4304,FM 103 & Belten Dr,Crete,NE,413,3.457,40.619302,-96.956676,city_centroid
72732,KUM & GO #2212,I-35 EXIT 89,Ankeny,IA,320,3.132,41.72755,-93.602175,city_centroid
72733,Parker's #94,US-17 N,Georgetown,SC,42,2.989,33.430776,-79.323459,city_centroid
72734,7-ELEVEN #41940,I-95,West Haven,CT,100,3.999,41.270079,-72.963842,city_centroid
72735,7-Eleven #41376,I-26 Exit 154B,Orangeburg,SC,42,3.226,33.502545,-80.859282,city_centroid
72736,FRIENDLY GUS STORE #12,I-16 Exit 49,Dublin,GA,85,3.276,32.547794,-82.90368,city_centroid
72737,Mollys Food and Fuel,"I-20, EXIT 175 & SR-150",Thomson,GA,135,3.499,33.477363,-82.494204,city_centroid
72738,BREAK TIME #3172,US-50/US-63,Jefferson City,MO,310,3.336,38.546212,-92.152462,city_centroid
72739,MAVERIK #712,US 70 & US 54,Alamogordo,NM,640,3.056,32.893186,-105.948544,city_centroid
72740,Caseys #4303,"I-80, EXIT 257 & US-183",Elm Creek,NE,475,3.032,40.730079,-99.372786,city_centroid
72741,Caseys #4298,"I-55, EXIT 220 & SR-47",Dwight,IL,368,3.349,41.088701,-88.415884,city_centroid
72742,Racetrac #2612,I-675 EXIT 7,Ellenwood,GA,18,3.109,33.61,-84.288056,city_centroid
72743,PEOTONE TRAVEL CENTER,I-57 & SR-25,Peotone,IL,290,3.459,41.33609,-87.78968,city_centroid
72745,Loves Travel Stop #870,US-81 Exit 12 & SR-12,Watertown,NY,220,4.149,43.974258,-75.912212,city_centroid
72746,PARKERS #103,"I-26, Exit 205A",Ladson,SC,42,3.282,32.993019,-80.125701,city_centroid
72747,One9 #1358,"I-40,  EXIT 16",Gallup,NM,580,3.246,35.506475,-108.741352,city_centroid
72748,HORIZON TRAVEL PLAZA,US-411,Cartersville,GA,193,2.934,34.186975,-84.820401,city_centroid
72749,KWIK TRIP #1282,FM 42 & S Duluth Ave,Sturgeon Bay,WI,582,3.507,44.84384,-87.375311,city_centroid
72750,QUIKTRIP #1943,I-35 EXIT 368 & SR 22,Hillsboro,TX,641,2.919,32.014942,-97.119791,city_centroid
72752,QUIKTRIP #7178,I-65 EXIT 13 & SR 158,Saraland,AL,715,2.957,30.833197,-88.093387,city_centroid
72753,QUIKTRIP #7908,I-40 EXIT 73,Amarillo,TX,585,2.874,35.166332,-101.886764,city_centroid
72754,RACETRAC #2495,US 41 & US 19,Griffin,GA,85,3.229,33.2549,-84.272759,city_centroid
72755,RACETRAC #2620,I-465 Exit 42,Indianapolis,IN,375,3.159,39.775006,-86.109348,city_centroid
72756,Loves Travel Stop #876,I-94 Exit 34A,Michigan City,IN,365,3.789,41.698031,-86.869899,city_centroid
72757,Loves Travel Stop #860,I-59 EXIT 1,Picayune,MS,725,3.156,30.541796,-89.691021,city_centroid
72758,CEFCO #1117,I-20 EXIT 617,Marshall,TX,766,2.832,32.53378,-94.36191,city_centroid
72759,Allsups Convenience Store #2461,US-87 & SR-137,Lamesa,TX,612,3.099,32.736677,-101.956914,city_centroid
72760,RaceWay #6999,US-84 & US-319,Thomasville,GA,20,3.166,30.8665,-83.9233,city_centroid
72761,RACETRAC #2629,US-72/US-43 & SR-20,Tuscumbia,AL,615,2.999,34.687432,-87.683259,city_centroid
72763,FASTRAC MARKET #500270,SR-5/SR-13,Canastota,NY,235,4.349,43.087764,-75.760197,city_centroid
72764,CUMBERLAND FARMS #004783,US-5,East Windsor,CT,100,4.049,41.9099,-72.602945,city_centroid
72765,FASTRAC MARKET #500203,SR-104 & CR-256,Wolcott,NY,190,3.799,43.234129,-76.821748,city_centroid
72766,QUIKTRIP #1873,US 287  33.054731932354194,Rhome,TX,630,2.899,33.054045,-97.481688,city_centroid
72767,QUIKTRIP #4227,I-25 EXIT 243,Mead,CO,800,3.147,40.233333,-104.998056,city_centroid
72768,ROAD RANGER #287,I-57 EXIT 318,Bourbonnais,IL,290,3.339,41.166119,-87.879023,city_centroid
72769,TOOT N TOTUM #132,US 84,Lubbock,TX,585,2.971,33.586527,-101.860634,city_centroid
72770,RACETRAC #2634,I-95 Exit 77 & US-78,Saint George,SC,42,2.999,33.184532,-80.573246,city_centroid
72771,RACETRAC #2635,I-85 EXIT 44A,Greenville,SC,30,2.899,34.9137,-82.0978,city_centroid
72772,RACEWAY #6998,US-501 & SR-576,Marion,SC,42,3.016,34.156195,-79.389822,city_centroid
72773,RaceTrac #2626,I-20 Exit 472,Dallas,TX,630,2.864,32.790439,-96.80439,city_centroid
72774,STUCKEYS TRAVEL CENTER,I-10 EXIT 451,Orange,TX,610,2.807,30.125167,-93.771883,city_centroid
72775,CEFCO #2089,I-20 EXIT 288,Abilene,TX,575,2.766,32.468155,-99.718208,city_centroid
72776,MARATHON,"1-75, Exit 80",Sycamore,GA,85,3.299,31.655329,-83.606363,city_centroid
72778,KWIK STAR #1208,US-75,Sioux Center,IA,530,3.199,43.081416,-96.179952,city_centroid
72779,KWIK TRIP #1276,"I-90/I-39, EXIT 1 & SR-75",South Beloit,IL,290,3.299,42.483672,-89.029791,city_centroid
72781,SHEETZ #774,I-70 & SR-83,New Concord,OH,430,3.059,40.008798,-81.738727,city_centroid
72782,SHEETZ #791,"I-76, Exit 57",North Jackson,OH,573,3.066,41.088044,-80.86225,city_centroid
72783,SHEETZ #770,I-70 & US-42,London,OH,315,2.999,39.900074,-83.443899,city_centroid
72784,Maverik Country Store #724,"I-80/US-30, EXIT 221",Rawlins,WY,838,3.289,41.795131,-107.234883,city_centroid
72785,GAS N WASH,US 30,Crest Hill,IL,290,3.299,41.566239,-88.116924,city_centroid
72786,QUIKTRIP #333,"I-135, EXIT 31",Newton,KS,570,2.949,38.045067,-97.343457,city_centroid
72787,QUIKTRIP #7011,"I-35, EXIT 118",Oklahoma City,OK,483,3.032,35.473,-97.5177,city_centroid
72788,MAVERIK #700,I-25 EXIT 215,Denver,CO,800,3.289,39.746931,-105.062036,city_centroid
72789,RACETRAC #237,HWY 30 & ROBERT WILSON RD,Gonzales,LA,600,3.172,30.238333,-90.92,city_centroid
72791,LOVES TRAVEL STOP #850,SR-491 & RD. G,Cortez,CO,614,3.482,37.354949,-108.583726,city_centroid
72792,QUICKLEES,"I-190, EXIT 23",Niagara Falls,NY,38,3.999,43.095467,-79.041443,city_centroid
72793,TA EXPRESS BLAINE #917,"I-5, Exit 275",Blaine,WA,850,4.139,48.963572,-122.732327,city_centroid
72795,REFUEL #1337,SR-45/CR-1625,Buda,TX,595,2.999,30.091758,-97.853422,city_centroid
72796,PILOT DEALER #1399,"SR-303, EXIT 107",Litchfield Park,AZ,930,3.584,33.494127,-112.380497,city_centroid
72797,KWIK TRIP #1215,"I-94, EXIT 135",Melrose,MN,451,3.327,45.658183,-94.819768,city_centroid
72798,Casey's #4539,US-75,Rock Rapids,IA,530,3.349,43.427192,-96.178055,city_centroid
72799,CASEYS #4384,"I-88 & SR-26, EXIT 54",Dixon,IL,520,3.479,41.847797,-89.489303,city_centroid
72801,CASEYS #4388,"US-64, EXIT 29",Beebe,AR,645,3.189,35.093743,-91.907449,city_centroid
72802,Racing Mart Store,"I-495, Exit 36A",Wrentham,MA,175,3.899,42.061746,-71.339568,city_centroid
72803,Llanos Country Corner,"I-10/US-83, EXIT 456 & US-377",Junction,TX,740,2.919,30.47544,-99.74731,city_centroid
72804,7-Eleven #42174,"I-24, EXIT 211 & US-70",Nashville,TN,460,3.249,36.167028,-86.778441,city_centroid
72805,Stripes #42242,"SR 181, HWY 188",Sinton,TX,625,3.259,28.033895,-97.519582,city_centroid
72806,TA HOSSTON #939,"I-49, Exit 237",Hosston,LA,745,2.922,32.896653,-93.883425,city_centroid
72808,Allsups Convenience #2463,US-377,Aubrey,TX,630,2.899,33.291997,-96.987866,city_centroid
72809,LOVES TRAVEL STOP #894,I-95 EXIT 305,Saint Augustine,FL,75,3.442,29.8364,-81.2745,city_centroid
72810,QUIKTRIP #7,"I-244/US-412, Exit 10",Tulsa,OK,560,3.119,36.1504,-95.9953,city_centroid
72811,QUIKTRIP #50,SR-51,Broken Arrow,OK,560,3.129,36.054435,-95.722269,city_centroid
72812,Kwik Trip #748,US 8,Barron,WI,295,3.664,45.400535,-91.84996,city_centroid
72813,Allsups #2425,Hwy 144,Granbury,TX,630,3.029,32.42505,-97.774173,city_centroid
72814,ALLSUPS #2468,"I35, EXIT 5",Thackerville,OK,253,2.917,33.788167,-97.136349,city_centroid
72815,QUIKTRIP #7194,I-74 EXIT 182,Champaign,IL,280,3.099,40.111017,-88.240747,city_centroid
72816,QUIKTRIP #7914,I-27 EXIT 117,Amarillo,TX,585,2.846,35.166332,-101.886764,city_centroid
72817,QUIKTRIP #4174,I-35 Exit 285,Salado,TX,765,2.916,30.949388,-97.532999,city_centroid
72818,QUIKTRIP #7174,"I-65, EXIT 168",Montgomery,AL,720,2.999,32.3743,-86.3118,city_centroid
72819,QUIKTRIP #7925,I-69W,Laredo,TX,693,2.851,27.515538,-99.498579,city_centroid
72820,QUARLES #54232,us-385,Crane,TX,710,3.886,31.396949,-102.354382,city_centroid
72821,QUARLES #54231,CR-23 & CR-33,Eunice,NM,593,3.699,32.439225,-103.159407,city_centroid
72822,QUARLES #54225,US-83,Abilene,TX,575,3.499,32.468155,-99.718208,city_centroid
72827,QUARLES #54259,FM-1936,Odessa,TX,710,3.699,31.8465,-102.3663,city_centroid
72828,QUARLES #54250,US-80,Abilene,TX,575,3.312,32.468155,-99.718208,city_centroid
72830,QUARLES #54261,"I-20, EXIT 37",Pecos,TX,710,3.749,31.414384,-103.508129,city_centroid
72831,QUARLES #54262,CR-64,Hobbs,NM,593,3.699,32.72217,-103.137246,city_centroid
72835,QUARLES #54277,SR-137,Big Lake,TX,739,3.849,31.240592,-101.478776,city_centroid
72836,QUARLES #54281,SR-208,Snyder,TX,700,3.666,32.715105,-100.907485,city_centroid
72837,QUARLES #54284,US-285,Loving,NM,593,3.799,32.274034,-104.091376,city_centroid
72839,QUARLES #54293,CR-64,Hobbs,NM,593,3.699,32.72217,-103.137246,city_centroid
72841,QUARLES #54296,SR-214 & CR-370,Denver City,TX,700,3.799,32.971114,-102.831251,city_centroid
72844,QUARLES #54332,US-285,Pecos,TX,710,3.759,31.414384,-103.508129,city_centroid
72847,QUARLES #54341,US-87,Big Spring,TX,612,3.649,32.241767,-101.467517,city_centroid
72848,QUARLES #54347,US-67,Rankin,TX,710,3.699,31.2225,-101.9375,city_centroid
72849,QUARLES #54349,CR-1140,Midland,TX,710,3.666,31.989636,-102.06261,city_centroid
72851,QUARLES #54367,FM-1787,Midland,TX,710,3.799,31.989636,-102.06261,city_centroid
72853,QUARLES #54520,SR-589,Purvis,MS,620,2.979,31.149562,-89.462301,city_centroid
72855,GAS N WASH,SR 59,Plainfield,IL,399,3.559,41.600884,-88.199391,city_centroid
72857,7-ELEVEN #42019,SR-3 & SR-4,Yukon,OK,483,3.159,35.506667,-97.762222,city_centroid
72859,CASEYS #4286,SR-32,Crawfordsville,IN,375,3.562,40.032524,-86.907424,city_centroid
72860,Circle K #2707070,"SR 378, Route 467",Sumter,SC,42,2.992,33.928199,-80.321008,city_centroid
72861,SPRINT MART #4143,"I-20, EXIT 89",Vance,AL,615,3.059,33.17498,-87.257362,city_centroid
72863,Double Quick #92,US-61,Cleveland,MS,655,3.182,33.743002,-90.730871,city_centroid
72864,SUNSTOP #430,US-27,Bainbridge,GA,20,3.599,30.9355,-84.5809,city_centroid
72867,Maverik #731,I-15 EXIT 190,Helena,MT,816,3.549,46.613066,-112.021283,city_centroid
72868,MAVERIK #737,I-15 EXIT 116,Idaho Falls,ID,825,3.406,43.517679,-111.990626,city_centroid
72869,MAVERIK #738,I-90 EXIT 129,Gillette,WY,790,3.359,44.282009,-105.497442,city_centroid
72871,Maverik #727,I-8 EXIT 3,Yuma,AZ,930,3.179,32.701507,-114.642362,city_centroid
72872,QUIKTRIP #7926,US 59 & SR 20,Laredo,TX,693,2.859,27.515538,-99.498579,city_centroid
72873,QUIKTRIP #7206,I-39 EXIT 15 & US 20,Rockford,IL,520,2.969,42.292233,-89.116118,city_centroid
72874,QUIKTRIP #4076,I-35 EXIT 191,New Braunfels,TX,740,2.916,29.694733,-98.113041,city_centroid
72875,QUIKTRIP #4183,SR 195 & Shell RD,Georgetown,TX,595,2.916,30.633038,-97.670704,city_centroid
72876,QUIKTRIP #1139,"I-385, EXIT 23",Fountain Inn,SC,30,3.017,34.653334,-82.264593,city_centroid
72877,QUIKTRIP #7177,"I-10, EXIT 15A",Theodore,AL,715,2.882,30.544374,-88.180748,city_centroid
72879,QUIKTRIP #4002,US-87,Comfort,TX,595,2.966,29.979072,-98.843772,city_centroid
72880,PARKERS #97,US 80,Bloomingdale,GA,195,3.032,32.117654,-81.308465,city_centroid
72882,CASEYS #4330,"I-40, EXIT 221",Okemah,OK,483,2.926,35.447516,-96.306788,city_centroid
72884,CEFCO #435,"I-10, EXIT 44 & US-90",Loxley,AL,715,3.026,30.617964,-87.75624,city_centroid
72885,RACEWAY #6960,US-431 & Westgate PKWY,Dothan,AL,10,3.199,31.202888,-85.418036,city_centroid
72886,PILOT #1381,US-190 & Rose Marie Blvd,Hearne,TX,670,3.499,30.86686,-96.584256,city_centroid
72888,STRIPES #42591,US-87,Mason,TX,595,3.299,30.743392,-99.226117,city_centroid
72889,DK,SR 83,Denver City,TX,700,3.319,32.971114,-102.831251,city_centroid
72891,GAS N WASH,"I-57, EXIT 354",Alsip,IL,365,3.399,41.6723,-87.7339,city_centroid
72893,Racetrac #2586,I-95 & 20th ST,Vero Beach,FL,140,3.159,27.632985,-80.403075,city_centroid
72894,Allsups Convenience Store #2458,US-287 & FM-1655,Alvord,TX,630,2.899,33.36982,-97.688488,city_centroid
72895,Allsups#2465,SR 7,Davis,OK,569,2.967,34.495301,-97.10843,city_centroid
72896,PILOT #1283,I-45 & SR-31,Corsicana,TX,630,3.042,32.0322,-96.3483,city_centroid
72899,RACEWAY #7002,US 79 & 59,Carthage,TX,766,2.821,32.154379,-94.352721,city_centroid
72901,FATDOGS GRAND ISLAND TRAVEL CENTER,I-80 & HWY 281,Grand Island,NE,330,2.979,40.921858,-98.341062,city_centroid
72902,CIRCLE K #2704593,SR-24 &  SR-690,Spring Lake,NC,63,3.079,35.182981,-78.978555,city_centroid
72903,Kent Kwik #221,SR-338,Odessa,TX,710,2.989,31.8465,-102.3663,city_centroid
72904,CEFCO #112,US-281,Marble Falls,TX,595,2.929,30.57228,-98.306992,city_centroid
72905,TA EXPRESS PLEASANTON #445,I-37 EXIT 109,Pleasanton,TX,740,3.099,28.992368,-98.483061,city_centroid
72906,Maverik #734,I-25 EXIT 94,Pueblo,CO,796,3.289,38.287876,-104.584828,city_centroid
72907,QUIKTRIP #7913,"I-20, EXIT 20 & SR-18",Monahans,TX,710,2.859,31.581294,-102.900273,city_centroid
72908,QUIKTRIP #1042,"I-85, EXIT 17B & US-321",Gastonia,NC,46,3.264,35.244917,-81.219449,city_centroid
72909,FAT DOGS LINCOLN TC,"I-80, EXIT 399",Lincoln,NE,475,3.099,40.8169,-96.7103,city_centroid
72910,Ogden Cardlock (Bulk Plant),I-15 EXIT 343,Ogden,UT,835,3.489,41.2443,-112.0072,city_centroid
72912,Salina Cardlock (Bulk Plant),I-70 EXIT 56,Salina,UT,791,3.449,38.956028,-111.881072,city_centroid
72916,CASEYS #2562,SR 140 & SR 156,Ellsworth,KS,357,3.466,38.731219,-98.205678,city_centroid
72918,QUIKTRIP #7076,"I-75, EXIT 101",Cordele,GA,10,3.032,31.963333,-83.7825,city_centroid
72919,QUIKTRIP #7096,I-75 & EXIT 51,Dayton,OH,317,3.032,39.7578,-84.1777,city_centroid
72920,Circle K #4701686,"I-70, Exit 224 & SR-370",Saint Peters,MO,540,3.051,38.78024,-90.622765,city_centroid
72921,CIRCLE K #4701677,"I-44, Exit 226",Sullivan,MO,540,3.324,38.230706,-91.156662,city_centroid
72922,SUNOCO,SR-640,Willoughby,OH,305,3.859,41.630229,-81.407619,city_centroid
72923,76,US-84,Brookhaven,MS,620,3.149,31.58581,-90.451995,city_centroid
72924,SHERMAN TRAVEL CENTER,SR-9,Senatobia,MS,435,3.029,34.632306,-89.885501,city_centroid
72925,AMOCO,US-52 & SR-340,Darlington,SC,135,3.199,34.300294,-79.873221,city_centroid
72926,Amoco,US-31 & US-10,Scottville,MI,456,3.359,43.976692,-86.315615,city_centroid
72927,Bell Stores #165,US-30,Wooster,OH,249,3.516,40.809354,-81.948272,city_centroid
72930,SPARTA CO-OP,SR-27,Sparta,WI,420,3.189,43.954045,-90.814566,city_centroid
72933,CHEVRON #385988,SR-124,Lithonia,GA,18,3.399,33.682311,-84.160997,city_centroid
72934,CIRCLE K #2706987,"I-37, Exit 118",Corpus Christi,TX,625,3.099,27.794086,-97.402994,city_centroid
72935,Circle K #2722258,US-17 & SR-40,Pierson,FL,140,3.402,29.222596,-81.43533,city_centroid
72936,Circle K #2707549,SR-471 & SR-48,Bushnell,FL,140,3.499,28.661062,-82.155297,city_centroid
72937,CIRCLE K #2723997,SR024,Stedman,NC,205,3.399,35.034749,-78.694932,city_centroid
72938,CIRCLE K #2723205,I-285 & CR-1642,Winston Salem,NC,65,3.521,36.10237,-80.222798,city_centroid
72939,CIRCLE K #2655872,"I-75, Exit 252B",Atlanta,GA,18,3.506,33.7564,-84.3918,city_centroid
72940,Circle K #3909,SR-236,Clarksville,TN,460,3.329,36.522014,-87.348997,city_centroid
72941,CIRCLE K #2740389,I-55 & US-51,Hammond,LA,600,3.249,30.51908,-90.487856,city_centroid
72942,CIRCLE K #2742777,US-62/180,El Paso,TX,640,3.191,31.758411,-106.478311,city_centroid
72943,CIRCLE K #2706805,SR-415 & SR-76,Port Allen,LA,600,3.359,30.471983,-91.254088,city_centroid
72944,Circle K #2709094,US-62 & SR-327,Lubbock,TX,700,3.099,33.586527,-101.860634,city_centroid
72945,CIRCLE K #2707057,SR-59 & CR-12,Foley,AL,715,3.092,30.400664,-87.685737,city_centroid
72947,Circle K #9556,SR-202,Phoenix,AZ,930,3.386,33.451,-112.0685,city_centroid
72948,CIRCLE K #2746514,SR-23,Watford City,ND,273,3.599,47.804258,-103.258205,city_centroid
72949,BOURBON TRAVEL PLAZA,US-30,Bourbon,IN,370,3.499,41.309785,-86.117438,city_centroid
72950,Conoco,US-95,MC DERMITT,NV,966,4.299,41.866944,-117.531111,city_centroid
72951,DK,SR-36,Abilene,TX,575,2.849,32.468155,-99.718208,city_centroid
72953,GRAND AVENUE EXPRESS,I-35 & FM-372,Gainesville,TX,253,2.999,33.625943,-97.103208,city_centroid
72956,Handee Hugos #1,SR-87,Riegelwood,NC,245,3.497,34.34706,-78.257473,city_centroid
72957,IRVING,SR-11,Augusta,ME,203,3.899,44.323228,-69.766548,city_centroid
72958,Jack Flash Pana,SR-16,Pana,IL,318,3.099,39.388124,-89.078165,city_centroid
72959,JORDANS #75,US-67,Newport,AR,418,3.299,35.598823,-91.257064,city_centroid
72960,KENT KWIK #206,FM-2020,Odessa,TX,710,3.026,31.8465,-102.3663,city_centroid
72963,MAVERIK #5358,"I-25, Exit 145",Colorado Springs,CO,796,3.331,38.8335,-104.8206,city_centroid
72965,Maverik #674,"I-15, Exit 45",North Las Vegas,NV,910,3.282,36.4475,-114.851389,city_centroid
72966,MCCLURE STORE #15,SR-9,Marion,IN,370,3.694,40.574333,-85.674127,city_centroid
72967,BINKS TENAHA QUICK STOP,US-59/US-84,Tenaha,TX,618,3.059,31.940812,-94.248773,city_centroid
72968,LOVES TRAVEL STOP #883,US-52 EXIT 120,Rural Hall,NC,65,3.577,36.229251,-80.293643,city_centroid
72969,LOVES TRAVEL STOP #555,US-30,Delphos,OH,411,3.306,40.833619,-84.324678,city_centroid
72970,PAC PRIDE,"I-96, Exit 26",Grand Rapids,MI,371,3.659,42.9704,-85.6738,city_centroid
72972,LOVES TRAVEL STOP #886,I-44 EXIT 29,Sarcoxie,MO,277,3.401,37.072382,-94.11514,city_centroid
72973,PETE'S 49,US-166 & US-169,Coffeyville,KS,307,3.214,37.044056,-95.632756,city_centroid
72974,USTOP 34,US-77,Lincoln,NE,413,3.499,40.8169,-96.7103,city_centroid
72975,SHEETZ #804,"I-95, Exit 41",Hope Mills,NC,63,2.859,34.953564,-78.935364,city_centroid
72976,RED DOG,"I-10, EXIT 72",Egan,LA,690,3.049,30.250966,-92.500226,city_centroid
72978,SHELL SERVICE STATION,SR-302,Byhalia,MS,435,3.099,34.885351,-89.676332,city_centroid
72979,RICKY ROCKETS,"I-57, EXIT 312",Kankakee,IL,399,3.379,41.116582,-87.869607,city_centroid
72981,Sprint Mart #2301,I-565 & CR-115,Madison,AL,742,3.492,34.7837,-86.7486,city_centroid
72982,SUNOCO,I-10 & SR-328,Breaux Bridge,LA,730,2.856,30.274955,-91.905899,city_centroid
72983,SUNSTOP #303,SR-100,Lake City,FL,75,3.551,30.0949,-82.7117,city_centroid
72984,TERRIBLE HERBST #341,US-95,Indian Springs,NV,910,3.899,36.407223,-115.581067,city_centroid
72985,THE PRIDE OF VILLA PARK,SR-64,Villa Park,IL,290,3.299,41.879899,-87.978246,city_centroid
72986,THE PRIDE OF ELGIN,SR-31,Elgin,IL,520,3.499,42.038356,-88.260631,city_centroid
72987,The Texan,US-285 & CR-116,Pecos,TX,710,2.999,31.414384,-103.508129,city_centroid
72988,Thorntons #221354,US-12,Lake Zurich,IL,293,3.349,42.196721,-88.070299,city_centroid
72989,THORNTONS #442562,SR-63,Monroe,OH,407,3.199,39.441285,-84.365196,city_centroid
72990,TA Express Jonesboro,I-555 EXIT 39,Jonesboro,AR,435,3.392,35.833016,-90.696526,city_centroid
72991,THORNTONS #221345,US-20,Hanover Park,IL,297,3.759,41.794444,-87.808333,city_centroid
72993,H AND R OIL COMPANY,"SR-4, EXIT 8",Lexington,KY,410,3.249,38.017394,-84.485423,city_centroid
72995,LOVES TRAVEL STOP #569,I-84 EXIT 304,Baker City,OR,982,3.457,44.780102,-117.828631,city_centroid
72996,LOVES TRAVEL STOP #504,I-76 EXIT 232,North Lima,OH,573,3.787,40.964866,-80.654911,city_centroid
72998,83 FUEL STOP,US-83,Catarina,TX,693,2.959,28.345278,-99.613056,city_centroid
72999,Aeg Petroleum,US-70 & SR-467,Portales,NM,593,3.686,34.179915,-103.336311,city_centroid
73000,TXB,FM-2147,Horseshoe Bay,TX,665,2.929,30.578056,-98.2725,city_centroid
73003,GAS PRO TRAVEL CENTER,US-25 & SR-88,Hephzibah,GA,135,3.599,33.343328,-82.088689,city_centroid
73005,NOBLE,US-20,Sturbridge,MA,215,3.999,42.112619,-72.084233,city_centroid
73007,VALERO,"I-85, EXIT 28 & SR-100",Hogansville,GA,50,3.666,33.164382,-84.930856,city_centroid
73008,MUSTANG XPRESS,US-183 & FM-1327,Austin,TX,595,3.332,30.505972,-97.747187,city_centroid
73009,THRIFT BULL TRUCK STOP,SR-103,San Augustine,TX,618,3.499,31.515173,-94.132581,city_centroid
73012,FUELPORT # 1,FM-143,San Antonio,TX,740,3.049,29.644226,-98.312774,city_centroid
73013,247 TRUCK STOP,I-40 EXIT 247,Widener,AR,435,2.999,35.059167,-90.629313,city_centroid
73014,CIRCLE K #2726298,SR 33 & SR 50,Mascotte,FL,140,3.539,28.578056,-81.886944,city_centroid
73015,76,US 40,Franklinville,NJ,150,3.169,39.615557,-75.04088,city_centroid
73016,PARKERS #112,SR 67,Statesboro,GA,195,3.199,32.440841,-81.773956,city_centroid
73017,U Stop #36,US 136 & SR 50,Tecumseh,NE,413,3.399,40.369702,-96.204951,city_centroid
73018,Smart Stop Travel Center,US 271 & SR 37,Bogata,TX,723,3.199,33.469862,-95.193725,city_centroid
73021,Circle K #2746245,I 35W EXIT 6,Minneapolis,MN,448,3.599,44.983473,-93.268251,city_centroid
73025,151 TRAVEL CENTER,SR 34 & N Central Rd,Darlington,SC,46,3.299,34.300294,-79.873221,city_centroid
73026,Gas N Wash,SR-171,Lemont,IL,290,3.299,41.695076,-88.023558,city_centroid
73028,PETRO HENDERSON #968,"I-11, EXIT 15A",Henderson,NV,910,3.639,35.992678,-114.951684,city_centroid
73029,One9 #1417,I-35 Exit 323,Lorena,TX,765,2.902,31.409271,-97.230161,city_centroid
73030,SPEED TREK TRAVEL CENTER,I-90 EXIT 25,Belvidere,IL,520,3.699,42.259465,-88.850943,city_centroid
73031,Travel Refresh,US 59,Corrigan,TX,618,2.949,31.000657,-94.7959,city_centroid
73032,Parkers #110,SR 56,Augusta,GA,135,3.192,33.460084,-81.972959,city_centroid
73033,QUARLES #54242,SR-152,Pampa,TX,585,3.499,35.538043,-100.957885,city_centroid
73035,QUIKTRIP #7909,US-10,El Paso,TX,640,2.849,31.758411,-106.478311,city_centroid
73036,Maverik Country Store #741,US-80,Rock Springs,WY,827,3.307,41.605957,-109.230047,city_centroid
73037,TA EXPRESS #567,"I-20, EXIT 81 & SR-149",Ruston,LA,745,3.114,32.530823,-92.643927,city_centroid
73039,Spinx  #292,"I-26, EXIT 10",Inman,SC,210,3.166,35.052795,-82.054013,city_centroid
73040,TAILGATE #3,SR 21,Bryan,TX,670,3.599,30.632698,-96.36616,city_centroid
73041,Racetrac #182,US- 19,Hampton,GA,67,2.999,33.412398,-84.294744,city_centroid
73042,MAVERIK #728,Hwy 483,Lovington,NM,593,3.094,32.951166,-103.348849,city_centroid
73043,MAVERIK #740,"I-25, EXIT 347",Las Vegas,NM,580,3.162,35.594862,-105.227162,city_centroid
73044,Maverik #732,"US 20, EXIT 310",Idaho Falls,ID,825,3.394,43.517679,-111.990626,city_centroid
73045,MAVERIK #717,US-395,Spokane,WA,970,3.979,47.666485,-117.436527,city_centroid
73046,Refuel #63,US 501 & SR 544,Conway,SC,46,3.134,33.873066,-79.055712,city_centroid
73047,RACETRAC #2642,"I-70, EXIT 77",Indianapolis,IN,375,3.259,39.775006,-86.109348,city_centroid
73048,ALLSUPS CONVENIENCE STORE #2473,US-287,Bowie,TX,630,2.899,33.556796,-97.837337,city_centroid
73051,CIRCLE K #2709540,"I-10, EXIT 10 & SR-90",Sierra Vista,AZ,980,3.629,31.536467,-110.266565,city_centroid
73052,Circle K #2701875,US-78 E,Grovetown,GA,135,3.499,33.476622,-82.240937,city_centroid
73053,Circle K #2746108,"I-90/US-212, EXIT 447",Billings,MT,780,3.579,45.774489,-108.500452,city_centroid
73055,CIRCLE K #4707124,SR-3,Liberty,ME,203,4.099,44.374085,-69.33058,city_centroid
73056,CIRCLE K #2723033,"I-295, EXIT 21A & I-95",Fayetteville,NC,205,3.279,35.05099,-78.842255,city_centroid
73057,CIRCLE K #2703586,US-550 & SR-516,Flora Vista,NM,580,3.719,36.802771,-108.082683,city_centroid
73058,CIRCLE K #4707605,SR-365/SR-69/SR-49 & SR-26,Rome,NY,235,3.999,43.219349,-75.449758,city_centroid
73059,CIRCLE K #4705626,"I-77/US-62, EXIT 105 & SR-172",Canton,OH,249,3.459,40.7962,-81.3768,city_centroid
73061,Circle K #2709045,"US-62 & SR-375, EXIT 39",El Paso,TX,640,3.202,31.758411,-106.478311,city_centroid
73062,CIRCLE K #2741849,SR-358 & SR-286,Corpus Christi,TX,625,3.124,27.794086,-97.402994,city_centroid
73063,HOLIDAY STATIONSTORE #2746223,"I-35, EXIT 135 & US-61",Andover,MN,448,3.499,45.25068,-93.284531,city_centroid
73064,7-ELEVEN #42315,"I-85, Exit 88",Lexington,NC,765,3.399,35.82306,-80.262049,city_centroid
73065,RACETRAC #2631,"I-75, EXIT 285 & US-41/SR-3",Emerson,GA,193,2.887,34.119969,-84.757045,city_centroid
73066,QUIKTRIP #1499,I-10 EXIT 267,Tucson,AZ,980,3.062,32.213873,-110.969445,city_centroid
73067,J STARR,I-29 EXIT 8,Hankinson,ND,341,3.499,46.055797,-96.899069,city_centroid
73068,MAVERIK #5369,SR 21,Colorado Springs,CO,796,3.499,38.8335,-104.8206,city_centroid
73071,7-Eleven #42340,SR-340/SR-6,Woodway,TX,765,2.932,31.505074,-97.231062,city_centroid
73072,QUIKTRIP #7204,"I-57, EXIT 337 & SR-50",University Park,IL,365,3.079,41.4400344,-87.683377,manual
73073,QUIKTRIP #7075,"I-16/SR-404, EXIT 51 & US-441",Dublin,GA,85,2.999,32.547794,-82.90368,city_centroid
73074,RACETRAC #2641,HWY 59 & FM 989,Texarkana,TX,723,2.857,33.407371,-94.118245,city_centroid
73075,ALLSUPS CONVENIENCE STORE #2470,SR 18,Eunice,NM,710,3.099,32.439225,-103.159407,city_centroid
73076,MAVERIK #5148,US 40,Kremmling,CO,800,3.679,40.063224,-106.395472,city_centroid
73078,Shelee's Travel Center,"I-10, Exit 146",Coachella,CA,900,3.949,33.674965,-116.177231,city_centroid
73079,PILOT #1433,I-10 EXIT 160,Chandler,AZ,930,3.499,33.330091,-111.863156,city_centroid
73080,Circle K #2707255,"I-75, Exit 60",Tifton,GA,10,3.062,31.450278,-83.508611,city_centroid
73081,ALLSUPS #2476,I-40 EXIT 38 & SR 6,Elk City,OK,483,2.931,35.410359,-99.421086,city_centroid
73082,KWIK STAR #1153,US 71,Milford,IA,433,3.324,43.31964,-95.161534,city_centroid
73083,Kwik Star #1213,I-380 EXIT 2,North Liberty,IA,380,3.159,41.744318,-91.60612,city_centroid
73084,Kwik Trip #747,I-94 ALT & US-12,Baldwin,WI,448,3.499,44.9657,-92.365498,city_centroid
73085,Loves Travel Stop #550,I-75 EXIT 13,Valdosta,GA,982,3.222,30.810578,-83.277166,city_centroid
73088,Pilot Travel Center #1390,I-16 Exit  143,Ellabell,GA,135,3.286,32.127304,-81.498302,city_centroid
73090,Quiktrip #1148,I-26 EXIT 53,Flat Rock,NC,210,2.849,35.288993,-82.391568,city_centroid
73092,QUIKTRIP #4042,I-10,Converse,TX,740,2.946,29.517331,-98.321673,city_centroid
73093,GAS N WASH,I-355 EXIT 7,Lockport,IL,365,3.399,41.613481,-88.025581,city_centroid
73094,MARATHON,US-24,Taylor,MI,325,3.499,42.231738,-83.267269,city_centroid
73095,Quiktrip #7250,US 49,Richland,MS,760,2.916,32.215224,-90.156231,city_centroid
73096,KWIK TRIP #748,US 8,Barron,WI,295,3.647,45.400535,-91.84996,city_centroid
73098,KWIK TRIP #1269,SR 27,Cadott,WI,448,3.401,44.963014,-91.169884,city_centroid
73099,Kwik Star #1296,SR 115,Harrisburg,SD,448,2.939,43.446021,-96.686389,city_centroid
73100,MAVERIK #747,I-215 Exit 21,Salt Lake City,UT,835,3.392,40.755851,-111.896657,city_centroid
73101,7-ELEVEN 42279,"I-76, Exit 39",Keenesburg,CO,800,3.149,40.095847,-104.446366,city_centroid
73103,RaceTrac #2654,I-20 EXIT 130,Greensboro,GA,16,3.399,33.563682,-83.170192,city_centroid
73106,ALLSUPS CONVENIENCE STORE #2472,US-75,Atoka,OK,253,2.967,34.34451,-96.141827,city_centroid
73112,SHEETZ #831,I-26 EXIT 44 & US 25,Hendersonville,NC,210,2.859,35.319213,-82.499995,city_centroid
73114,ROAD RANGER #319,"I-35E, EXIT 381",Milford,TX,630,3.031,32.148198,-96.96115,city_centroid
73117,MAVERIK #722,"I-29, EXIT 304",Baker City,OR,925,3.459,44.780102,-117.828631,city_centroid
73118,ALLSUPS #2432,US 287 & SR 34,Ennis,TX,630,2.929,32.332102,-96.622363,city_centroid
73119,Stinker #122,I-84 EXIT 36,Nampa,ID,785,3.402,43.58342,-116.584818,city_centroid
73120,Kwik Star #1184,US 61,Dubuque,IA,335,3.489,42.514977,-90.681914,city_centroid
73125,KWIK TRIP #1283,SR 83 & W CAPITOL DR,Hartland,WI,444,3.749,43.117153,-88.344572,city_centroid
73126,Kwik Trip #1298,US 10,Mondovi,WI,295,3.349,44.609853,-91.669576,city_centroid
73127,Gas N Wash,"I-55, EXIT 285",Chicago,IL,290,3.399,41.885847,-87.618123,city_centroid
73128,ALLSUPS CONVENIENCE STORE #2477,HWY 69 & 11th st,Kiowa,OK,253,2.957,34.727755,-95.932836,city_centroid
73129,SHEETZ #837,I-94,Romulus,MI,325,3.099,42.220304,-83.358288,city_centroid
73130,A One Stop,"I-45, EXIT 246",Ennis,TX,630,2.936,32.332102,-96.622363,city_centroid
73131,Sheetz #838,"I-85, Exit 71",Salisbury,NC,46,2.859,35.651498,-80.488945,city_centroid
